synthetic_person_id,district,district_code,urban_rural,age,gender,marital_status,relationship_to_head,household_size,household_type,literacy_status,education_level,labour_force_status,employment_status,individual_income,consumption_expenditure,social_group,base_weight,raw_calibration_weight,calibration_weight,normalized_weight,population_weight,synthetic_household_id,policy_id,policy_version,run_id,person_id,household_id,is_eligible,is_excluded,eligibility_status,eligibility_reason_codes,passed_rule_ids,failed_rule_ids,is_selected_beneficiary,selection_status,benefit_amount,annualized_benefit_amount,estimated_policy_cost
TN-SYN-P-000000001,Dindigul,11,Rural,62,Male,2,1,3,Self-employed in agriculture,Literate,Primary,Employed,Employed,0.0,15305.0,Other Backward Class,1.0,1.05388257177,1.0533687701,1.0533687701,1.0533687701,TN-HH-00000001,tn_elderly_pension_001,1.0,POLICY-RUN-8C351476BB,TN-SYN-P-000000001,TN-HH-00000001,True,False,ELIGIBLE_ALL_RULES_PASSED,ELIGIBLE_ALL_RULES_PASSED,R_AGE;R_INCOME,,True,SELECTED,180000.0,2160000.0,2275276.54
TN-SYN-P-000000005,Ariyalur,15,Rural,68,Male,2,1,4,Self-employed in agriculture,Literate,Below Primary,Employed,Employed,0.0,10638.0,Other Backward Class,1.0,1.05388257177,1.0533687701,1.0533687701,1.0533687701,TN-HH-00000005,tn_elderly_pension_001,1.0,POLICY-RUN-8C351476BB,TN-SYN-P-000000005,TN-HH-00000005,True,False,ELIGIBLE_ALL_RULES_PASSED,ELIGIBLE_ALL_RULES_PASSED,R_AGE;R_INCOME,,True,SELECTED,180000.0,2160000.0,2275276.54
TN-SYN-P-000000012,Sivaganga,21,Rural,86,Male,2,1,2,Others,Illiterate,Not literate,Not in labour force,Not in labour force,0.0,5610.0,Other Backward Class,1.0,1.05388257177,1.0533687701,1.0533687701,1.0533687701,TN-HH-00000012,tn_elderly_pension_001,1.0,POLICY-RUN-8C351476BB,TN-SYN-P-000000012,TN-HH-00000012,True,False,ELIGIBLE_ALL_RULES_PASSED,ELIGIBLE_ALL_RULES_PASSED,R_AGE;R_INCOME,,True,SELECTED,180000.0,2160000.0,2275276.54
TN-SYN-P-000000015,Kallakurichi,34,Rural,67,Female,2,2,2,Casual labour in non-agriculture,Literate,Below Primary,Not in labour force,Not in labour force,0.0,5667.0,Other Backward Class,1.0,1.05622434506,1.05570913428,1.05570913428,1.05570913428,TN-HH-00000015,tn_elderly_pension_001,1.0,POLICY-RUN-8C351476BB,TN-SYN-P-000000015,TN-HH-00000015,True,False,ELIGIBLE_ALL_RULES_PASSED,ELIGIBLE_ALL_RULES_PASSED,R_AGE;R_INCOME,,True,SELECTED,180000.0,2160000.0,2280331.73
TN-SYN-P-000000019,Tiruchirappalli,13,Urban,64,Male,2,1,7,Self-employed in non-agriculture,Literate,Middle,Employed,Employed,0.0,22917.0,Other Backward Class,1.0,1.0201184824,1.01962499739,1.01962499739,1.01962499739,TN-HH-00000019,tn_elderly_pension_001,1.0,POLICY-RUN-8C351476BB,TN-SYN-P-000000019,TN-HH-00000019,True,False,ELIGIBLE_ALL_RULES_PASSED,ELIGIBLE_ALL_RULES_PASSED,R_AGE;R_INCOME,,True,SELECTED,180000.0,2160000.0,2202389.99
TN-SYN-P-000000020,Cuddalore,16,Rural,63,Male,3,1,2,Others,Literate,Middle,Not in labour force,Not in labour force,0.0,7275.0,Other Backward Class,1.0,1.05388257177,1.0533687701,1.0533687701,1.0533687701,TN-HH-00000020,tn_elderly_pension_001,1.0,POLICY-RUN-8C351476BB,TN-SYN-P-000000020,TN-HH-00000020,True,False,ELIGIBLE_ALL_RULES_PASSED,ELIGIBLE_ALL_RULES_PASSED,R_AGE;R_INCOME,,True,SELECTED,180000.0,2160000.0,2275276.54
TN-SYN-P-000000026,Sivaganga,21,Urban,72,Female,3,1,1,Others,Literate,Below Primary,Not in labour force,Not in labour force,0.0,3275.0,Other Backward Class,1.0,1.0223852304,1.02189038143,1.02189038143,1.02189038143,TN-HH-00000026,tn_elderly_pension_001,1.0,POLICY-RUN-8C351476BB,TN-SYN-P-000000026,TN-HH-00000026,True,False,ELIGIBLE_ALL_RULES_PASSED,ELIGIBLE_ALL_RULES_PASSED,R_AGE;R_INCOME,,True,SELECTED,180000.0,2160000.0,2207283.22
TN-SYN-P-000000029,Tenkasi,33,Rural,79,Male,2,1,2,Others,Literate,Secondary,Not in labour force,Not in labour force,0.0,25680.0,Other Backward Class,1.0,1.05388257177,1.0533687701,1.0533687701,1.0533687701,TN-HH-00000029,tn_elderly_pension_001,1.0,POLICY-RUN-8C351476BB,TN-SYN-P-000000029,TN-HH-00000029,True,False,ELIGIBLE_ALL_RULES_PASSED,ELIGIBLE_ALL_RULES_PASSED,R_AGE;R_INCOME,,True,SELECTED,180000.0,2160000.0,2275276.54
TN-SYN-P-000000031,Ranipet,35,Urban,69,Male,2,1,3,Self-employed in non-agriculture,Literate,Diploma/Certificate,Employed,Employed,0.0,8388.0,Other Backward Class,1.0,1.0201184824,1.01962499739,1.01962499739,1.01962499739,TN-HH-00000031,tn_elderly_pension_001,1.0,POLICY-RUN-8C351476BB,TN-SYN-P-000000031,TN-HH-00000031,True,False,ELIGIBLE_ALL_RULES_PASSED,ELIGIBLE_ALL_RULES_PASSED,R_AGE;R_INCOME,,True,SELECTED,180000.0,2160000.0,2202389.99
TN-SYN-P-000000033,Kanniyakumari,28,Urban,75,Male,2,1,6,Regular wage/salary earning,Literate,Middle,Not in labour force,Not in labour force,0.0,13585.0,Other Backward Class,1.0,1.0201184824,1.01962499739,1.01962499739,1.01962499739,TN-HH-00000033,tn_elderly_pension_001,1.0,POLICY-RUN-8C351476BB,TN-SYN-P-000000033,TN-HH-00000033,True,False,ELIGIBLE_ALL_RULES_PASSED,ELIGIBLE_ALL_RULES_PASSED,R_AGE;R_INCOME,,True,SELECTED,180000.0,2160000.0,2202389.99
TN-SYN-P-000000034,Dindigul,11,Rural,72,Male,2,1,2,Others,Illiterate,Not literate,Not in labour force,Not in labour force,0.0,2846.0,Scheduled Caste,1.0,0.88013039559,0.879721144774,0.879721144774,0.879721144774,TN-HH-00000034,tn_elderly_pension_001,1.0,POLICY-RUN-8C351476BB,TN-SYN-P-000000034,TN-HH-00000034,True,False,ELIGIBLE_ALL_RULES_PASSED,ELIGIBLE_ALL_RULES_PASSED,R_AGE;R_INCOME,,True,SELECTED,180000.0,2160000.0,1900197.67
TN-SYN-P-000000047,Virudhunagar,24,Urban,64,Male,2,1,5,Self-employed in agriculture,Literate,Middle,Employed,Employed,0.0,17297.0,Other Backward Class,1.0,1.0201184824,1.01962499739,1.01962499739,1.01962499739,TN-HH-00000047,tn_elderly_pension_001,1.0,POLICY-RUN-8C351476BB,TN-SYN-P-000000047,TN-HH-00000047,True,False,ELIGIBLE_ALL_RULES_PASSED,ELIGIBLE_ALL_RULES_PASSED,R_AGE;R_INCOME,,True,SELECTED,180000.0,2160000.0,2202389.99
TN-SYN-P-000000054,Coimbatore,31,Urban,60,Male,2,1,2,Self-employed in non-agriculture,Literate,Primary,Employed,Employed,0.0,4288.0,Scheduled Caste,1.0,0.851932945387,0.851540661655,0.851540661655,0.851540661655,TN-HH-00000054,tn_elderly_pension_001,1.0,POLICY-RUN-8C351476BB,TN-SYN-P-000000054,TN-HH-00000054,True,False,ELIGIBLE_ALL_RULES_PASSED,ELIGIBLE_ALL_RULES_PASSED,R_AGE;R_INCOME,,True,SELECTED,180000.0,2160000.0,1839327.83
TN-SYN-P-000000071,Thiruvarur,18,Rural,60,Female,3,3,2,Others,Literate,Middle,Not in labour force,Not in labour force,0.0,8347.0,Other Backward Class,1.0,1.05622434506,1.05570913428,1.05570913428,1.05570913428,TN-HH-00000071,tn_elderly_pension_001,1.0,POLICY-RUN-8C351476BB,TN-SYN-P-000000071,TN-HH-00000071,True,False,ELIGIBLE_ALL_RULES_PASSED,ELIGIBLE_ALL_RULES_PASSED,R_AGE;R_INCOME,,True,SELECTED,180000.0,2160000.0,2280331.73
TN-SYN-P-000000074,Tiruvannamalai,05,Rural,60,Male,2,1,3,Casual labour in non-agriculture,Illiterate,Not literate,Not in labour force,Not in labour force,0.0,4644.0,Other Backward Class,1.0,1.05388257177,1.0533687701,1.0533687701,1.0533687701,TN-HH-00000074,tn_elderly_pension_001,1.0,POLICY-RUN-8C351476BB,TN-SYN-P-000000074,TN-HH-00000074,True,False,ELIGIBLE_ALL_RULES_PASSED,ELIGIBLE_ALL_RULES_PASSED,R_AGE;R_INCOME,,True,SELECTED,180000.0,2160000.0,2275276.54
TN-SYN-P-000000081,Dharmapuri,29,Rural,70,Male,2,1,2,Self-employed in agriculture,Literate,Primary,Employed,Employed,0.0,7194.0,Other Backward Class,1.0,1.05388257177,1.0533687701,1.0533687701,1.0533687701,TN-HH-00000081,tn_elderly_pension_001,1.0,POLICY-RUN-8C351476BB,TN-SYN-P-000000081,TN-HH-00000081,True,False,ELIGIBLE_ALL_RULES_PASSED,ELIGIBLE_ALL_RULES_PASSED,R_AGE;R_INCOME,,True,SELECTED,180000.0,2160000.0,2275276.54
TN-SYN-P-000000094,Tiruvannamalai,05,Urban,67,Female,2,2,6,Self-employed in agriculture,Literate,Middle,Employed,Employed,0.0,16129.0,Other Backward Class,1.0,1.0223852304,1.02189038143,1.02189038143,1.02189038143,TN-HH-00000094,tn_elderly_pension_001,1.0,POLICY-RUN-8C351476BB,TN-SYN-P-000000094,TN-HH-00000094,True,False,ELIGIBLE_ALL_RULES_PASSED,ELIGIBLE_ALL_RULES_PASSED,R_AGE;R_INCOME,,True,SELECTED,180000.0,2160000.0,2207283.22
TN-SYN-P-000000109,Thiruvarur,18,Rural,86,Male,2,1,2,Self-employed in agriculture,Illiterate,Not literate,Employed,Employed,0.0,7710.0,Other Backward Class,1.0,1.05388257177,1.0533687701,1.0533687701,1.0533687701,TN-HH-00000109,tn_elderly_pension_001,1.0,POLICY-RUN-8C351476BB,TN-SYN-P-000000109,TN-HH-00000109,True,False,ELIGIBLE_ALL_RULES_PASSED,ELIGIBLE_ALL_RULES_PASSED,R_AGE;R_INCOME,,True,SELECTED,180000.0,2160000.0,2275276.54
TN-SYN-P-000000119,Virudhunagar,24,Rural,72,Male,2,1,2,Casual labour in non-agriculture,Illiterate,Not literate,Employed,Employed,0.0,5503.0,Other Backward Class,1.0,1.05388257177,1.0533687701,1.0533687701,1.0533687701,TN-HH-00000119,tn_elderly_pension_001,1.0,POLICY-RUN-8C351476BB,TN-SYN-P-000000119,TN-HH-00000119,True,False,ELIGIBLE_ALL_RULES_PASSED,ELIGIBLE_ALL_RULES_PASSED,R_AGE;R_INCOME,,True,SELECTED,180000.0,2160000.0,2275276.54
TN-SYN-P-000000121,Erode,09,Rural,62,Female,2,7,5,Self-employed in agriculture,Illiterate,Not literate,Not in labour force,Not in labour force,0.0,17117.0,Other Backward Class,1.0,1.05622434506,1.05570913428,1.05570913428,1.05570913428,TN-HH-00000121,tn_elderly_pension_001,1.0,POLICY-RUN-8C351476BB,TN-SYN-P-000000121,TN-HH-00000121,True,False,ELIGIBLE_ALL_RULES_PASSED,ELIGIBLE_ALL_RULES_PASSED,R_AGE;R_INCOME,,True,SELECTED,180000.0,2160000.0,2280331.73
TN-SYN-P-000000127,Salem,07,Urban,70,Female,3,1,2,Self-employed in non-agriculture,Illiterate,Not literate,Not in labour force,Not in labour force,0.0,6288.0,Other Backward Class,1.0,1.0223852304,1.02189038143,1.02189038143,1.02189038143,TN-HH-00000127,tn_elderly_pension_001,1.0,POLICY-RUN-8C351476BB,TN-SYN-P-000000127,TN-HH-00000127,True,False,ELIGIBLE_ALL_RULES_PASSED,ELIGIBLE_ALL_RULES_PASSED,R_AGE;R_INCOME,,True,SELECTED,180000.0,2160000.0,2207283.22
TN-SYN-P-000000139,Thiruvallur,01,Urban,60,Female,2,2,2,Others,Literate,Primary,Not in labour force,Not in labour force,0.0,10430.0,Other Backward Class,1.0,1.0223852304,1.02189038143,1.02189038143,1.02189038143,TN-HH-00000139,tn_elderly_pension_001,1.0,POLICY-RUN-8C351476BB,TN-SYN-P-000000139,TN-HH-00000139,True,False,ELIGIBLE_ALL_RULES_PASSED,ELIGIBLE_ALL_RULES_PASSED,R_AGE;R_INCOME,,True,SELECTED,180000.0,2160000.0,2207283.22
TN-SYN-P-000000140,Dindigul,11,Rural,63,Female,3,1,1,Casual labour in non-agriculture,Illiterate,Not literate,Employed,Employed,0.0,5288.0,Scheduled Caste,1.0,0.88208608392,0.881675656319,0.881675656319,0.881675656319,TN-HH-00000140,tn_elderly_pension_001,1.0,POLICY-RUN-8C351476BB,TN-SYN-P-000000140,TN-HH-00000140,True,False,ELIGIBLE_ALL_RULES_PASSED,ELIGIBLE_ALL_RULES_PASSED,R_AGE;R_INCOME,,True,SELECTED,180000.0,2160000.0,1904419.42
TN-SYN-P-000000150,Viluppuram,06,Rural,65,Female,2,2,3,Casual labour in agriculture,Illiterate,Not literate,Employed,Employed,0.0,10308.0,Other Backward Class,1.0,1.05622434506,1.05570913428,1.05570913428,1.05570913428,TN-HH-00000150,tn_elderly_pension_001,1.0,POLICY-RUN-8C351476BB,TN-SYN-P-000000150,TN-HH-00000150,True,False,ELIGIBLE_ALL_RULES_PASSED,ELIGIBLE_ALL_RULES_PASSED,R_AGE;R_INCOME,,True,SELECTED,180000.0,2160000.0,2280331.73
TN-SYN-P-000000152,Chennai,02,Urban,69,Male,2,1,2,Others,Literate,Diploma/Certificate,Not in labour force,Not in labour force,0.0,19053.0,Other Backward Class,1.0,1.0201184824,1.01962499739,1.01962499739,1.01962499739,TN-HH-00000152,tn_elderly_pension_001,1.0,POLICY-RUN-8C351476BB,TN-SYN-P-000000152,TN-HH-00000152,True,False,ELIGIBLE_ALL_RULES_PASSED,ELIGIBLE_ALL_RULES_PASSED,R_AGE;R_INCOME,,True,SELECTED,180000.0,2160000.0,2202389.99
TN-SYN-P-000000155,Sivaganga,21,Rural,65,Male,4,7,4,Casual labour in non-agriculture,Illiterate,Not literate,Not in labour force,Not in labour force,0.0,10300.0,Scheduled Caste,1.0,0.88013039559,0.879721144774,0.879721144774,0.879721144774,TN-HH-00000155,tn_elderly_pension_001,1.0,POLICY-RUN-8C351476BB,TN-SYN-P-000000155,TN-HH-00000155,True,False,ELIGIBLE_ALL_RULES_PASSED,ELIGIBLE_ALL_RULES_PASSED,R_AGE;R_INCOME,,True,SELECTED,180000.0,2160000.0,1900197.67
TN-SYN-P-000000160,Tenkasi,33,Urban,70,Male,2,1,2,Regular wage/salary earning,Literate,Primary,Employed,Employed,0.0,9235.0,Scheduled Caste,1.0,0.851932945387,0.851540661655,0.851540661655,0.851540661655,TN-HH-00000160,tn_elderly_pension_001,1.0,POLICY-RUN-8C351476BB,TN-SYN-P-000000160,TN-HH-00000160,True,False,ELIGIBLE_ALL_RULES_PASSED,ELIGIBLE_ALL_RULES_PASSED,R_AGE;R_INCOME,,True,SELECTED,180000.0,2160000.0,1839327.83
TN-SYN-P-000000168,Kanniyakumari,28,Urban,64,Female,2,2,5,Self-employed in non-agriculture,Literate,Below Primary,Not in labour force,Not in labour force,0.0,14327.0,Other Backward Class,1.0,1.0223852304,1.02189038143,1.02189038143,1.02189038143,TN-HH-00000168,tn_elderly_pension_001,1.0,POLICY-RUN-8C351476BB,TN-SYN-P-000000168,TN-HH-00000168,True,False,ELIGIBLE_ALL_RULES_PASSED,ELIGIBLE_ALL_RULES_PASSED,R_AGE;R_INCOME,,True,SELECTED,180000.0,2160000.0,2207283.22
TN-SYN-P-000000169,Madurai,22,Rural,85,Male,2,1,4,Casual labour in non-agriculture,Illiterate,Not literate,Not in labour force,Not in labour force,0.0,6815.0,Other Backward Class,1.0,1.05388257177,1.0533687701,1.0533687701,1.0533687701,TN-HH-00000169,tn_elderly_pension_001,1.0,POLICY-RUN-8C351476BB,TN-SYN-P-000000169,TN-HH-00000169,True,False,ELIGIBLE_ALL_RULES_PASSED,ELIGIBLE_ALL_RULES_PASSED,R_AGE;R_INCOME,,True,SELECTED,180000.0,2160000.0,2275276.54
TN-SYN-P-000000173,Thiruvarur,18,Rural,68,Male,2,1,6,Regular wage/salary earning,Literate,Primary,Employed,Employed,6900.0,23328.0,Other Backward Class,1.0,1.05388257177,1.0533687701,1.0533687701,1.0533687701,TN-HH-00000173,tn_elderly_pension_001,1.0,POLICY-RUN-8C351476BB,TN-SYN-P-000000173,TN-HH-00000173,True,False,ELIGIBLE_ALL_RULES_PASSED,ELIGIBLE_ALL_RULES_PASSED,R_AGE;R_INCOME,,True,SELECTED,180000.0,2160000.0,2275276.54
TN-SYN-P-000000174,Chennai,02,Urban,62,Female,4,1,3,Self-employed in non-agriculture,Illiterate,Not literate,Not in labour force,Not in labour force,0.0,13970.0,Other Backward Class,1.0,1.0223852304,1.02189038143,1.02189038143,1.02189038143,TN-HH-00000174,tn_elderly_pension_001,1.0,POLICY-RUN-8C351476BB,TN-SYN-P-000000174,TN-HH-00000174,True,False,ELIGIBLE_ALL_RULES_PASSED,ELIGIBLE_ALL_RULES_PASSED,R_AGE;R_INCOME,,True,SELECTED,180000.0,2160000.0,2207283.22
TN-SYN-P-000000178,Coimbatore,31,Urban,60,Female,3,1,4,Self-employed in non-agriculture,Illiterate,Not literate,Not in labour force,Not in labour force,0.0,10643.0,Scheduled Caste,1.0,0.853825977746,0.853432554931,0.853432554931,0.853432554931,TN-HH-00000178,tn_elderly_pension_001,1.0,POLICY-RUN-8C351476BB,TN-SYN-P-000000178,TN-HH-00000178,True,False,ELIGIBLE_ALL_RULES_PASSED,ELIGIBLE_ALL_RULES_PASSED,R_AGE;R_INCOME,,True,SELECTED,180000.0,2160000.0,1843414.32
TN-SYN-P-000000180,Ramanathapuram,25,Rural,78,Male,2,1,2,Others,Illiterate,Not literate,Not in labour force,Not in labour force,0.0,8942.0,Other Backward Class,1.0,1.05388257177,1.0533687701,1.0533687701,1.0533687701,TN-HH-00000180,tn_elderly_pension_001,1.0,POLICY-RUN-8C351476BB,TN-SYN-P-000000180,TN-HH-00000180,True,False,ELIGIBLE_ALL_RULES_PASSED,ELIGIBLE_ALL_RULES_PASSED,R_AGE;R_INCOME,,True,SELECTED,180000.0,2160000.0,2275276.54
TN-SYN-P-000000183,Kanniyakumari,28,Urban,79,Male,2,1,2,Others,Literate,Primary,Not in labour force,Not in labour force,0.0,9767.0,Others,1.0,1.0201184824,1.01962499739,1.01962499739,1.01962499739,TN-HH-00000183,tn_elderly_pension_001,1.0,POLICY-RUN-8C351476BB,TN-SYN-P-000000183,TN-HH-00000183,True,False,ELIGIBLE_ALL_RULES_PASSED,ELIGIBLE_ALL_RULES_PASSED,R_AGE;R_INCOME,,True,SELECTED,180000.0,2160000.0,2202389.99
TN-SYN-P-000000186,Coimbatore,31,Urban,62,Male,3,7,3,Self-employed in non-agriculture,Literate,Below Primary,Not in labour force,Not in labour force,0.0,8552.0,Scheduled Caste,1.0,0.851932945387,0.851540661655,0.851540661655,0.851540661655,TN-HH-00000186,tn_elderly_pension_001,1.0,POLICY-RUN-8C351476BB,TN-SYN-P-000000186,TN-HH-00000186,True,False,ELIGIBLE_ALL_RULES_PASSED,ELIGIBLE_ALL_RULES_PASSED,R_AGE;R_INCOME,,True,SELECTED,180000.0,2160000.0,1839327.83
TN-SYN-P-000000188,Karur,12,Rural,61,Male,2,1,2,Casual labour in agriculture,Literate,Primary,Employed,Employed,0.0,7737.0,Other Backward Class,1.0,1.05388257177,1.0533687701,1.0533687701,1.0533687701,TN-HH-00000188,tn_elderly_pension_001,1.0,POLICY-RUN-8C351476BB,TN-SYN-P-000000188,TN-HH-00000188,True,False,ELIGIBLE_ALL_RULES_PASSED,ELIGIBLE_ALL_RULES_PASSED,R_AGE;R_INCOME,,True,SELECTED,180000.0,2160000.0,2275276.54
TN-SYN-P-000000193,Cuddalore,16,Urban,65,Male,2,1,4,Self-employed in agriculture,Illiterate,Not literate,Employed,Employed,0.0,15008.0,Other Backward Class,1.0,1.0201184824,1.01962499739,1.01962499739,1.01962499739,TN-HH-00000193,tn_elderly_pension_001,1.0,POLICY-RUN-8C351476BB,TN-SYN-P-000000193,TN-HH-00000193,True,False,ELIGIBLE_ALL_RULES_PASSED,ELIGIBLE_ALL_RULES_PASSED,R_AGE;R_INCOME,,True,SELECTED,180000.0,2160000.0,2202389.99
TN-SYN-P-000000205,Tenkasi,33,Rural,80,Male,2,1,5,Regular wage/salary earning,Literate,Secondary,Not in labour force,Not in labour force,0.0,15537.0,Other Backward Class,1.0,1.05388257177,1.0533687701,1.0533687701,1.0533687701,TN-HH-00000205,tn_elderly_pension_001,1.0,POLICY-RUN-8C351476BB,TN-SYN-P-000000205,TN-HH-00000205,True,False,ELIGIBLE_ALL_RULES_PASSED,ELIGIBLE_ALL_RULES_PASSED,R_AGE;R_INCOME,,True,SELECTED,180000.0,2160000.0,2275276.54
TN-SYN-P-000000214,Salem,07,Urban,66,Female,3,7,5,Self-employed in agriculture,Illiterate,Not literate,Not in labour force,Not in labour force,0.0,20204.0,Other Backward Class,1.0,1.0223852304,1.02189038143,1.02189038143,1.02189038143,TN-HH-00000214,tn_elderly_pension_001,1.0,POLICY-RUN-8C351476BB,TN-SYN-P-000000214,TN-HH-00000214,True,False,ELIGIBLE_ALL_RULES_PASSED,ELIGIBLE_ALL_RULES_PASSED,R_AGE;R_INCOME,,True,SELECTED,180000.0,2160000.0,2207283.22
TN-SYN-P-000000220,Sivaganga,21,Rural,68,Female,3,1,6,Others,Literate,Below Primary,Not in labour force,Not in labour force,0.0,19033.0,Other Backward Class,1.0,1.05622434506,1.05570913428,1.05570913428,1.05570913428,TN-HH-00000220,tn_elderly_pension_001,1.0,POLICY-RUN-8C351476BB,TN-SYN-P-000000220,TN-HH-00000220,True,False,ELIGIBLE_ALL_RULES_PASSED,ELIGIBLE_ALL_RULES_PASSED,R_AGE;R_INCOME,,True,SELECTED,180000.0,2160000.0,2280331.73
TN-SYN-P-000000236,Erode,09,Rural,68,Male,2,7,5,Self-employed in agriculture,Illiterate,Not literate,Not in labour force,Not in labour force,0.0,17117.0,Other Backward Class,1.0,1.05388257177,1.0533687701,1.0533687701,1.0533687701,TN-HH-00000236,tn_elderly_pension_001,1.0,POLICY-RUN-8C351476BB,TN-SYN-P-000000236,TN-HH-00000236,True,False,ELIGIBLE_ALL_RULES_PASSED,ELIGIBLE_ALL_RULES_PASSED,R_AGE;R_INCOME,,True,SELECTED,180000.0,2160000.0,2275276.54
TN-SYN-P-000000245,Theni,23,Urban,69,Male,2,1,2,Others,Literate,Diploma/Certificate,Not in labour force,Not in labour force,0.0,9096.0,Other Backward Class,1.0,1.0201184824,1.01962499739,1.01962499739,1.01962499739,TN-HH-00000245,tn_elderly_pension_001,1.0,POLICY-RUN-8C351476BB,TN-SYN-P-000000245,TN-HH-00000245,True,False,ELIGIBLE_ALL_RULES_PASSED,ELIGIBLE_ALL_RULES_PASSED,R_AGE;R_INCOME,,True,SELECTED,180000.0,2160000.0,2202389.99
TN-SYN-P-000000252,Salem,07,Urban,70,Male,2,1,6,Self-employed in agriculture,Literate,Secondary,Not in labour force,Not in labour force,0.0,19550.0,Scheduled Caste,1.0,0.851932945387,0.851540661655,0.851540661655,0.851540661655,TN-HH-00000252,tn_elderly_pension_001,1.0,POLICY-RUN-8C351476BB,TN-SYN-P-000000252,TN-HH-00000252,True,False,ELIGIBLE_ALL_RULES_PASSED,ELIGIBLE_ALL_RULES_PASSED,R_AGE;R_INCOME,,True,SELECTED,180000.0,2160000.0,1839327.83
TN-SYN-P-000000274,Chennai,02,Urban,65,Female,2,2,5,Self-employed in non-agriculture,Literate,Diploma/Certificate,Not in labour force,Not in labour force,0.0,40274.0,Other Backward Class,1.0,1.0223852304,1.02189038143,1.02189038143,1.02189038143,TN-HH-00000274,tn_elderly_pension_001,1.0,POLICY-RUN-8C351476BB,TN-SYN-P-000000274,TN-HH-00000274,True,False,ELIGIBLE_ALL_RULES_PASSED,ELIGIBLE_ALL_RULES_PASSED,R_AGE;R_INCOME,,True,SELECTED,180000.0,2160000.0,2207283.22
TN-SYN-P-000000284,Tiruvannamalai,05,Rural,70,Female,2,2,3,Self-employed in non-agriculture,Illiterate,Not literate,Not in labour force,Not in labour force,0.0,3475.0,Other Backward Class,1.0,1.05622434506,1.05570913428,1.05570913428,1.05570913428,TN-HH-00000284,tn_elderly_pension_001,1.0,POLICY-RUN-8C351476BB,TN-SYN-P-000000284,TN-HH-00000284,True,False,ELIGIBLE_ALL_RULES_PASSED,ELIGIBLE_ALL_RULES_PASSED,R_AGE;R_INCOME,,True,SELECTED,180000.0,2160000.0,2280331.73
TN-SYN-P-000000285,Ariyalur,15,Rural,60,Female,2,2,2,Self-employed in agriculture,Illiterate,Not literate,Employed,Employed,0.0,5470.0,Scheduled Caste,1.0,0.88208608392,0.881675656319,0.881675656319,0.881675656319,TN-HH-00000285,tn_elderly_pension_001,1.0,POLICY-RUN-8C351476BB,TN-SYN-P-000000285,TN-HH-00000285,True,False,ELIGIBLE_ALL_RULES_PASSED,ELIGIBLE_ALL_RULES_PASSED,R_AGE;R_INCOME,,True,SELECTED,180000.0,2160000.0,1904419.42
TN-SYN-P-000000290,Namakkal,08,Rural,75,Female,3,1,1,Others,Illiterate,Not literate,Not in labour force,Not in labour force,0.0,1492.0,Other Backward Class,1.0,1.05622434506,1.05570913428,1.05570913428,1.05570913428,TN-HH-00000290,tn_elderly_pension_001,1.0,POLICY-RUN-8C351476BB,TN-SYN-P-000000290,TN-HH-00000290,True,False,ELIGIBLE_ALL_RULES_PASSED,ELIGIBLE_ALL_RULES_PASSED,R_AGE;R_INCOME,,True,SELECTED,180000.0,2160000.0,2280331.73
TN-SYN-P-000000296,Kallakurichi,34,Rural,60,Male,2,1,2,Self-employed in non-agriculture,Literate,Secondary,Employed,Employed,0.0,7183.0,Other Backward Class,1.0,1.05388257177,1.0533687701,1.0533687701,1.0533687701,TN-HH-00000296,tn_elderly_pension_001,1.0,POLICY-RUN-8C351476BB,TN-SYN-P-000000296,TN-HH-00000296,True,False,ELIGIBLE_ALL_RULES_PASSED,ELIGIBLE_ALL_RULES_PASSED,R_AGE;R_INCOME,,True,SELECTED,180000.0,2160000.0,2275276.54
TN-SYN-P-000000303,Dindigul,11,Rural,69,Female,2,2,2,Others,Illiterate,Not literate,Not in labour force,Not in labour force,0.0,5257.0,Scheduled Caste,1.0,0.88208608392,0.881675656319,0.881675656319,0.881675656319,TN-HH-00000303,tn_elderly_pension_001,1.0,POLICY-RUN-8C351476BB,TN-SYN-P-000000303,TN-HH-00000303,True,False,ELIGIBLE_ALL_RULES_PASSED,ELIGIBLE_ALL_RULES_PASSED,R_AGE;R_INCOME,,True,SELECTED,180000.0,2160000.0,1904419.42
TN-SYN-P-000000305,Tiruchirappalli,13,Urban,60,Female,3,1,4,Self-employed in non-agriculture,Illiterate,Not literate,Employed,Employed,8500.0,7645.0,Other Backward Class,1.0,1.0223852304,1.02189038143,1.02189038143,1.02189038143,TN-HH-00000305,tn_elderly_pension_001,1.0,POLICY-RUN-8C351476BB,TN-SYN-P-000000305,TN-HH-00000305,True,False,ELIGIBLE_ALL_RULES_PASSED,ELIGIBLE_ALL_RULES_PASSED,R_AGE;R_INCOME,,True,SELECTED,180000.0,2160000.0,2207283.22
TN-SYN-P-000000308,Kancheepuram,03,Urban,65,Male,2,1,3,Self-employed in agriculture,Literate,Primary,Employed,Employed,0.0,8492.0,Scheduled Caste,1.0,0.851932945387,0.851540661655,0.851540661655,0.851540661655,TN-HH-00000308,tn_elderly_pension_001,1.0,POLICY-RUN-8C351476BB,TN-SYN-P-000000308,TN-HH-00000308,True,False,ELIGIBLE_ALL_RULES_PASSED,ELIGIBLE_ALL_RULES_PASSED,R_AGE;R_INCOME,,True,SELECTED,180000.0,2160000.0,1839327.83
TN-SYN-P-000000311,Tenkasi,33,Urban,64,Male,2,1,4,Self-employed in non-agriculture,Literate,Middle,Not in labour force,Not in labour force,0.0,15260.0,Other Backward Class,1.0,1.0201184824,1.01962499739,1.01962499739,1.01962499739,TN-HH-00000311,tn_elderly_pension_001,1.0,POLICY-RUN-8C351476BB,TN-SYN-P-000000311,TN-HH-00000311,True,False,ELIGIBLE_ALL_RULES_PASSED,ELIGIBLE_ALL_RULES_PASSED,R_AGE;R_INCOME,,True,SELECTED,180000.0,2160000.0,2202389.99
TN-SYN-P-000000312,Thoothukudi,26,Rural,63,Male,2,1,2,Others,Literate,Middle,Not in labour force,Not in labour force,0.0,9242.0,Scheduled Caste,1.0,0.88013039559,0.879721144774,0.879721144774,0.879721144774,TN-HH-00000312,tn_elderly_pension_001,1.0,POLICY-RUN-8C351476BB,TN-SYN-P-000000312,TN-HH-00000312,True,False,ELIGIBLE_ALL_RULES_PASSED,ELIGIBLE_ALL_RULES_PASSED,R_AGE;R_INCOME,,True,SELECTED,180000.0,2160000.0,1900197.67
TN-SYN-P-000000321,Cuddalore,16,Rural,63,Male,3,1,2,Others,Literate,Middle,Not in labour force,Not in labour force,0.0,7275.0,Other Backward Class,1.0,1.05388257177,1.0533687701,1.0533687701,1.0533687701,TN-HH-00000321,tn_elderly_pension_001,1.0,POLICY-RUN-8C351476BB,TN-SYN-P-000000321,TN-HH-00000321,True,False,ELIGIBLE_ALL_RULES_PASSED,ELIGIBLE_ALL_RULES_PASSED,R_AGE;R_INCOME,,True,SELECTED,180000.0,2160000.0,2275276.54
TN-SYN-P-000000326,Sivaganga,21,Rural,61,Female,2,7,7,Casual labour in non-agriculture,Illiterate,Not literate,Employed,Employed,0.0,10013.0,Other Backward Class,1.0,1.05622434506,1.05570913428,1.05570913428,1.05570913428,TN-HH-00000326,tn_elderly_pension_001,1.0,POLICY-RUN-8C351476BB,TN-SYN-P-000000326,TN-HH-00000326,True,False,ELIGIBLE_ALL_RULES_PASSED,ELIGIBLE_ALL_RULES_PASSED,R_AGE;R_INCOME,,True,SELECTED,180000.0,2160000.0,2280331.73
TN-SYN-P-000000330,Theni,23,Rural,60,Female,2,2,3,Regular wage/salary earning,Illiterate,Not literate,Employed,Employed,0.0,7742.0,Scheduled Caste,1.0,0.88208608392,0.881675656319,0.881675656319,0.881675656319,TN-HH-00000330,tn_elderly_pension_001,1.0,POLICY-RUN-8C351476BB,TN-SYN-P-000000330,TN-HH-00000330,True,False,ELIGIBLE_ALL_RULES_PASSED,ELIGIBLE_ALL_RULES_PASSED,R_AGE;R_INCOME,,True,SELECTED,180000.0,2160000.0,1904419.42
TN-SYN-P-000000331,Krishnagiri,30,Rural,63,Female,3,1,1,Self-employed in non-agriculture,Literate,Middle,Employed,Employed,0.0,3821.0,Other Backward Class,1.0,1.05622434506,1.05570913428,1.05570913428,1.05570913428,TN-HH-00000331,tn_elderly_pension_001,1.0,POLICY-RUN-8C351476BB,TN-SYN-P-000000331,TN-HH-00000331,True,False,ELIGIBLE_ALL_RULES_PASSED,ELIGIBLE_ALL_RULES_PASSED,R_AGE;R_INCOME,,True,SELECTED,180000.0,2160000.0,2280331.73
TN-SYN-P-000000337,Theni,23,Rural,75,Male,2,1,2,Others,Literate,Below Primary,Not in labour force,Not in labour force,0.0,8685.0,Other Backward Class,1.0,1.05388257177,1.0533687701,1.0533687701,1.0533687701,TN-HH-00000337,tn_elderly_pension_001,1.0,POLICY-RUN-8C351476BB,TN-SYN-P-000000337,TN-HH-00000337,True,False,ELIGIBLE_ALL_RULES_PASSED,ELIGIBLE_ALL_RULES_PASSED,R_AGE;R_INCOME,,True,SELECTED,180000.0,2160000.0,2275276.54
TN-SYN-P-000000338,Thiruvallur,01,Rural,70,Male,2,2,2,Casual labour in non-agriculture,Illiterate,Not literate,Not in labour force,Not in labour force,0.0,6403.0,Scheduled Caste,1.0,0.88013039559,0.879721144774,0.879721144774,0.879721144774,TN-HH-00000338,tn_elderly_pension_001,1.0,POLICY-RUN-8C351476BB,TN-SYN-P-000000338,TN-HH-00000338,True,False,ELIGIBLE_ALL_RULES_PASSED,ELIGIBLE_ALL_RULES_PASSED,R_AGE;R_INCOME,,True,SELECTED,180000.0,2160000.0,1900197.67
TN-SYN-P-000000355,Chennai,02,Urban,63,Male,2,1,3,Self-employed in non-agriculture,Literate,Secondary,Not in labour force,Not in labour force,0.0,18782.0,Other Backward Class,1.0,1.0201184824,1.01962499739,1.01962499739,1.01962499739,TN-HH-00000355,tn_elderly_pension_001,1.0,POLICY-RUN-8C351476BB,TN-SYN-P-000000355,TN-HH-00000355,True,False,ELIGIBLE_ALL_RULES_PASSED,ELIGIBLE_ALL_RULES_PASSED,R_AGE;R_INCOME,,True,SELECTED,180000.0,2160000.0,2202389.99
TN-SYN-P-000000368,Madurai,22,Urban,70,Male,3,1,3,Self-employed in non-agriculture,Literate,Primary,Not in labour force,Not in labour force,0.0,8603.0,Other Backward Class,1.0,1.0201184824,1.01962499739,1.01962499739,1.01962499739,TN-HH-00000368,tn_elderly_pension_001,1.0,POLICY-RUN-8C351476BB,TN-SYN-P-000000368,TN-HH-00000368,True,False,ELIGIBLE_ALL_RULES_PASSED,ELIGIBLE_ALL_RULES_PASSED,R_AGE;R_INCOME,,True,SELECTED,180000.0,2160000.0,2202389.99
TN-SYN-P-000000369,Vellore,04,Rural,80,Female,3,1,3,Regular wage/salary earning,Illiterate,Not literate,Not in labour force,Not in labour force,0.0,9382.0,Other Backward Class,1.0,1.05622434506,1.05570913428,1.05570913428,1.05570913428,TN-HH-00000369,tn_elderly_pension_001,1.0,POLICY-RUN-8C351476BB,TN-SYN-P-000000369,TN-HH-00000369,True,False,ELIGIBLE_ALL_RULES_PASSED,ELIGIBLE_ALL_RULES_PASSED,R_AGE;R_INCOME,,True,SELECTED,180000.0,2160000.0,2280331.73
TN-SYN-P-000000370,Coimbatore,31,Urban,72,Female,3,1,3,Self-employed in non-agriculture,Illiterate,Not literate,Not in labour force,Not in labour force,0.0,19700.0,Other Backward Class,1.0,1.0223852304,1.02189038143,1.02189038143,1.02189038143,TN-HH-00000370,tn_elderly_pension_001,1.0,POLICY-RUN-8C351476BB,TN-SYN-P-000000370,TN-HH-00000370,True,False,ELIGIBLE_ALL_RULES_PASSED,ELIGIBLE_ALL_RULES_PASSED,R_AGE;R_INCOME,,True,SELECTED,180000.0,2160000.0,2207283.22
TN-SYN-P-000000376,Madurai,22,Urban,65,Male,2,1,2,Self-employed in non-agriculture,Literate,Diploma/Certificate,Employed,Employed,12000.0,6833.0,Other Backward Class,1.0,1.0201184824,1.01962499739,1.01962499739,1.01962499739,TN-HH-00000376,tn_elderly_pension_001,1.0,POLICY-RUN-8C351476BB,TN-SYN-P-000000376,TN-HH-00000376,True,False,ELIGIBLE_ALL_RULES_PASSED,ELIGIBLE_ALL_RULES_PASSED,R_AGE;R_INCOME,,True,SELECTED,180000.0,2160000.0,2202389.99
TN-SYN-P-000000390,Thiruvallur,01,Urban,75,Male,2,1,3,Others,Literate,Diploma/Certificate,Not in labour force,Not in labour force,0.0,32125.0,Other Backward Class,1.0,1.0201184824,1.01962499739,1.01962499739,1.01962499739,TN-HH-00000390,tn_elderly_pension_001,1.0,POLICY-RUN-8C351476BB,TN-SYN-P-000000390,TN-HH-00000390,True,False,ELIGIBLE_ALL_RULES_PASSED,ELIGIBLE_ALL_RULES_PASSED,R_AGE;R_INCOME,,True,SELECTED,180000.0,2160000.0,2202389.99
TN-SYN-P-000000392,Thanjavur,19,Rural,68,Male,2,1,2,Self-employed in agriculture,Literate,Middle,Employed,Employed,0.0,6538.0,Other Backward Class,1.0,1.05388257177,1.0533687701,1.0533687701,1.0533687701,TN-HH-00000392,tn_elderly_pension_001,1.0,POLICY-RUN-8C351476BB,TN-SYN-P-000000392,TN-HH-00000392,True,False,ELIGIBLE_ALL_RULES_PASSED,ELIGIBLE_ALL_RULES_PASSED,R_AGE;R_INCOME,,True,SELECTED,180000.0,2160000.0,2275276.54
TN-SYN-P-000000393,Kanniyakumari,28,Urban,60,Male,2,1,4,Self-employed in non-agriculture,Literate,Diploma/Certificate,Employed,Employed,10000.0,16785.0,Others,1.0,1.0201184824,1.01962499739,1.01962499739,1.01962499739,TN-HH-00000393,tn_elderly_pension_001,1.0,POLICY-RUN-8C351476BB,TN-SYN-P-000000393,TN-HH-00000393,True,False,ELIGIBLE_ALL_RULES_PASSED,ELIGIBLE_ALL_RULES_PASSED,R_AGE;R_INCOME,,True,SELECTED,180000.0,2160000.0,2202389.99
TN-SYN-P-000000398,Madurai,22,Urban,60,Female,2,2,6,Self-employed in non-agriculture,Literate,Higher Secondary,Not in labour force,Not in labour force,0.0,23179.0,Other Backward Class,1.0,1.0223852304,1.02189038143,1.02189038143,1.02189038143,TN-HH-00000398,tn_elderly_pension_001,1.0,POLICY-RUN-8C351476BB,TN-SYN-P-000000398,TN-HH-00000398,True,False,ELIGIBLE_ALL_RULES_PASSED,ELIGIBLE_ALL_RULES_PASSED,R_AGE;R_INCOME,,True,SELECTED,180000.0,2160000.0,2207283.22
TN-SYN-P-000000402,Salem,07,Rural,65,Female,2,2,3,Others,Illiterate,Not literate,Not in labour force,Not in labour force,0.0,3900.0,Scheduled Caste,1.0,0.88208608392,0.881675656319,0.881675656319,0.881675656319,TN-HH-00000402,tn_elderly_pension_001,1.0,POLICY-RUN-8C351476BB,TN-SYN-P-000000402,TN-HH-00000402,True,False,ELIGIBLE_ALL_RULES_PASSED,ELIGIBLE_ALL_RULES_PASSED,R_AGE;R_INCOME,,True,SELECTED,180000.0,2160000.0,1904419.42
TN-SYN-P-000000426,Tirunelveli,27,Rural,65,Male,2,1,2,Casual labour in agriculture,Literate,Middle,Employed,Employed,0.0,9400.0,Other Backward Class,1.0,1.05388257177,1.0533687701,1.0533687701,1.0533687701,TN-HH-00000426,tn_elderly_pension_001,1.0,POLICY-RUN-8C351476BB,TN-SYN-P-000000426,TN-HH-00000426,True,False,ELIGIBLE_ALL_RULES_PASSED,ELIGIBLE_ALL_RULES_PASSED,R_AGE;R_INCOME,,True,SELECTED,180000.0,2160000.0,2275276.54
TN-SYN-P-000000444,Chennai,02,Urban,83,Male,2,1,4,Self-employed in non-agriculture,Literate,Diploma/Certificate,Not in labour force,Not in labour force,0.0,51667.0,Others,1.0,1.0201184824,1.01962499739,1.01962499739,1.01962499739,TN-HH-00000444,tn_elderly_pension_001,1.0,POLICY-RUN-8C351476BB,TN-SYN-P-000000444,TN-HH-00000444,True,False,ELIGIBLE_ALL_RULES_PASSED,ELIGIBLE_ALL_RULES_PASSED,R_AGE;R_INCOME,,True,SELECTED,180000.0,2160000.0,2202389.99
TN-SYN-P-000000445,Chennai,02,Urban,61,Male,3,1,7,Self-employed in non-agriculture,Literate,Primary,Not in labour force,Not in labour force,0.0,16450.0,Other Backward Class,1.0,1.0201184824,1.01962499739,1.01962499739,1.01962499739,TN-HH-00000445,tn_elderly_pension_001,1.0,POLICY-RUN-8C351476BB,TN-SYN-P-000000445,TN-HH-00000445,True,False,ELIGIBLE_ALL_RULES_PASSED,ELIGIBLE_ALL_RULES_PASSED,R_AGE;R_INCOME,,True,SELECTED,180000.0,2160000.0,2202389.99
TN-SYN-P-000000448,Pudukkottai,20,Rural,60,Male,2,1,3,Self-employed in agriculture,Illiterate,Not literate,Employed,Employed,0.0,9222.0,Other Backward Class,1.0,1.05388257177,1.0533687701,1.0533687701,1.0533687701,TN-HH-00000448,tn_elderly_pension_001,1.0,POLICY-RUN-8C351476BB,TN-SYN-P-000000448,TN-HH-00000448,True,False,ELIGIBLE_ALL_RULES_PASSED,ELIGIBLE_ALL_RULES_PASSED,R_AGE;R_INCOME,,True,SELECTED,180000.0,2160000.0,2275276.54
TN-SYN-P-000000456,Chennai,02,Urban,62,Female,2,3,4,Self-employed in non-agriculture,Literate,Higher Secondary,Not in labour force,Not in labour force,0.0,49333.0,Others,1.0,1.0223852304,1.02189038143,1.02189038143,1.02189038143,TN-HH-00000456,tn_elderly_pension_001,1.0,POLICY-RUN-8C351476BB,TN-SYN-P-000000456,TN-HH-00000456,True,False,ELIGIBLE_ALL_RULES_PASSED,ELIGIBLE_ALL_RULES_PASSED,R_AGE;R_INCOME,,True,SELECTED,180000.0,2160000.0,2207283.22
TN-SYN-P-000000466,Chennai,02,Urban,67,Male,3,1,1,Others,Literate,Middle,Not in labour force,Not in labour force,0.0,7125.0,Other Backward Class,1.0,1.0201184824,1.01962499739,1.01962499739,1.01962499739,TN-HH-00000466,tn_elderly_pension_001,1.0,POLICY-RUN-8C351476BB,TN-SYN-P-000000466,TN-HH-00000466,True,False,ELIGIBLE_ALL_RULES_PASSED,ELIGIBLE_ALL_RULES_PASSED,R_AGE;R_INCOME,,True,SELECTED,180000.0,2160000.0,2202389.99
TN-SYN-P-000000468,Chennai,02,Urban,77,Female,3,7,6,Self-employed in non-agriculture,Literate,Below Primary,Not in labour force,Not in labour force,0.0,24035.0,Other Backward Class,1.0,1.0223852304,1.02189038143,1.02189038143,1.02189038143,TN-HH-00000468,tn_elderly_pension_001,1.0,POLICY-RUN-8C351476BB,TN-SYN-P-000000468,TN-HH-00000468,True,False,ELIGIBLE_ALL_RULES_PASSED,ELIGIBLE_ALL_RULES_PASSED,R_AGE;R_INCOME,,True,SELECTED,180000.0,2160000.0,2207283.22
TN-SYN-P-000000472,Thiruvallur,01,Rural,62,Female,2,1,2,Casual labour in non-agriculture,Illiterate,Not literate,Not in labour force,Not in labour force,0.0,6403.0,Scheduled Caste,1.0,0.88208608392,0.881675656319,0.881675656319,0.881675656319,TN-HH-00000472,tn_elderly_pension_001,1.0,POLICY-RUN-8C351476BB,TN-SYN-P-000000472,TN-HH-00000472,True,False,ELIGIBLE_ALL_RULES_PASSED,ELIGIBLE_ALL_RULES_PASSED,R_AGE;R_INCOME,,True,SELECTED,180000.0,2160000.0,1904419.42
TN-SYN-P-000000479,Theni,23,Rural,69,Male,2,1,4,Regular wage/salary earning,Illiterate,Not literate,Not in labour force,Not in labour force,0.0,17737.0,Other Backward Class,1.0,1.05388257177,1.0533687701,1.0533687701,1.0533687701,TN-HH-00000479,tn_elderly_pension_001,1.0,POLICY-RUN-8C351476BB,TN-SYN-P-000000479,TN-HH-00000479,True,False,ELIGIBLE_ALL_RULES_PASSED,ELIGIBLE_ALL_RULES_PASSED,R_AGE;R_INCOME,,True,SELECTED,180000.0,2160000.0,2275276.54
TN-SYN-P-000000483,Salem,07,Urban,73,Female,3,7,3,Self-employed in agriculture,Illiterate,Not literate,Employed,Employed,0.0,16142.0,Other Backward Class,1.0,1.0223852304,1.02189038143,1.02189038143,1.02189038143,TN-HH-00000483,tn_elderly_pension_001,1.0,POLICY-RUN-8C351476BB,TN-SYN-P-000000483,TN-HH-00000483,True,False,ELIGIBLE_ALL_RULES_PASSED,ELIGIBLE_ALL_RULES_PASSED,R_AGE;R_INCOME,,True,SELECTED,180000.0,2160000.0,2207283.22
TN-SYN-P-000000501,Thanjavur,19,Rural,64,Female,2,2,3,Self-employed in agriculture,Literate,Middle,Not in labour force,Not in labour force,0.0,13967.0,Other Backward Class,1.0,1.05622434506,1.05570913428,1.05570913428,1.05570913428,TN-HH-00000501,tn_elderly_pension_001,1.0,POLICY-RUN-8C351476BB,TN-SYN-P-000000501,TN-HH-00000501,True,False,ELIGIBLE_ALL_RULES_PASSED,ELIGIBLE_ALL_RULES_PASSED,R_AGE;R_INCOME,,True,SELECTED,180000.0,2160000.0,2280331.73
TN-SYN-P-000000504,Virudhunagar,24,Urban,80,Female,3,7,3,Self-employed in agriculture,Illiterate,Not literate,Not in labour force,Not in labour force,0.0,7683.0,Other Backward Class,1.0,1.0223852304,1.02189038143,1.02189038143,1.02189038143,TN-HH-00000504,tn_elderly_pension_001,1.0,POLICY-RUN-8C351476BB,TN-SYN-P-000000504,TN-HH-00000504,True,False,ELIGIBLE_ALL_RULES_PASSED,ELIGIBLE_ALL_RULES_PASSED,R_AGE;R_INCOME,,True,SELECTED,180000.0,2160000.0,2207283.22
TN-SYN-P-000000508,Madurai,22,Rural,64,Male,2,1,3,Casual labour in non-agriculture,Literate,Middle,Not in labour force,Not in labour force,0.0,10122.0,Other Backward Class,1.0,1.05388257177,1.0533687701,1.0533687701,1.0533687701,TN-HH-00000508,tn_elderly_pension_001,1.0,POLICY-RUN-8C351476BB,TN-SYN-P-000000508,TN-HH-00000508,True,False,ELIGIBLE_ALL_RULES_PASSED,ELIGIBLE_ALL_RULES_PASSED,R_AGE;R_INCOME,,True,SELECTED,180000.0,2160000.0,2275276.54
TN-SYN-P-000000516,Cuddalore,16,Urban,73,Male,2,1,2,Self-employed in non-agriculture,Literate,Diploma/Certificate,Employed,Employed,20000.0,20775.0,Other Backward Class,1.0,1.0201184824,1.01962499739,1.01962499739,1.01962499739,TN-HH-00000516,tn_elderly_pension_001,1.0,POLICY-RUN-8C351476BB,TN-SYN-P-000000516,TN-HH-00000516,True,False,ELIGIBLE_ALL_RULES_PASSED,ELIGIBLE_ALL_RULES_PASSED,R_AGE;R_INCOME,,True,SELECTED,180000.0,2160000.0,2202389.99
TN-SYN-P-000000520,Ariyalur,15,Rural,68,Male,2,1,4,Self-employed in agriculture,Literate,Below Primary,Employed,Employed,0.0,10638.0,Other Backward Class,1.0,1.05388257177,1.0533687701,1.0533687701,1.0533687701,TN-HH-00000520,tn_elderly_pension_001,1.0,POLICY-RUN-8C351476BB,TN-SYN-P-000000520,TN-HH-00000520,True,False,ELIGIBLE_ALL_RULES_PASSED,ELIGIBLE_ALL_RULES_PASSED,R_AGE;R_INCOME,,True,SELECTED,180000.0,2160000.0,2275276.54
TN-SYN-P-000000521,The Nilgiris,10,Urban,64,Male,2,8,3,Others,Literate,Diploma/Certificate,Not in labour force,Not in labour force,0.0,11983.0,Other Backward Class,1.0,1.0201184824,1.01962499739,1.01962499739,1.01962499739,TN-HH-00000521,tn_elderly_pension_001,1.0,POLICY-RUN-8C351476BB,TN-SYN-P-000000521,TN-HH-00000521,True,False,ELIGIBLE_ALL_RULES_PASSED,ELIGIBLE_ALL_RULES_PASSED,R_AGE;R_INCOME,,True,SELECTED,180000.0,2160000.0,2202389.99
TN-SYN-P-000000525,Kancheepuram,03,Rural,68,Male,2,7,6,Regular wage/salary earning,Illiterate,Not literate,Not in labour force,Not in labour force,0.0,23318.0,Scheduled Caste,1.0,0.88013039559,0.879721144774,0.879721144774,0.879721144774,TN-HH-00000525,tn_elderly_pension_001,1.0,POLICY-RUN-8C351476BB,TN-SYN-P-000000525,TN-HH-00000525,True,False,ELIGIBLE_ALL_RULES_PASSED,ELIGIBLE_ALL_RULES_PASSED,R_AGE;R_INCOME,,True,SELECTED,180000.0,2160000.0,1900197.67
TN-SYN-P-000000526,Nagapattinam,17,Urban,64,Male,3,7,3,Self-employed in non-agriculture,Literate,Secondary,Employed,Employed,10000.0,34425.0,Other Backward Class,1.0,1.0201184824,1.01962499739,1.01962499739,1.01962499739,TN-HH-00000526,tn_elderly_pension_001,1.0,POLICY-RUN-8C351476BB,TN-SYN-P-000000526,TN-HH-00000526,True,False,ELIGIBLE_ALL_RULES_PASSED,ELIGIBLE_ALL_RULES_PASSED,R_AGE;R_INCOME,,True,SELECTED,180000.0,2160000.0,2202389.99
TN-SYN-P-000000550,Krishnagiri,30,Rural,62,Male,2,1,6,Self-employed in agriculture,Literate,Primary,Employed,Employed,0.0,15943.0,Other Backward Class,1.0,1.05388257177,1.0533687701,1.0533687701,1.0533687701,TN-HH-00000550,tn_elderly_pension_001,1.0,POLICY-RUN-8C351476BB,TN-SYN-P-000000550,TN-HH-00000550,True,False,ELIGIBLE_ALL_RULES_PASSED,ELIGIBLE_ALL_RULES_PASSED,R_AGE;R_INCOME,,True,SELECTED,180000.0,2160000.0,2275276.54
TN-SYN-P-000000551,Krishnagiri,30,Urban,65,Male,2,1,4,Self-employed in non-agriculture,Literate,Secondary,Not in labour force,Not in labour force,0.0,19566.0,Other Backward Class,1.0,1.0201184824,1.01962499739,1.01962499739,1.01962499739,TN-HH-00000551,tn_elderly_pension_001,1.0,POLICY-RUN-8C351476BB,TN-SYN-P-000000551,TN-HH-00000551,True,False,ELIGIBLE_ALL_RULES_PASSED,ELIGIBLE_ALL_RULES_PASSED,R_AGE;R_INCOME,,True,SELECTED,180000.0,2160000.0,2202389.99
TN-SYN-P-000000556,Pudukkottai,20,Rural,65,Female,3,7,5,Self-employed in non-agriculture,Illiterate,Not literate,Not in labour force,Not in labour force,0.0,8543.0,Other Backward Class,1.0,1.05622434506,1.05570913428,1.05570913428,1.05570913428,TN-HH-00000556,tn_elderly_pension_001,1.0,POLICY-RUN-8C351476BB,TN-SYN-P-000000556,TN-HH-00000556,True,False,ELIGIBLE_ALL_RULES_PASSED,ELIGIBLE_ALL_RULES_PASSED,R_AGE;R_INCOME,,True,SELECTED,180000.0,2160000.0,2280331.73
TN-SYN-P-000000570,Salem,07,Rural,61,Female,4,7,5,Regular wage/salary earning,Illiterate,Not literate,Employed,Employed,0.0,8558.0,Other Backward Class,1.0,1.05622434506,1.05570913428,1.05570913428,1.05570913428,TN-HH-00000570,tn_elderly_pension_001,1.0,POLICY-RUN-8C351476BB,TN-SYN-P-000000570,TN-HH-00000570,True,False,ELIGIBLE_ALL_RULES_PASSED,ELIGIBLE_ALL_RULES_PASSED,R_AGE;R_INCOME,,True,SELECTED,180000.0,2160000.0,2280331.73
TN-SYN-P-000000590,Tiruvannamalai,05,Rural,60,Female,3,1,2,Casual labour in non-agriculture,Literate,Below Primary,Employed,Employed,0.0,2240.0,Scheduled Caste,1.0,0.88208608392,0.881675656319,0.881675656319,0.881675656319,TN-HH-00000590,tn_elderly_pension_001,1.0,POLICY-RUN-8C351476BB,TN-SYN-P-000000590,TN-HH-00000590,True,False,ELIGIBLE_ALL_RULES_PASSED,ELIGIBLE_ALL_RULES_PASSED,R_AGE;R_INCOME,,True,SELECTED,180000.0,2160000.0,1904419.42
TN-SYN-P-000000591,Theni,23,Rural,65,Male,2,1,3,Regular wage/salary earning,Illiterate,Not literate,Employed,Employed,12000.0,7742.0,Scheduled Caste,1.0,0.88013039559,0.879721144774,0.879721144774,0.879721144774,TN-HH-00000591,tn_elderly_pension_001,1.0,POLICY-RUN-8C351476BB,TN-SYN-P-000000591,TN-HH-00000591,True,False,ELIGIBLE_ALL_RULES_PASSED,ELIGIBLE_ALL_RULES_PASSED,R_AGE;R_INCOME,,True,SELECTED,180000.0,2160000.0,1900197.67
TN-SYN-P-000000608,Thoothukudi,26,Rural,63,Male,2,1,2,Others,Literate,Middle,Not in labour force,Not in labour force,0.0,9242.0,Scheduled Caste,1.0,0.88013039559,0.879721144774,0.879721144774,0.879721144774,TN-HH-00000608,tn_elderly_pension_001,1.0,POLICY-RUN-8C351476BB,TN-SYN-P-000000608,TN-HH-00000608,True,False,ELIGIBLE_ALL_RULES_PASSED,ELIGIBLE_ALL_RULES_PASSED,R_AGE;R_INCOME,,True,SELECTED,180000.0,2160000.0,1900197.67
TN-SYN-P-000000610,Tenkasi,33,Urban,67,Male,2,1,4,Self-employed in non-agriculture,Literate,Diploma/Certificate,Employed,Employed,0.0,23537.0,Scheduled Caste,1.0,0.851932945387,0.851540661655,0.851540661655,0.851540661655,TN-HH-00000610,tn_elderly_pension_001,1.0,POLICY-RUN-8C351476BB,TN-SYN-P-000000610,TN-HH-00000610,True,False,ELIGIBLE_ALL_RULES_PASSED,ELIGIBLE_ALL_RULES_PASSED,R_AGE;R_INCOME,,True,SELECTED,180000.0,2160000.0,1839327.83
TN-SYN-P-000000616,Krishnagiri,30,Urban,65,Male,2,1,4,Self-employed in non-agriculture,Literate,Secondary,Not in labour force,Not in labour force,0.0,19566.0,Other Backward Class,1.0,1.0201184824,1.01962499739,1.01962499739,1.01962499739,TN-HH-00000616,tn_elderly_pension_001,1.0,POLICY-RUN-8C351476BB,TN-SYN-P-000000616,TN-HH-00000616,True,False,ELIGIBLE_ALL_RULES_PASSED,ELIGIBLE_ALL_RULES_PASSED,R_AGE;R_INCOME,,True,SELECTED,180000.0,2160000.0,2202389.99
TN-SYN-P-000000620,Salem,07,Urban,60,Female,2,7,7,Self-employed in non-agriculture,Illiterate,Not literate,Not in labour force,Not in labour force,0.0,22933.0,Other Backward Class,1.0,1.0223852304,1.02189038143,1.02189038143,1.02189038143,TN-HH-00000620,tn_elderly_pension_001,1.0,POLICY-RUN-8C351476BB,TN-SYN-P-000000620,TN-HH-00000620,True,False,ELIGIBLE_ALL_RULES_PASSED,ELIGIBLE_ALL_RULES_PASSED,R_AGE;R_INCOME,,True,SELECTED,180000.0,2160000.0,2207283.22
TN-SYN-P-000000629,Dharmapuri,29,Rural,61,Female,2,2,2,Casual labour in non-agriculture,Illiterate,Not literate,Not in labour force,Not in labour force,0.0,3565.0,Other Backward Class,1.0,1.05622434506,1.05570913428,1.05570913428,1.05570913428,TN-HH-00000629,tn_elderly_pension_001,1.0,POLICY-RUN-8C351476BB,TN-SYN-P-000000629,TN-HH-00000629,True,False,ELIGIBLE_ALL_RULES_PASSED,ELIGIBLE_ALL_RULES_PASSED,R_AGE;R_INCOME,,True,SELECTED,180000.0,2160000.0,2280331.73
TN-SYN-P-000000631,Chennai,02,Urban,69,Male,2,1,2,Others,Literate,Primary,Not in labour force,Not in labour force,0.0,15597.0,Others,1.0,1.0201184824,1.01962499739,1.01962499739,1.01962499739,TN-HH-00000631,tn_elderly_pension_001,1.0,POLICY-RUN-8C351476BB,TN-SYN-P-000000631,TN-HH-00000631,True,False,ELIGIBLE_ALL_RULES_PASSED,ELIGIBLE_ALL_RULES_PASSED,R_AGE;R_INCOME,,True,SELECTED,180000.0,2160000.0,2202389.99
TN-SYN-P-000000639,Sivaganga,21,Urban,72,Female,3,1,1,Others,Literate,Below Primary,Not in labour force,Not in labour force,0.0,3275.0,Other Backward Class,1.0,1.0223852304,1.02189038143,1.02189038143,1.02189038143,TN-HH-00000639,tn_elderly_pension_001,1.0,POLICY-RUN-8C351476BB,TN-SYN-P-000000639,TN-HH-00000639,True,False,ELIGIBLE_ALL_RULES_PASSED,ELIGIBLE_ALL_RULES_PASSED,R_AGE;R_INCOME,,True,SELECTED,180000.0,2160000.0,2207283.22
TN-SYN-P-000000646,Thoothukudi,26,Rural,60,Female,2,2,2,Others,Literate,Primary,Not in labour force,Not in labour force,0.0,9242.0,Scheduled Caste,1.0,0.88208608392,0.881675656319,0.881675656319,0.881675656319,TN-HH-00000646,tn_elderly_pension_001,1.0,POLICY-RUN-8C351476BB,TN-SYN-P-000000646,TN-HH-00000646,True,False,ELIGIBLE_ALL_RULES_PASSED,ELIGIBLE_ALL_RULES_PASSED,R_AGE;R_INCOME,,True,SELECTED,180000.0,2160000.0,1904419.42
TN-SYN-P-000000661,Thiruvallur,01,Urban,71,Male,3,1,5,Self-employed in non-agriculture,Literate,Primary,Not in labour force,Not in labour force,0.0,16963.0,Other Backward Class,1.0,1.0201184824,1.01962499739,1.01962499739,1.01962499739,TN-HH-00000661,tn_elderly_pension_001,1.0,POLICY-RUN-8C351476BB,TN-SYN-P-000000661,TN-HH-00000661,True,False,ELIGIBLE_ALL_RULES_PASSED,ELIGIBLE_ALL_RULES_PASSED,R_AGE;R_INCOME,,True,SELECTED,180000.0,2160000.0,2202389.99
TN-SYN-P-000000667,Thiruvallur,01,Rural,64,Female,2,2,2,Others,Illiterate,Not literate,Not in labour force,Not in labour force,0.0,8345.0,Others,1.0,1.05622434506,1.05570913428,1.05570913428,1.05570913428,TN-HH-00000667,tn_elderly_pension_001,1.0,POLICY-RUN-8C351476BB,TN-SYN-P-000000667,TN-HH-00000667,True,False,ELIGIBLE_ALL_RULES_PASSED,ELIGIBLE_ALL_RULES_PASSED,R_AGE;R_INCOME,,True,SELECTED,180000.0,2160000.0,2280331.73
TN-SYN-P-000000669,Thanjavur,19,Rural,68,Male,2,1,2,Regular wage/salary earning,Literate,Diploma/Certificate,Employed,Employed,10560.0,8220.0,Other Backward Class,1.0,1.05388257177,1.0533687701,1.0533687701,1.0533687701,TN-HH-00000669,tn_elderly_pension_001,1.0,POLICY-RUN-8C351476BB,TN-SYN-P-000000669,TN-HH-00000669,True,False,ELIGIBLE_ALL_RULES_PASSED,ELIGIBLE_ALL_RULES_PASSED,R_AGE;R_INCOME,,True,SELECTED,180000.0,2160000.0,2275276.54
TN-SYN-P-000000670,Namakkal,08,Rural,62,Female,2,2,2,Self-employed in non-agriculture,Literate,Primary,Not in labour force,Not in labour force,0.0,6875.0,Other Backward Class,1.0,1.05622434506,1.05570913428,1.05570913428,1.05570913428,TN-HH-00000670,tn_elderly_pension_001,1.0,POLICY-RUN-8C351476BB,TN-SYN-P-000000670,TN-HH-00000670,True,False,ELIGIBLE_ALL_RULES_PASSED,ELIGIBLE_ALL_RULES_PASSED,R_AGE;R_INCOME,,True,SELECTED,180000.0,2160000.0,2280331.73
TN-SYN-P-000000674,Salem,07,Urban,65,Male,2,1,6,Self-employed in agriculture,Illiterate,Not literate,Employed,Employed,0.0,14650.0,Other Backward Class,1.0,1.0201184824,1.01962499739,1.01962499739,1.01962499739,TN-HH-00000674,tn_elderly_pension_001,1.0,POLICY-RUN-8C351476BB,TN-SYN-P-000000674,TN-HH-00000674,True,False,ELIGIBLE_ALL_RULES_PASSED,ELIGIBLE_ALL_RULES_PASSED,R_AGE;R_INCOME,,True,SELECTED,180000.0,2160000.0,2202389.99
TN-SYN-P-000000678,Kallakurichi,34,Rural,62,Male,2,1,2,Casual labour in agriculture,Illiterate,Not literate,Employed,Employed,0.0,8067.0,Scheduled Caste,1.0,0.88013039559,0.879721144774,0.879721144774,0.879721144774,TN-HH-00000678,tn_elderly_pension_001,1.0,POLICY-RUN-8C351476BB,TN-SYN-P-000000678,TN-HH-00000678,True,False,ELIGIBLE_ALL_RULES_PASSED,ELIGIBLE_ALL_RULES_PASSED,R_AGE;R_INCOME,,True,SELECTED,180000.0,2160000.0,1900197.67
TN-SYN-P-000000688,Kallakurichi,34,Rural,81,Male,2,1,5,Regular wage/salary earning,Illiterate,Not literate,Not in labour force,Not in labour force,0.0,10117.0,Scheduled Caste,1.0,0.88013039559,0.879721144774,0.879721144774,0.879721144774,TN-HH-00000688,tn_elderly_pension_001,1.0,POLICY-RUN-8C351476BB,TN-SYN-P-000000688,TN-HH-00000688,True,False,ELIGIBLE_ALL_RULES_PASSED,ELIGIBLE_ALL_RULES_PASSED,R_AGE;R_INCOME,,True,SELECTED,180000.0,2160000.0,1900197.67
TN-SYN-P-000000696,Thiruvallur,01,Urban,63,Female,2,2,3,Self-employed in agriculture,Literate,Middle,Not in labour force,Not in labour force,0.0,15997.0,Other Backward Class,1.0,1.0223852304,1.02189038143,1.02189038143,1.02189038143,TN-HH-00000696,tn_elderly_pension_001,1.0,POLICY-RUN-8C351476BB,TN-SYN-P-000000696,TN-HH-00000696,True,False,ELIGIBLE_ALL_RULES_PASSED,ELIGIBLE_ALL_RULES_PASSED,R_AGE;R_INCOME,,True,SELECTED,180000.0,2160000.0,2207283.22
TN-SYN-P-000000697,Kancheepuram,03,Rural,72,Female,3,7,5,Regular wage/salary earning,Literate,Primary,Not in labour force,Not in labour force,0.0,22458.0,Scheduled Caste,1.0,0.88208608392,0.881675656319,0.881675656319,0.881675656319,TN-HH-00000697,tn_elderly_pension_001,1.0,POLICY-RUN-8C351476BB,TN-SYN-P-000000697,TN-HH-00000697,True,False,ELIGIBLE_ALL_RULES_PASSED,ELIGIBLE_ALL_RULES_PASSED,R_AGE;R_INCOME,,True,SELECTED,180000.0,2160000.0,1904419.42
TN-SYN-P-000000702,Cuddalore,16,Rural,63,Male,3,1,2,Others,Literate,Middle,Not in labour force,Not in labour force,0.0,7275.0,Other Backward Class,1.0,1.05388257177,1.0533687701,1.0533687701,1.0533687701,TN-HH-00000702,tn_elderly_pension_001,1.0,POLICY-RUN-8C351476BB,TN-SYN-P-000000702,TN-HH-00000702,True,False,ELIGIBLE_ALL_RULES_PASSED,ELIGIBLE_ALL_RULES_PASSED,R_AGE;R_INCOME,,True,SELECTED,180000.0,2160000.0,2275276.54
TN-SYN-P-000000703,Tenkasi,33,Urban,70,Male,2,1,2,Regular wage/salary earning,Literate,Primary,Employed,Employed,0.0,9235.0,Scheduled Caste,1.0,0.851932945387,0.851540661655,0.851540661655,0.851540661655,TN-HH-00000703,tn_elderly_pension_001,1.0,POLICY-RUN-8C351476BB,TN-SYN-P-000000703,TN-HH-00000703,True,False,ELIGIBLE_ALL_RULES_PASSED,ELIGIBLE_ALL_RULES_PASSED,R_AGE;R_INCOME,,True,SELECTED,180000.0,2160000.0,1839327.83
TN-SYN-P-000000706,Coimbatore,31,Urban,67,Female,2,2,3,Self-employed in agriculture,Literate,Diploma/Certificate,Not in labour force,Not in labour force,0.0,23784.0,Other Backward Class,1.0,1.0223852304,1.02189038143,1.02189038143,1.02189038143,TN-HH-00000706,tn_elderly_pension_001,1.0,POLICY-RUN-8C351476BB,TN-SYN-P-000000706,TN-HH-00000706,True,False,ELIGIBLE_ALL_RULES_PASSED,ELIGIBLE_ALL_RULES_PASSED,R_AGE;R_INCOME,,True,SELECTED,180000.0,2160000.0,2207283.22
TN-SYN-P-000000715,Virudhunagar,24,Rural,72,Male,2,1,2,Casual labour in non-agriculture,Illiterate,Not literate,Employed,Employed,0.0,5503.0,Other Backward Class,1.0,1.05388257177,1.0533687701,1.0533687701,1.0533687701,TN-HH-00000715,tn_elderly_pension_001,1.0,POLICY-RUN-8C351476BB,TN-SYN-P-000000715,TN-HH-00000715,True,False,ELIGIBLE_ALL_RULES_PASSED,ELIGIBLE_ALL_RULES_PASSED,R_AGE;R_INCOME,,True,SELECTED,180000.0,2160000.0,2275276.54
TN-SYN-P-000000717,Madurai,22,Rural,72,Female,2,2,2,Others,Illiterate,Not literate,Not in labour force,Not in labour force,0.0,6793.0,Other Backward Class,1.0,1.05622434506,1.05570913428,1.05570913428,1.05570913428,TN-HH-00000717,tn_elderly_pension_001,1.0,POLICY-RUN-8C351476BB,TN-SYN-P-000000717,TN-HH-00000717,True,False,ELIGIBLE_ALL_RULES_PASSED,ELIGIBLE_ALL_RULES_PASSED,R_AGE;R_INCOME,,True,SELECTED,180000.0,2160000.0,2280331.73
TN-SYN-P-000000723,Perambalur,14,Rural,68,Female,1,1,3,Regular wage/salary earning,Literate,Below Primary,Not in labour force,Not in labour force,0.0,6871.0,Other Backward Class,1.0,1.05622434506,1.05570913428,1.05570913428,1.05570913428,TN-HH-00000723,tn_elderly_pension_001,1.0,POLICY-RUN-8C351476BB,TN-SYN-P-000000723,TN-HH-00000723,True,False,ELIGIBLE_ALL_RULES_PASSED,ELIGIBLE_ALL_RULES_PASSED,R_AGE;R_INCOME,,True,SELECTED,180000.0,2160000.0,2280331.73
TN-SYN-P-000000727,Chennai,02,Urban,73,Female,3,7,5,Self-employed in non-agriculture,Literate,Below Primary,Not in labour force,Not in labour force,0.0,26250.0,Scheduled Caste,1.0,0.853825977746,0.853432554931,0.853432554931,0.853432554931,TN-HH-00000727,tn_elderly_pension_001,1.0,POLICY-RUN-8C351476BB,TN-SYN-P-000000727,TN-HH-00000727,True,False,ELIGIBLE_ALL_RULES_PASSED,ELIGIBLE_ALL_RULES_PASSED,R_AGE;R_INCOME,,True,SELECTED,180000.0,2160000.0,1843414.32
TN-SYN-P-000000730,Thoothukudi,26,Urban,61,Female,2,2,2,Others,Illiterate,Not literate,Not in labour force,Not in labour force,0.0,8025.0,Other Backward Class,1.0,1.0223852304,1.02189038143,1.02189038143,1.02189038143,TN-HH-00000730,tn_elderly_pension_001,1.0,POLICY-RUN-8C351476BB,TN-SYN-P-000000730,TN-HH-00000730,True,False,ELIGIBLE_ALL_RULES_PASSED,ELIGIBLE_ALL_RULES_PASSED,R_AGE;R_INCOME,,True,SELECTED,180000.0,2160000.0,2207283.22
TN-SYN-P-000000731,Kanniyakumari,28,Urban,65,Female,2,2,2,Others,Literate,Middle,Not in labour force,Not in labour force,0.0,9372.0,Other Backward Class,1.0,1.0223852304,1.02189038143,1.02189038143,1.02189038143,TN-HH-00000731,tn_elderly_pension_001,1.0,POLICY-RUN-8C351476BB,TN-SYN-P-000000731,TN-HH-00000731,True,False,ELIGIBLE_ALL_RULES_PASSED,ELIGIBLE_ALL_RULES_PASSED,R_AGE;R_INCOME,,True,SELECTED,180000.0,2160000.0,2207283.22
TN-SYN-P-000000733,Dharmapuri,29,Rural,62,Male,2,1,6,Self-employed in non-agriculture,Illiterate,Not literate,Employed,Employed,0.0,16809.0,Other Backward Class,1.0,1.05388257177,1.0533687701,1.0533687701,1.0533687701,TN-HH-00000733,tn_elderly_pension_001,1.0,POLICY-RUN-8C351476BB,TN-SYN-P-000000733,TN-HH-00000733,True,False,ELIGIBLE_ALL_RULES_PASSED,ELIGIBLE_ALL_RULES_PASSED,R_AGE;R_INCOME,,True,SELECTED,180000.0,2160000.0,2275276.54
TN-SYN-P-000000738,Thoothukudi,26,Urban,66,Female,2,2,2,Others,Literate,Below Primary,Not in labour force,Not in labour force,0.0,3517.0,Scheduled Caste,1.0,0.853825977746,0.853432554931,0.853432554931,0.853432554931,TN-HH-00000738,tn_elderly_pension_001,1.0,POLICY-RUN-8C351476BB,TN-SYN-P-000000738,TN-HH-00000738,True,False,ELIGIBLE_ALL_RULES_PASSED,ELIGIBLE_ALL_RULES_PASSED,R_AGE;R_INCOME,,True,SELECTED,180000.0,2160000.0,1843414.32
TN-SYN-P-000000743,Tiruvannamalai,05,Rural,70,Female,2,2,3,Self-employed in non-agriculture,Illiterate,Not literate,Not in labour force,Not in labour force,0.0,3475.0,Other Backward Class,1.0,1.05622434506,1.05570913428,1.05570913428,1.05570913428,TN-HH-00000743,tn_elderly_pension_001,1.0,POLICY-RUN-8C351476BB,TN-SYN-P-000000743,TN-HH-00000743,True,False,ELIGIBLE_ALL_RULES_PASSED,ELIGIBLE_ALL_RULES_PASSED,R_AGE;R_INCOME,,True,SELECTED,180000.0,2160000.0,2280331.73
TN-SYN-P-000000745,Thanjavur,19,Urban,82,Female,3,7,5,Self-employed in non-agriculture,Literate,Secondary,Not in labour force,Not in labour force,0.0,20725.0,Other Backward Class,1.0,1.0223852304,1.02189038143,1.02189038143,1.02189038143,TN-HH-00000745,tn_elderly_pension_001,1.0,POLICY-RUN-8C351476BB,TN-SYN-P-000000745,TN-HH-00000745,True,False,ELIGIBLE_ALL_RULES_PASSED,ELIGIBLE_ALL_RULES_PASSED,R_AGE;R_INCOME,,True,SELECTED,180000.0,2160000.0,2207283.22
TN-SYN-P-000000749,Coimbatore,31,Urban,65,Female,2,2,3,Others,Literate,Primary,Not in labour force,Not in labour force,0.0,8460.0,Other Backward Class,1.0,1.0223852304,1.02189038143,1.02189038143,1.02189038143,TN-HH-00000749,tn_elderly_pension_001,1.0,POLICY-RUN-8C351476BB,TN-SYN-P-000000749,TN-HH-00000749,True,False,ELIGIBLE_ALL_RULES_PASSED,ELIGIBLE_ALL_RULES_PASSED,R_AGE;R_INCOME,,True,SELECTED,180000.0,2160000.0,2207283.22
TN-SYN-P-000000755,Thiruvarur,18,Rural,65,Male,2,1,2,Casual labour in non-agriculture,Literate,Middle,Employed,Employed,0.0,11403.0,Other Backward Class,1.0,1.05388257177,1.0533687701,1.0533687701,1.0533687701,TN-HH-00000755,tn_elderly_pension_001,1.0,POLICY-RUN-8C351476BB,TN-SYN-P-000000755,TN-HH-00000755,True,False,ELIGIBLE_ALL_RULES_PASSED,ELIGIBLE_ALL_RULES_PASSED,R_AGE;R_INCOME,,True,SELECTED,180000.0,2160000.0,2275276.54
TN-SYN-P-000000757,Kancheepuram,03,Urban,60,Female,2,2,2,Others,Literate,Secondary,Not in labour force,Not in labour force,0.0,12383.0,Other Backward Class,1.0,1.0223852304,1.02189038143,1.02189038143,1.02189038143,TN-HH-00000757,tn_elderly_pension_001,1.0,POLICY-RUN-8C351476BB,TN-SYN-P-000000757,TN-HH-00000757,True,False,ELIGIBLE_ALL_RULES_PASSED,ELIGIBLE_ALL_RULES_PASSED,R_AGE;R_INCOME,,True,SELECTED,180000.0,2160000.0,2207283.22
TN-SYN-P-000000776,Pudukkottai,20,Rural,80,Male,2,1,2,Others,Literate,Primary,Not in labour force,Not in labour force,0.0,5360.0,Scheduled Caste,1.0,0.88013039559,0.879721144774,0.879721144774,0.879721144774,TN-HH-00000776,tn_elderly_pension_001,1.0,POLICY-RUN-8C351476BB,TN-SYN-P-000000776,TN-HH-00000776,True,False,ELIGIBLE_ALL_RULES_PASSED,ELIGIBLE_ALL_RULES_PASSED,R_AGE;R_INCOME,,True,SELECTED,180000.0,2160000.0,1900197.67
TN-SYN-P-000000785,Cuddalore,16,Rural,61,Female,3,7,5,Regular wage/salary earning,Illiterate,Not literate,Employed,Employed,0.0,12700.0,Other Backward Class,1.0,1.05622434506,1.05570913428,1.05570913428,1.05570913428,TN-HH-00000785,tn_elderly_pension_001,1.0,POLICY-RUN-8C351476BB,TN-SYN-P-000000785,TN-HH-00000785,True,False,ELIGIBLE_ALL_RULES_PASSED,ELIGIBLE_ALL_RULES_PASSED,R_AGE;R_INCOME,,True,SELECTED,180000.0,2160000.0,2280331.73
TN-SYN-P-000000790,Mayiladuthurai,38,Rural,76,Female,3,7,5,Self-employed in agriculture,Literate,Primary,Employed,Employed,0.0,25775.0,Other Backward Class,1.0,1.05622434506,1.05570913428,1.05570913428,1.05570913428,TN-HH-00000790,tn_elderly_pension_001,1.0,POLICY-RUN-8C351476BB,TN-SYN-P-000000790,TN-HH-00000790,True,False,ELIGIBLE_ALL_RULES_PASSED,ELIGIBLE_ALL_RULES_PASSED,R_AGE;R_INCOME,,True,SELECTED,180000.0,2160000.0,2280331.73
TN-SYN-P-000000792,Tiruchirappalli,13,Urban,60,Male,2,2,2,Self-employed in non-agriculture,Literate,Middle,Employed,Employed,12500.0,13667.0,Other Backward Class,1.0,1.0201184824,1.01962499739,1.01962499739,1.01962499739,TN-HH-00000792,tn_elderly_pension_001,1.0,POLICY-RUN-8C351476BB,TN-SYN-P-000000792,TN-HH-00000792,True,False,ELIGIBLE_ALL_RULES_PASSED,ELIGIBLE_ALL_RULES_PASSED,R_AGE;R_INCOME,,True,SELECTED,180000.0,2160000.0,2202389.99
TN-SYN-P-000000798,Erode,09,Urban,60,Female,2,2,2,Self-employed in agriculture,Literate,Below Primary,Employed,Employed,0.0,5683.0,Other Backward Class,1.0,1.0223852304,1.02189038143,1.02189038143,1.02189038143,TN-HH-00000798,tn_elderly_pension_001,1.0,POLICY-RUN-8C351476BB,TN-SYN-P-000000798,TN-HH-00000798,True,False,ELIGIBLE_ALL_RULES_PASSED,ELIGIBLE_ALL_RULES_PASSED,R_AGE;R_INCOME,,True,SELECTED,180000.0,2160000.0,2207283.22
TN-SYN-P-000000802,Thoothukudi,26,Urban,66,Female,2,2,2,Others,Literate,Below Primary,Not in labour force,Not in labour force,0.0,3517.0,Scheduled Caste,1.0,0.853825977746,0.853432554931,0.853432554931,0.853432554931,TN-HH-00000802,tn_elderly_pension_001,1.0,POLICY-RUN-8C351476BB,TN-SYN-P-000000802,TN-HH-00000802,True,False,ELIGIBLE_ALL_RULES_PASSED,ELIGIBLE_ALL_RULES_PASSED,R_AGE;R_INCOME,,True,SELECTED,180000.0,2160000.0,1843414.32
TN-SYN-P-000000807,Thiruvallur,01,Urban,75,Female,2,2,3,Self-employed in non-agriculture,Literate,Secondary,Not in labour force,Not in labour force,0.0,30453.0,Others,1.0,1.0223852304,1.02189038143,1.02189038143,1.02189038143,TN-HH-00000807,tn_elderly_pension_001,1.0,POLICY-RUN-8C351476BB,TN-SYN-P-000000807,TN-HH-00000807,True,False,ELIGIBLE_ALL_RULES_PASSED,ELIGIBLE_ALL_RULES_PASSED,R_AGE;R_INCOME,,True,SELECTED,180000.0,2160000.0,2207283.22
TN-SYN-P-000000842,Namakkal,08,Rural,66,Male,2,1,2,Casual labour in agriculture,Illiterate,Not literate,Employed,Employed,0.0,3267.0,Scheduled Caste,1.0,0.88013039559,0.879721144774,0.879721144774,0.879721144774,TN-HH-00000842,tn_elderly_pension_001,1.0,POLICY-RUN-8C351476BB,TN-SYN-P-000000842,TN-HH-00000842,True,False,ELIGIBLE_ALL_RULES_PASSED,ELIGIBLE_ALL_RULES_PASSED,R_AGE;R_INCOME,,True,SELECTED,180000.0,2160000.0,1900197.67
TN-SYN-P-000000852,Dharmapuri,29,Rural,62,Male,2,1,6,Self-employed in non-agriculture,Illiterate,Not literate,Employed,Employed,0.0,16809.0,Other Backward Class,1.0,1.05388257177,1.0533687701,1.0533687701,1.0533687701,TN-HH-00000852,tn_elderly_pension_001,1.0,POLICY-RUN-8C351476BB,TN-SYN-P-000000852,TN-HH-00000852,True,False,ELIGIBLE_ALL_RULES_PASSED,ELIGIBLE_ALL_RULES_PASSED,R_AGE;R_INCOME,,True,SELECTED,180000.0,2160000.0,2275276.54
TN-SYN-P-000000867,Viluppuram,06,Rural,90,Male,2,1,3,Regular wage/salary earning,Illiterate,Not literate,Not in labour force,Not in labour force,0.0,9033.0,Scheduled Caste,1.0,0.88013039559,0.879721144774,0.879721144774,0.879721144774,TN-HH-00000867,tn_elderly_pension_001,1.0,POLICY-RUN-8C351476BB,TN-SYN-P-000000867,TN-HH-00000867,True,False,ELIGIBLE_ALL_RULES_PASSED,ELIGIBLE_ALL_RULES_PASSED,R_AGE;R_INCOME,,True,SELECTED,180000.0,2160000.0,1900197.67
TN-SYN-P-000000880,Tiruvannamalai,05,Rural,65,Male,2,1,6,Regular wage/salary earning,Literate,Primary,Employed,Employed,0.0,10952.0,Other Backward Class,1.0,1.05388257177,1.0533687701,1.0533687701,1.0533687701,TN-HH-00000880,tn_elderly_pension_001,1.0,POLICY-RUN-8C351476BB,TN-SYN-P-000000880,TN-HH-00000880,True,False,ELIGIBLE_ALL_RULES_PASSED,ELIGIBLE_ALL_RULES_PASSED,R_AGE;R_INCOME,,True,SELECTED,180000.0,2160000.0,2275276.54
TN-SYN-P-000000881,Dindigul,11,Urban,64,Female,3,7,4,Others,Illiterate,Not literate,Not in labour force,Not in labour force,0.0,13128.0,Others,1.0,1.0223852304,1.02189038143,1.02189038143,1.02189038143,TN-HH-00000881,tn_elderly_pension_001,1.0,POLICY-RUN-8C351476BB,TN-SYN-P-000000881,TN-HH-00000881,True,False,ELIGIBLE_ALL_RULES_PASSED,ELIGIBLE_ALL_RULES_PASSED,R_AGE;R_INCOME,,True,SELECTED,180000.0,2160000.0,2207283.22
TN-SYN-P-000000908,Tenkasi,33,Rural,79,Male,2,1,2,Others,Literate,Secondary,Not in labour force,Not in labour force,0.0,25680.0,Other Backward Class,1.0,1.05388257177,1.0533687701,1.0533687701,1.0533687701,TN-HH-00000908,tn_elderly_pension_001,1.0,POLICY-RUN-8C351476BB,TN-SYN-P-000000908,TN-HH-00000908,True,False,ELIGIBLE_ALL_RULES_PASSED,ELIGIBLE_ALL_RULES_PASSED,R_AGE;R_INCOME,,True,SELECTED,180000.0,2160000.0,2275276.54
TN-SYN-P-000000911,Viluppuram,06,Rural,62,Female,2,2,2,Self-employed in agriculture,Illiterate,Not literate,Employed,Employed,0.0,8225.0,Scheduled Caste,1.0,0.88208608392,0.881675656319,0.881675656319,0.881675656319,TN-HH-00000911,tn_elderly_pension_001,1.0,POLICY-RUN-8C351476BB,TN-SYN-P-000000911,TN-HH-00000911,True,False,ELIGIBLE_ALL_RULES_PASSED,ELIGIBLE_ALL_RULES_PASSED,R_AGE;R_INCOME,,True,SELECTED,180000.0,2160000.0,1904419.42
TN-SYN-P-000000939,Kancheepuram,03,Urban,78,Female,3,1,1,Others,Literate,Secondary,Not in labour force,Not in labour force,0.0,12855.0,Other Backward Class,1.0,1.0223852304,1.02189038143,1.02189038143,1.02189038143,TN-HH-00000939,tn_elderly_pension_001,1.0,POLICY-RUN-8C351476BB,TN-SYN-P-000000939,TN-HH-00000939,True,False,ELIGIBLE_ALL_RULES_PASSED,ELIGIBLE_ALL_RULES_PASSED,R_AGE;R_INCOME,,True,SELECTED,180000.0,2160000.0,2207283.22
TN-SYN-P-000000942,Tiruvannamalai,05,Rural,75,Female,2,2,2,Others,Illiterate,Not literate,Not in labour force,Not in labour force,0.0,3480.0,Other Backward Class,1.0,1.05622434506,1.05570913428,1.05570913428,1.05570913428,TN-HH-00000942,tn_elderly_pension_001,1.0,POLICY-RUN-8C351476BB,TN-SYN-P-000000942,TN-HH-00000942,True,False,ELIGIBLE_ALL_RULES_PASSED,ELIGIBLE_ALL_RULES_PASSED,R_AGE;R_INCOME,,True,SELECTED,180000.0,2160000.0,2280331.73
TN-SYN-P-000000946,Salem,07,Rural,70,Male,2,1,3,Others,Illiterate,Not literate,Not in labour force,Not in labour force,0.0,3900.0,Scheduled Caste,1.0,0.88013039559,0.879721144774,0.879721144774,0.879721144774,TN-HH-00000946,tn_elderly_pension_001,1.0,POLICY-RUN-8C351476BB,TN-SYN-P-000000946,TN-HH-00000946,True,False,ELIGIBLE_ALL_RULES_PASSED,ELIGIBLE_ALL_RULES_PASSED,R_AGE;R_INCOME,,True,SELECTED,180000.0,2160000.0,1900197.67
TN-SYN-P-000000959,Thanjavur,19,Urban,80,Female,3,7,3,Others,Illiterate,Not literate,Not in labour force,Not in labour force,0.0,14072.0,Other Backward Class,1.0,1.0223852304,1.02189038143,1.02189038143,1.02189038143,TN-HH-00000959,tn_elderly_pension_001,1.0,POLICY-RUN-8C351476BB,TN-SYN-P-000000959,TN-HH-00000959,True,False,ELIGIBLE_ALL_RULES_PASSED,ELIGIBLE_ALL_RULES_PASSED,R_AGE;R_INCOME,,True,SELECTED,180000.0,2160000.0,2207283.22
TN-SYN-P-000000960,Thanjavur,19,Rural,61,Female,2,2,2,Self-employed in agriculture,Literate,Below Primary,Not in labour force,Not in labour force,0.0,7624.0,Other Backward Class,1.0,1.05622434506,1.05570913428,1.05570913428,1.05570913428,TN-HH-00000960,tn_elderly_pension_001,1.0,POLICY-RUN-8C351476BB,TN-SYN-P-000000960,TN-HH-00000960,True,False,ELIGIBLE_ALL_RULES_PASSED,ELIGIBLE_ALL_RULES_PASSED,R_AGE;R_INCOME,,True,SELECTED,180000.0,2160000.0,2280331.73
TN-SYN-P-000000965,Tiruvannamalai,05,Rural,75,Female,3,7,4,Self-employed in agriculture,Illiterate,Not literate,Not in labour force,Not in labour force,0.0,9491.0,Other Backward Class,1.0,1.05622434506,1.05570913428,1.05570913428,1.05570913428,TN-HH-00000965,tn_elderly_pension_001,1.0,POLICY-RUN-8C351476BB,TN-SYN-P-000000965,TN-HH-00000965,True,False,ELIGIBLE_ALL_RULES_PASSED,ELIGIBLE_ALL_RULES_PASSED,R_AGE;R_INCOME,,True,SELECTED,180000.0,2160000.0,2280331.73
TN-SYN-P-000000966,Chennai,02,Urban,60,Female,3,1,4,Others,Literate,Primary,Not in labour force,Not in labour force,0.0,15350.0,Other Backward Class,1.0,1.0223852304,1.02189038143,1.02189038143,1.02189038143,TN-HH-00000966,tn_elderly_pension_001,1.0,POLICY-RUN-8C351476BB,TN-SYN-P-000000966,TN-HH-00000966,True,False,ELIGIBLE_ALL_RULES_PASSED,ELIGIBLE_ALL_RULES_PASSED,R_AGE;R_INCOME,,True,SELECTED,180000.0,2160000.0,2207283.22
TN-SYN-P-000000971,Thiruvallur,01,Rural,62,Male,2,1,2,Self-employed in agriculture,Illiterate,Not literate,Employed,Employed,0.0,9783.0,Scheduled Caste,1.0,0.88013039559,0.879721144774,0.879721144774,0.879721144774,TN-HH-00000971,tn_elderly_pension_001,1.0,POLICY-RUN-8C351476BB,TN-SYN-P-000000971,TN-HH-00000971,True,False,ELIGIBLE_ALL_RULES_PASSED,ELIGIBLE_ALL_RULES_PASSED,R_AGE;R_INCOME,,True,SELECTED,180000.0,2160000.0,1900197.67
TN-SYN-P-000000978,Theni,23,Rural,70,Female,2,2,2,Others,Illiterate,Not literate,Not in labour force,Not in labour force,0.0,8685.0,Other Backward Class,1.0,1.05622434506,1.05570913428,1.05570913428,1.05570913428,TN-HH-00000978,tn_elderly_pension_001,1.0,POLICY-RUN-8C351476BB,TN-SYN-P-000000978,TN-HH-00000978,True,False,ELIGIBLE_ALL_RULES_PASSED,ELIGIBLE_ALL_RULES_PASSED,R_AGE;R_INCOME,,True,SELECTED,180000.0,2160000.0,2280331.73
TN-SYN-P-000000980,Kancheepuram,03,Urban,69,Female,3,1,5,Self-employed in non-agriculture,Literate,Below Primary,Not in labour force,Not in labour force,0.0,10283.0,Other Backward Class,1.0,1.0223852304,1.02189038143,1.02189038143,1.02189038143,TN-HH-00000980,tn_elderly_pension_001,1.0,POLICY-RUN-8C351476BB,TN-SYN-P-000000980,TN-HH-00000980,True,False,ELIGIBLE_ALL_RULES_PASSED,ELIGIBLE_ALL_RULES_PASSED,R_AGE;R_INCOME,,True,SELECTED,180000.0,2160000.0,2207283.22
TN-SYN-P-000001010,Salem,07,Urban,71,Male,3,1,5,Self-employed in agriculture,Literate,Secondary,Not in labour force,Not in labour force,0.0,25883.0,Other Backward Class,1.0,1.0201184824,1.01962499739,1.01962499739,1.01962499739,TN-HH-00001010,tn_elderly_pension_001,1.0,POLICY-RUN-8C351476BB,TN-SYN-P-000001010,TN-HH-00001010,True,False,ELIGIBLE_ALL_RULES_PASSED,ELIGIBLE_ALL_RULES_PASSED,R_AGE;R_INCOME,,True,SELECTED,180000.0,2160000.0,2202389.99
TN-SYN-P-000001013,Tiruchirappalli,13,Urban,64,Male,2,1,7,Self-employed in non-agriculture,Literate,Middle,Employed,Employed,0.0,22917.0,Other Backward Class,1.0,1.0201184824,1.01962499739,1.01962499739,1.01962499739,TN-HH-00001013,tn_elderly_pension_001,1.0,POLICY-RUN-8C351476BB,TN-SYN-P-000001013,TN-HH-00001013,True,False,ELIGIBLE_ALL_RULES_PASSED,ELIGIBLE_ALL_RULES_PASSED,R_AGE;R_INCOME,,True,SELECTED,180000.0,2160000.0,2202389.99
TN-SYN-P-000001019,Salem,07,Rural,60,Male,2,7,8,Self-employed in non-agriculture,Illiterate,Not literate,Employed,Employed,0.0,18563.0,Other Backward Class,1.0,1.05388257177,1.0533687701,1.0533687701,1.0533687701,TN-HH-00001019,tn_elderly_pension_001,1.0,POLICY-RUN-8C351476BB,TN-SYN-P-000001019,TN-HH-00001019,True,False,ELIGIBLE_ALL_RULES_PASSED,ELIGIBLE_ALL_RULES_PASSED,R_AGE;R_INCOME,,True,SELECTED,180000.0,2160000.0,2275276.54
TN-SYN-P-000001023,Salem,07,Urban,70,Female,3,1,2,Self-employed in non-agriculture,Illiterate,Not literate,Not in labour force,Not in labour force,0.0,6288.0,Other Backward Class,1.0,1.0223852304,1.02189038143,1.02189038143,1.02189038143,TN-HH-00001023,tn_elderly_pension_001,1.0,POLICY-RUN-8C351476BB,TN-SYN-P-000001023,TN-HH-00001023,True,False,ELIGIBLE_ALL_RULES_PASSED,ELIGIBLE_ALL_RULES_PASSED,R_AGE;R_INCOME,,True,SELECTED,180000.0,2160000.0,2207283.22
TN-SYN-P-000001029,Kancheepuram,03,Urban,62,Female,2,2,2,Others,Literate,Higher Secondary,Not in labour force,Not in labour force,0.0,25512.0,Others,1.0,1.0223852304,1.02189038143,1.02189038143,1.02189038143,TN-HH-00001029,tn_elderly_pension_001,1.0,POLICY-RUN-8C351476BB,TN-SYN-P-000001029,TN-HH-00001029,True,False,ELIGIBLE_ALL_RULES_PASSED,ELIGIBLE_ALL_RULES_PASSED,R_AGE;R_INCOME,,True,SELECTED,180000.0,2160000.0,2207283.22
TN-SYN-P-000001034,Thanjavur,19,Rural,75,Male,3,1,5,Casual labour in non-agriculture,Literate,Primary,Employed,Employed,0.0,9207.0,Other Backward Class,1.0,1.05388257177,1.0533687701,1.0533687701,1.0533687701,TN-HH-00001034,tn_elderly_pension_001,1.0,POLICY-RUN-8C351476BB,TN-SYN-P-000001034,TN-HH-00001034,True,False,ELIGIBLE_ALL_RULES_PASSED,ELIGIBLE_ALL_RULES_PASSED,R_AGE;R_INCOME,,True,SELECTED,180000.0,2160000.0,2275276.54
TN-SYN-P-000001035,Salem,07,Rural,64,Male,3,7,8,Self-employed in non-agriculture,Illiterate,Not literate,Not in labour force,Not in labour force,0.0,18563.0,Other Backward Class,1.0,1.05388257177,1.0533687701,1.0533687701,1.0533687701,TN-HH-00001035,tn_elderly_pension_001,1.0,POLICY-RUN-8C351476BB,TN-SYN-P-000001035,TN-HH-00001035,True,False,ELIGIBLE_ALL_RULES_PASSED,ELIGIBLE_ALL_RULES_PASSED,R_AGE;R_INCOME,,True,SELECTED,180000.0,2160000.0,2275276.54
TN-SYN-P-000001036,Ramanathapuram,25,Rural,70,Male,4,1,4,Casual labour in agriculture,Illiterate,Not literate,Employed,Employed,0.0,6608.0,Other Backward Class,1.0,1.05388257177,1.0533687701,1.0533687701,1.0533687701,TN-HH-00001036,tn_elderly_pension_001,1.0,POLICY-RUN-8C351476BB,TN-SYN-P-000001036,TN-HH-00001036,True,False,ELIGIBLE_ALL_RULES_PASSED,ELIGIBLE_ALL_RULES_PASSED,R_AGE;R_INCOME,,True,SELECTED,180000.0,2160000.0,2275276.54
TN-SYN-P-000001037,Tenkasi,33,Rural,76,Male,2,1,2,Others,Literate,Secondary,Not in labour force,Not in labour force,0.0,5370.0,Other Backward Class,1.0,1.05388257177,1.0533687701,1.0533687701,1.0533687701,TN-HH-00001037,tn_elderly_pension_001,1.0,POLICY-RUN-8C351476BB,TN-SYN-P-000001037,TN-HH-00001037,True,False,ELIGIBLE_ALL_RULES_PASSED,ELIGIBLE_ALL_RULES_PASSED,R_AGE;R_INCOME,,True,SELECTED,180000.0,2160000.0,2275276.54
TN-SYN-P-000001042,Madurai,22,Rural,70,Female,3,7,7,Self-employed in agriculture,Illiterate,Not literate,Not in labour force,Not in labour force,0.0,16838.0,Other Backward Class,1.0,1.05622434506,1.05570913428,1.05570913428,1.05570913428,TN-HH-00001042,tn_elderly_pension_001,1.0,POLICY-RUN-8C351476BB,TN-SYN-P-000001042,TN-HH-00001042,True,False,ELIGIBLE_ALL_RULES_PASSED,ELIGIBLE_ALL_RULES_PASSED,R_AGE;R_INCOME,,True,SELECTED,180000.0,2160000.0,2280331.73
TN-SYN-P-000001047,Theni,23,Rural,79,Male,3,1,4,Casual labour in agriculture,Illiterate,Not literate,Not in labour force,Not in labour force,0.0,12473.0,Other Backward Class,1.0,1.05388257177,1.0533687701,1.0533687701,1.0533687701,TN-HH-00001047,tn_elderly_pension_001,1.0,POLICY-RUN-8C351476BB,TN-SYN-P-000001047,TN-HH-00001047,True,False,ELIGIBLE_ALL_RULES_PASSED,ELIGIBLE_ALL_RULES_PASSED,R_AGE;R_INCOME,,True,SELECTED,180000.0,2160000.0,2275276.54
TN-SYN-P-000001061,Ariyalur,15,Rural,65,Female,2,2,2,Others,Illiterate,Not literate,Not in labour force,Not in labour force,0.0,3958.0,Other Backward Class,1.0,1.05622434506,1.05570913428,1.05570913428,1.05570913428,TN-HH-00001061,tn_elderly_pension_001,1.0,POLICY-RUN-8C351476BB,TN-SYN-P-000001061,TN-HH-00001061,True,False,ELIGIBLE_ALL_RULES_PASSED,ELIGIBLE_ALL_RULES_PASSED,R_AGE;R_INCOME,,True,SELECTED,180000.0,2160000.0,2280331.73
TN-SYN-P-000001063,Kallakurichi,34,Urban,75,Female,2,2,2,Self-employed in agriculture,Illiterate,Not literate,Employed,Employed,0.0,7258.0,Other Backward Class,1.0,1.0223852304,1.02189038143,1.02189038143,1.02189038143,TN-HH-00001063,tn_elderly_pension_001,1.0,POLICY-RUN-8C351476BB,TN-SYN-P-000001063,TN-HH-00001063,True,False,ELIGIBLE_ALL_RULES_PASSED,ELIGIBLE_ALL_RULES_PASSED,R_AGE;R_INCOME,,True,SELECTED,180000.0,2160000.0,2207283.22
TN-SYN-P-000001065,Coimbatore,31,Urban,65,Male,3,1,5,Self-employed in non-agriculture,Literate,Secondary,Not in labour force,Not in labour force,0.0,17773.0,Other Backward Class,1.0,1.0201184824,1.01962499739,1.01962499739,1.01962499739,TN-HH-00001065,tn_elderly_pension_001,1.0,POLICY-RUN-8C351476BB,TN-SYN-P-000001065,TN-HH-00001065,True,False,ELIGIBLE_ALL_RULES_PASSED,ELIGIBLE_ALL_RULES_PASSED,R_AGE;R_INCOME,,True,SELECTED,180000.0,2160000.0,2202389.99
TN-SYN-P-000001068,Salem,07,Rural,71,Female,3,7,6,Casual labour in non-agriculture,Illiterate,Not literate,Not in labour force,Not in labour force,0.0,9942.0,Other Backward Class,1.0,1.05622434506,1.05570913428,1.05570913428,1.05570913428,TN-HH-00001068,tn_elderly_pension_001,1.0,POLICY-RUN-8C351476BB,TN-SYN-P-000001068,TN-HH-00001068,True,False,ELIGIBLE_ALL_RULES_PASSED,ELIGIBLE_ALL_RULES_PASSED,R_AGE;R_INCOME,,True,SELECTED,180000.0,2160000.0,2280331.73
TN-SYN-P-000001071,Chennai,02,Urban,62,Female,2,2,3,Self-employed in non-agriculture,Literate,Below Primary,Not in labour force,Not in labour force,0.0,8267.0,Other Backward Class,1.0,1.0223852304,1.02189038143,1.02189038143,1.02189038143,TN-HH-00001071,tn_elderly_pension_001,1.0,POLICY-RUN-8C351476BB,TN-SYN-P-000001071,TN-HH-00001071,True,False,ELIGIBLE_ALL_RULES_PASSED,ELIGIBLE_ALL_RULES_PASSED,R_AGE;R_INCOME,,True,SELECTED,180000.0,2160000.0,2207283.22
TN-SYN-P-000001072,Sivaganga,21,Rural,86,Male,2,1,2,Others,Illiterate,Not literate,Not in labour force,Not in labour force,0.0,5610.0,Other Backward Class,1.0,1.05388257177,1.0533687701,1.0533687701,1.0533687701,TN-HH-00001072,tn_elderly_pension_001,1.0,POLICY-RUN-8C351476BB,TN-SYN-P-000001072,TN-HH-00001072,True,False,ELIGIBLE_ALL_RULES_PASSED,ELIGIBLE_ALL_RULES_PASSED,R_AGE;R_INCOME,,True,SELECTED,180000.0,2160000.0,2275276.54
TN-SYN-P-000001075,Salem,07,Urban,73,Male,2,1,2,Others,Literate,Diploma/Certificate,Not in labour force,Not in labour force,0.0,9150.0,Other Backward Class,1.0,1.0201184824,1.01962499739,1.01962499739,1.01962499739,TN-HH-00001075,tn_elderly_pension_001,1.0,POLICY-RUN-8C351476BB,TN-SYN-P-000001075,TN-HH-00001075,True,False,ELIGIBLE_ALL_RULES_PASSED,ELIGIBLE_ALL_RULES_PASSED,R_AGE;R_INCOME,,True,SELECTED,180000.0,2160000.0,2202389.99
TN-SYN-P-000001081,Kanniyakumari,28,Urban,64,Female,2,2,5,Self-employed in non-agriculture,Literate,Below Primary,Not in labour force,Not in labour force,0.0,14327.0,Other Backward Class,1.0,1.0223852304,1.02189038143,1.02189038143,1.02189038143,TN-HH-00001081,tn_elderly_pension_001,1.0,POLICY-RUN-8C351476BB,TN-SYN-P-000001081,TN-HH-00001081,True,False,ELIGIBLE_ALL_RULES_PASSED,ELIGIBLE_ALL_RULES_PASSED,R_AGE;R_INCOME,,True,SELECTED,180000.0,2160000.0,2207283.22
TN-SYN-P-000001091,Krishnagiri,30,Rural,67,Female,3,7,5,Regular wage/salary earning,Illiterate,Not literate,Employed,Employed,0.0,12239.0,Other Backward Class,1.0,1.05622434506,1.05570913428,1.05570913428,1.05570913428,TN-HH-00001091,tn_elderly_pension_001,1.0,POLICY-RUN-8C351476BB,TN-SYN-P-000001091,TN-HH-00001091,True,False,ELIGIBLE_ALL_RULES_PASSED,ELIGIBLE_ALL_RULES_PASSED,R_AGE;R_INCOME,,True,SELECTED,180000.0,2160000.0,2280331.73
TN-SYN-P-000001096,Madurai,22,Rural,67,Female,3,7,4,Regular wage/salary earning,Illiterate,Not literate,Not in labour force,Not in labour force,0.0,12303.0,Other Backward Class,1.0,1.05622434506,1.05570913428,1.05570913428,1.05570913428,TN-HH-00001096,tn_elderly_pension_001,1.0,POLICY-RUN-8C351476BB,TN-SYN-P-000001096,TN-HH-00001096,True,False,ELIGIBLE_ALL_RULES_PASSED,ELIGIBLE_ALL_RULES_PASSED,R_AGE;R_INCOME,,True,SELECTED,180000.0,2160000.0,2280331.73
TN-SYN-P-000001119,Ramanathapuram,25,Rural,75,Female,2,2,2,Others,Illiterate,Not literate,Not in labour force,Not in labour force,0.0,8942.0,Other Backward Class,1.0,1.05622434506,1.05570913428,1.05570913428,1.05570913428,TN-HH-00001119,tn_elderly_pension_001,1.0,POLICY-RUN-8C351476BB,TN-SYN-P-000001119,TN-HH-00001119,True,False,ELIGIBLE_ALL_RULES_PASSED,ELIGIBLE_ALL_RULES_PASSED,R_AGE;R_INCOME,,True,SELECTED,180000.0,2160000.0,2280331.73
TN-SYN-P-000001138,Chennai,02,Urban,70,Female,2,2,5,Self-employed in non-agriculture,Illiterate,Not literate,Not in labour force,Not in labour force,0.0,10933.0,Scheduled Caste,1.0,0.853825977746,0.853432554931,0.853432554931,0.853432554931,TN-HH-00001138,tn_elderly_pension_001,1.0,POLICY-RUN-8C351476BB,TN-SYN-P-000001138,TN-HH-00001138,True,False,ELIGIBLE_ALL_RULES_PASSED,ELIGIBLE_ALL_RULES_PASSED,R_AGE;R_INCOME,,True,SELECTED,180000.0,2160000.0,1843414.32
TN-SYN-P-000001155,Tirunelveli,27,Rural,60,Male,2,1,3,Self-employed in non-agriculture,Literate,Middle,Employed,Employed,0.0,11247.0,Other Backward Class,1.0,1.05388257177,1.0533687701,1.0533687701,1.0533687701,TN-HH-00001155,tn_elderly_pension_001,1.0,POLICY-RUN-8C351476BB,TN-SYN-P-000001155,TN-HH-00001155,True,False,ELIGIBLE_ALL_RULES_PASSED,ELIGIBLE_ALL_RULES_PASSED,R_AGE;R_INCOME,,True,SELECTED,180000.0,2160000.0,2275276.54
TN-SYN-P-000001157,Tiruvannamalai,05,Rural,75,Male,2,1,3,Self-employed in non-agriculture,Illiterate,Not literate,Not in labour force,Not in labour force,0.0,3475.0,Other Backward Class,1.0,1.05388257177,1.0533687701,1.0533687701,1.0533687701,TN-HH-00001157,tn_elderly_pension_001,1.0,POLICY-RUN-8C351476BB,TN-SYN-P-000001157,TN-HH-00001157,True,False,ELIGIBLE_ALL_RULES_PASSED,ELIGIBLE_ALL_RULES_PASSED,R_AGE;R_INCOME,,True,SELECTED,180000.0,2160000.0,2275276.54
TN-SYN-P-000001166,Tirunelveli,27,Urban,75,Female,3,7,7,Self-employed in non-agriculture,Illiterate,Not literate,Not in labour force,Not in labour force,0.0,22817.0,Other Backward Class,1.0,1.0223852304,1.02189038143,1.02189038143,1.02189038143,TN-HH-00001166,tn_elderly_pension_001,1.0,POLICY-RUN-8C351476BB,TN-SYN-P-000001166,TN-HH-00001166,True,False,ELIGIBLE_ALL_RULES_PASSED,ELIGIBLE_ALL_RULES_PASSED,R_AGE;R_INCOME,,True,SELECTED,180000.0,2160000.0,2207283.22
TN-SYN-P-000001173,Vellore,04,Rural,78,Male,2,1,2,Others,Literate,Primary,Not in labour force,Not in labour force,0.0,4120.0,Other Backward Class,1.0,1.05388257177,1.0533687701,1.0533687701,1.0533687701,TN-HH-00001173,tn_elderly_pension_001,1.0,POLICY-RUN-8C351476BB,TN-SYN-P-000001173,TN-HH-00001173,True,False,ELIGIBLE_ALL_RULES_PASSED,ELIGIBLE_ALL_RULES_PASSED,R_AGE;R_INCOME,,True,SELECTED,180000.0,2160000.0,2275276.54
TN-SYN-P-000001175,Tiruvannamalai,05,Rural,75,Male,2,1,4,Regular wage/salary earning,Literate,Secondary,Not in labour force,Not in labour force,0.0,30823.0,Other Backward Class,1.0,1.05388257177,1.0533687701,1.0533687701,1.0533687701,TN-HH-00001175,tn_elderly_pension_001,1.0,POLICY-RUN-8C351476BB,TN-SYN-P-000001175,TN-HH-00001175,True,False,ELIGIBLE_ALL_RULES_PASSED,ELIGIBLE_ALL_RULES_PASSED,R_AGE;R_INCOME,,True,SELECTED,180000.0,2160000.0,2275276.54
TN-SYN-P-000001183,Thiruvallur,01,Rural,64,Female,2,2,2,Others,Illiterate,Not literate,Not in labour force,Not in labour force,0.0,8345.0,Others,1.0,1.05622434506,1.05570913428,1.05570913428,1.05570913428,TN-HH-00001183,tn_elderly_pension_001,1.0,POLICY-RUN-8C351476BB,TN-SYN-P-000001183,TN-HH-00001183,True,False,ELIGIBLE_ALL_RULES_PASSED,ELIGIBLE_ALL_RULES_PASSED,R_AGE;R_INCOME,,True,SELECTED,180000.0,2160000.0,2280331.73
TN-SYN-P-000001185,Sivaganga,21,Rural,80,Female,3,7,6,Casual labour in non-agriculture,Illiterate,Not literate,Not in labour force,Not in labour force,0.0,9275.0,Other Backward Class,1.0,1.05622434506,1.05570913428,1.05570913428,1.05570913428,TN-HH-00001185,tn_elderly_pension_001,1.0,POLICY-RUN-8C351476BB,TN-SYN-P-000001185,TN-HH-00001185,True,False,ELIGIBLE_ALL_RULES_PASSED,ELIGIBLE_ALL_RULES_PASSED,R_AGE;R_INCOME,,True,SELECTED,180000.0,2160000.0,2280331.73
TN-SYN-P-000001198,Chennai,02,Urban,66,Male,2,1,2,Regular wage/salary earning,Literate,Below Primary,Employed,Employed,0.0,7483.0,Other Backward Class,1.0,1.0201184824,1.01962499739,1.01962499739,1.01962499739,TN-HH-00001198,tn_elderly_pension_001,1.0,POLICY-RUN-8C351476BB,TN-SYN-P-000001198,TN-HH-00001198,True,False,ELIGIBLE_ALL_RULES_PASSED,ELIGIBLE_ALL_RULES_PASSED,R_AGE;R_INCOME,,True,SELECTED,180000.0,2160000.0,2202389.99
TN-SYN-P-000001210,Nagapattinam,17,Urban,60,Male,2,1,4,Regular wage/salary earning,Literate,Below Primary,Employed,Employed,0.0,17713.0,Scheduled Caste,1.0,0.851932945387,0.851540661655,0.851540661655,0.851540661655,TN-HH-00001210,tn_elderly_pension_001,1.0,POLICY-RUN-8C351476BB,TN-SYN-P-000001210,TN-HH-00001210,True,False,ELIGIBLE_ALL_RULES_PASSED,ELIGIBLE_ALL_RULES_PASSED,R_AGE;R_INCOME,,True,SELECTED,180000.0,2160000.0,1839327.83
TN-SYN-P-000001212,Ramanathapuram,25,Rural,70,Male,4,1,4,Casual labour in agriculture,Illiterate,Not literate,Employed,Employed,0.0,6608.0,Other Backward Class,1.0,1.05388257177,1.0533687701,1.0533687701,1.0533687701,TN-HH-00001212,tn_elderly_pension_001,1.0,POLICY-RUN-8C351476BB,TN-SYN-P-000001212,TN-HH-00001212,True,False,ELIGIBLE_ALL_RULES_PASSED,ELIGIBLE_ALL_RULES_PASSED,R_AGE;R_INCOME,,True,SELECTED,180000.0,2160000.0,2275276.54
TN-SYN-P-000001216,Perambalur,14,Urban,64,Female,2,2,2,Self-employed in agriculture,Literate,Middle,Employed,Employed,0.0,9083.0,Other Backward Class,1.0,1.0223852304,1.02189038143,1.02189038143,1.02189038143,TN-HH-00001216,tn_elderly_pension_001,1.0,POLICY-RUN-8C351476BB,TN-SYN-P-000001216,TN-HH-00001216,True,False,ELIGIBLE_ALL_RULES_PASSED,ELIGIBLE_ALL_RULES_PASSED,R_AGE;R_INCOME,,True,SELECTED,180000.0,2160000.0,2207283.22
TN-SYN-P-000001221,Tenkasi,33,Rural,80,Female,3,1,1,Others,Illiterate,Not literate,Not in labour force,Not in labour force,0.0,2625.0,Scheduled Caste,1.0,0.88208608392,0.881675656319,0.881675656319,0.881675656319,TN-HH-00001221,tn_elderly_pension_001,1.0,POLICY-RUN-8C351476BB,TN-SYN-P-000001221,TN-HH-00001221,True,False,ELIGIBLE_ALL_RULES_PASSED,ELIGIBLE_ALL_RULES_PASSED,R_AGE;R_INCOME,,True,SELECTED,180000.0,2160000.0,1904419.42
TN-SYN-P-000001222,Krishnagiri,30,Urban,68,Female,3,7,5,Self-employed in non-agriculture,Illiterate,Not literate,Not in labour force,Not in labour force,0.0,12498.0,Other Backward Class,1.0,1.0223852304,1.02189038143,1.02189038143,1.02189038143,TN-HH-00001222,tn_elderly_pension_001,1.0,POLICY-RUN-8C351476BB,TN-SYN-P-000001222,TN-HH-00001222,True,False,ELIGIBLE_ALL_RULES_PASSED,ELIGIBLE_ALL_RULES_PASSED,R_AGE;R_INCOME,,True,SELECTED,180000.0,2160000.0,2207283.22
TN-SYN-P-000001223,Erode,09,Rural,65,Female,3,1,1,Self-employed in agriculture,Illiterate,Not literate,Employed,Employed,0.0,5392.0,Other Backward Class,1.0,1.05622434506,1.05570913428,1.05570913428,1.05570913428,TN-HH-00001223,tn_elderly_pension_001,1.0,POLICY-RUN-8C351476BB,TN-SYN-P-000001223,TN-HH-00001223,True,False,ELIGIBLE_ALL_RULES_PASSED,ELIGIBLE_ALL_RULES_PASSED,R_AGE;R_INCOME,,True,SELECTED,180000.0,2160000.0,2280331.73
TN-SYN-P-000001234,Ramanathapuram,25,Rural,63,Female,2,7,5,Regular wage/salary earning,Illiterate,Not literate,Not in labour force,Not in labour force,0.0,15533.0,Other Backward Class,1.0,1.05622434506,1.05570913428,1.05570913428,1.05570913428,TN-HH-00001234,tn_elderly_pension_001,1.0,POLICY-RUN-8C351476BB,TN-SYN-P-000001234,TN-HH-00001234,True,False,ELIGIBLE_ALL_RULES_PASSED,ELIGIBLE_ALL_RULES_PASSED,R_AGE;R_INCOME,,True,SELECTED,180000.0,2160000.0,2280331.73
TN-SYN-P-000001253,Thanjavur,19,Urban,60,Male,2,1,8,Self-employed in non-agriculture,Literate,Middle,Not in labour force,Not in labour force,0.0,17220.0,Other Backward Class,1.0,1.0201184824,1.01962499739,1.01962499739,1.01962499739,TN-HH-00001253,tn_elderly_pension_001,1.0,POLICY-RUN-8C351476BB,TN-SYN-P-000001253,TN-HH-00001253,True,False,ELIGIBLE_ALL_RULES_PASSED,ELIGIBLE_ALL_RULES_PASSED,R_AGE;R_INCOME,,True,SELECTED,180000.0,2160000.0,2202389.99
TN-SYN-P-000001256,Namakkal,08,Rural,61,Male,2,1,2,Regular wage/salary earning,Literate,Secondary,Employed,Employed,20000.0,10288.0,Other Backward Class,1.0,1.05388257177,1.0533687701,1.0533687701,1.0533687701,TN-HH-00001256,tn_elderly_pension_001,1.0,POLICY-RUN-8C351476BB,TN-SYN-P-000001256,TN-HH-00001256,True,False,ELIGIBLE_ALL_RULES_PASSED,ELIGIBLE_ALL_RULES_PASSED,R_AGE;R_INCOME,,True,SELECTED,180000.0,2160000.0,2275276.54
TN-SYN-P-000001264,Ranipet,35,Urban,65,Female,3,7,5,Self-employed in agriculture,Literate,Middle,Not in labour force,Not in labour force,0.0,19368.0,Other Backward Class,1.0,1.0223852304,1.02189038143,1.02189038143,1.02189038143,TN-HH-00001264,tn_elderly_pension_001,1.0,POLICY-RUN-8C351476BB,TN-SYN-P-000001264,TN-HH-00001264,True,False,ELIGIBLE_ALL_RULES_PASSED,ELIGIBLE_ALL_RULES_PASSED,R_AGE;R_INCOME,,True,SELECTED,180000.0,2160000.0,2207283.22
TN-SYN-P-000001279,Cuddalore,16,Urban,62,Male,2,1,4,Self-employed in non-agriculture,Literate,Middle,Not in labour force,Not in labour force,0.0,19350.0,Other Backward Class,1.0,1.0201184824,1.01962499739,1.01962499739,1.01962499739,TN-HH-00001279,tn_elderly_pension_001,1.0,POLICY-RUN-8C351476BB,TN-SYN-P-000001279,TN-HH-00001279,True,False,ELIGIBLE_ALL_RULES_PASSED,ELIGIBLE_ALL_RULES_PASSED,R_AGE;R_INCOME,,True,SELECTED,180000.0,2160000.0,2202389.99
TN-SYN-P-000001282,Coimbatore,31,Urban,60,Male,2,1,3,Self-employed in non-agriculture,Literate,Below Primary,Not in labour force,Not in labour force,0.0,14827.0,Other Backward Class,1.0,1.0201184824,1.01962499739,1.01962499739,1.01962499739,TN-HH-00001282,tn_elderly_pension_001,1.0,POLICY-RUN-8C351476BB,TN-SYN-P-000001282,TN-HH-00001282,True,False,ELIGIBLE_ALL_RULES_PASSED,ELIGIBLE_ALL_RULES_PASSED,R_AGE;R_INCOME,,True,SELECTED,180000.0,2160000.0,2202389.99
TN-SYN-P-000001307,Virudhunagar,24,Rural,74,Female,3,1,1,Casual labour in non-agriculture,Illiterate,Not literate,Employed,Employed,0.0,3275.0,Other Backward Class,1.0,1.05622434506,1.05570913428,1.05570913428,1.05570913428,TN-HH-00001307,tn_elderly_pension_001,1.0,POLICY-RUN-8C351476BB,TN-SYN-P-000001307,TN-HH-00001307,True,False,ELIGIBLE_ALL_RULES_PASSED,ELIGIBLE_ALL_RULES_PASSED,R_AGE;R_INCOME,,True,SELECTED,180000.0,2160000.0,2280331.73
TN-SYN-P-000001308,Thiruvallur,01,Rural,65,Male,2,1,5,Regular wage/salary earning,Illiterate,Not literate,Not in labour force,Not in labour force,0.0,12973.0,Scheduled Caste,1.0,0.88013039559,0.879721144774,0.879721144774,0.879721144774,TN-HH-00001308,tn_elderly_pension_001,1.0,POLICY-RUN-8C351476BB,TN-SYN-P-000001308,TN-HH-00001308,True,False,ELIGIBLE_ALL_RULES_PASSED,ELIGIBLE_ALL_RULES_PASSED,R_AGE;R_INCOME,,True,SELECTED,180000.0,2160000.0,1900197.67
TN-SYN-P-000001309,Thanjavur,19,Rural,61,Female,2,2,2,Self-employed in agriculture,Literate,Below Primary,Not in labour force,Not in labour force,0.0,7624.0,Other Backward Class,1.0,1.05622434506,1.05570913428,1.05570913428,1.05570913428,TN-HH-00001309,tn_elderly_pension_001,1.0,POLICY-RUN-8C351476BB,TN-SYN-P-000001309,TN-HH-00001309,True,False,ELIGIBLE_ALL_RULES_PASSED,ELIGIBLE_ALL_RULES_PASSED,R_AGE;R_INCOME,,True,SELECTED,180000.0,2160000.0,2280331.73
TN-SYN-P-000001335,Tiruvannamalai,05,Rural,60,Female,2,2,6,Self-employed in agriculture,Illiterate,Not literate,Employed,Employed,0.0,10682.0,Other Backward Class,1.0,1.05622434506,1.05570913428,1.05570913428,1.05570913428,TN-HH-00001335,tn_elderly_pension_001,1.0,POLICY-RUN-8C351476BB,TN-SYN-P-000001335,TN-HH-00001335,True,False,ELIGIBLE_ALL_RULES_PASSED,ELIGIBLE_ALL_RULES_PASSED,R_AGE;R_INCOME,,True,SELECTED,180000.0,2160000.0,2280331.73
TN-SYN-P-000001339,Ariyalur,15,Rural,75,Female,3,1,5,Regular wage/salary earning,Illiterate,Not literate,Employed,Employed,0.0,16272.0,Other Backward Class,1.0,1.05622434506,1.05570913428,1.05570913428,1.05570913428,TN-HH-00001339,tn_elderly_pension_001,1.0,POLICY-RUN-8C351476BB,TN-SYN-P-000001339,TN-HH-00001339,True,False,ELIGIBLE_ALL_RULES_PASSED,ELIGIBLE_ALL_RULES_PASSED,R_AGE;R_INCOME,,True,SELECTED,180000.0,2160000.0,2280331.73
TN-SYN-P-000001340,Ranipet,35,Rural,78,Female,3,1,1,Others,Literate,Below Primary,Not in labour force,Not in labour force,0.0,2480.0,Scheduled Caste,1.0,0.88208608392,0.881675656319,0.881675656319,0.881675656319,TN-HH-00001340,tn_elderly_pension_001,1.0,POLICY-RUN-8C351476BB,TN-SYN-P-000001340,TN-HH-00001340,True,False,ELIGIBLE_ALL_RULES_PASSED,ELIGIBLE_ALL_RULES_PASSED,R_AGE;R_INCOME,,True,SELECTED,180000.0,2160000.0,1904419.42
TN-SYN-P-000001352,Thanjavur,19,Rural,60,Female,2,2,2,Regular wage/salary earning,Literate,Middle,Employed,Employed,0.0,8220.0,Other Backward Class,1.0,1.05622434506,1.05570913428,1.05570913428,1.05570913428,TN-HH-00001352,tn_elderly_pension_001,1.0,POLICY-RUN-8C351476BB,TN-SYN-P-000001352,TN-HH-00001352,True,False,ELIGIBLE_ALL_RULES_PASSED,ELIGIBLE_ALL_RULES_PASSED,R_AGE;R_INCOME,,True,SELECTED,180000.0,2160000.0,2280331.73
TN-SYN-P-000001358,Kanniyakumari,28,Urban,65,Female,2,1,2,Regular wage/salary earning,Illiterate,Not literate,Not in labour force,Not in labour force,0.0,8160.0,Other Backward Class,1.0,1.0223852304,1.02189038143,1.02189038143,1.02189038143,TN-HH-00001358,tn_elderly_pension_001,1.0,POLICY-RUN-8C351476BB,TN-SYN-P-000001358,TN-HH-00001358,True,False,ELIGIBLE_ALL_RULES_PASSED,ELIGIBLE_ALL_RULES_PASSED,R_AGE;R_INCOME,,True,SELECTED,180000.0,2160000.0,2207283.22
TN-SYN-P-000001360,Salem,07,Urban,70,Male,2,1,2,Regular wage/salary earning,Illiterate,Not literate,Employed,Employed,0.0,6692.0,Scheduled Caste,1.0,0.851932945387,0.851540661655,0.851540661655,0.851540661655,TN-HH-00001360,tn_elderly_pension_001,1.0,POLICY-RUN-8C351476BB,TN-SYN-P-000001360,TN-HH-00001360,True,False,ELIGIBLE_ALL_RULES_PASSED,ELIGIBLE_ALL_RULES_PASSED,R_AGE;R_INCOME,,True,SELECTED,180000.0,2160000.0,1839327.83
TN-SYN-P-000001374,Thiruvallur,01,Urban,65,Female,3,1,2,Self-employed in agriculture,Literate,Middle,Not in labour force,Not in labour force,0.0,12617.0,Others,1.0,1.0223852304,1.02189038143,1.02189038143,1.02189038143,TN-HH-00001374,tn_elderly_pension_001,1.0,POLICY-RUN-8C351476BB,TN-SYN-P-000001374,TN-HH-00001374,True,False,ELIGIBLE_ALL_RULES_PASSED,ELIGIBLE_ALL_RULES_PASSED,R_AGE;R_INCOME,,True,SELECTED,180000.0,2160000.0,2207283.22
TN-SYN-P-000001380,Salem,07,Rural,70,Female,3,1,1,Casual labour in non-agriculture,Illiterate,Not literate,Employed,Employed,0.0,3083.0,Scheduled Caste,1.0,0.88208608392,0.881675656319,0.881675656319,0.881675656319,TN-HH-00001380,tn_elderly_pension_001,1.0,POLICY-RUN-8C351476BB,TN-SYN-P-000001380,TN-HH-00001380,True,False,ELIGIBLE_ALL_RULES_PASSED,ELIGIBLE_ALL_RULES_PASSED,R_AGE;R_INCOME,,True,SELECTED,180000.0,2160000.0,1904419.42
TN-SYN-P-000001385,Theni,23,Rural,65,Male,2,1,3,Regular wage/salary earning,Illiterate,Not literate,Employed,Employed,12000.0,7742.0,Scheduled Caste,1.0,0.88013039559,0.879721144774,0.879721144774,0.879721144774,TN-HH-00001385,tn_elderly_pension_001,1.0,POLICY-RUN-8C351476BB,TN-SYN-P-000001385,TN-HH-00001385,True,False,ELIGIBLE_ALL_RULES_PASSED,ELIGIBLE_ALL_RULES_PASSED,R_AGE;R_INCOME,,True,SELECTED,180000.0,2160000.0,1900197.67
TN-SYN-P-000001388,Kanniyakumari,28,Urban,62,Female,2,2,6,Self-employed in agriculture,Literate,Middle,Not in labour force,Not in labour force,0.0,20897.0,Other Backward Class,1.0,1.0223852304,1.02189038143,1.02189038143,1.02189038143,TN-HH-00001388,tn_elderly_pension_001,1.0,POLICY-RUN-8C351476BB,TN-SYN-P-000001388,TN-HH-00001388,True,False,ELIGIBLE_ALL_RULES_PASSED,ELIGIBLE_ALL_RULES_PASSED,R_AGE;R_INCOME,,True,SELECTED,180000.0,2160000.0,2207283.22
TN-SYN-P-000001393,Krishnagiri,30,Urban,78,Female,3,1,1,Others,Illiterate,Not literate,Not in labour force,Not in labour force,0.0,3013.0,Scheduled Caste,1.0,0.853825977746,0.853432554931,0.853432554931,0.853432554931,TN-HH-00001393,tn_elderly_pension_001,1.0,POLICY-RUN-8C351476BB,TN-SYN-P-000001393,TN-HH-00001393,True,False,ELIGIBLE_ALL_RULES_PASSED,ELIGIBLE_ALL_RULES_PASSED,R_AGE;R_INCOME,,True,SELECTED,180000.0,2160000.0,1843414.32
TN-SYN-P-000001397,Cuddalore,16,Rural,67,Female,3,7,5,Casual labour in non-agriculture,Illiterate,Not literate,Not in labour force,Not in labour force,0.0,13983.0,Other Backward Class,1.0,1.05622434506,1.05570913428,1.05570913428,1.05570913428,TN-HH-00001397,tn_elderly_pension_001,1.0,POLICY-RUN-8C351476BB,TN-SYN-P-000001397,TN-HH-00001397,True,False,ELIGIBLE_ALL_RULES_PASSED,ELIGIBLE_ALL_RULES_PASSED,R_AGE;R_INCOME,,True,SELECTED,180000.0,2160000.0,2280331.73
TN-SYN-P-000001398,Ranipet,35,Rural,62,Male,2,1,7,Regular wage/salary earning,Literate,Secondary,Not in labour force,Not in labour force,0.0,18158.0,Scheduled Caste,1.0,0.88013039559,0.879721144774,0.879721144774,0.879721144774,TN-HH-00001398,tn_elderly_pension_001,1.0,POLICY-RUN-8C351476BB,TN-SYN-P-000001398,TN-HH-00001398,True,False,ELIGIBLE_ALL_RULES_PASSED,ELIGIBLE_ALL_RULES_PASSED,R_AGE;R_INCOME,,True,SELECTED,180000.0,2160000.0,1900197.67
TN-SYN-P-000001402,Erode,09,Urban,80,Female,3,7,2,Regular wage/salary earning,Illiterate,Not literate,Not in labour force,Not in labour force,0.0,6130.0,Other Backward Class,1.0,1.0223852304,1.02189038143,1.02189038143,1.02189038143,TN-HH-00001402,tn_elderly_pension_001,1.0,POLICY-RUN-8C351476BB,TN-SYN-P-000001402,TN-HH-00001402,True,False,ELIGIBLE_ALL_RULES_PASSED,ELIGIBLE_ALL_RULES_PASSED,R_AGE;R_INCOME,,True,SELECTED,180000.0,2160000.0,2207283.22
TN-SYN-P-000001407,Thoothukudi,26,Urban,63,Male,2,1,1,Others,Literate,Higher Secondary,Not in labour force,Not in labour force,0.0,8147.0,Other Backward Class,1.0,1.0201184824,1.01962499739,1.01962499739,1.01962499739,TN-HH-00001407,tn_elderly_pension_001,1.0,POLICY-RUN-8C351476BB,TN-SYN-P-000001407,TN-HH-00001407,True,False,ELIGIBLE_ALL_RULES_PASSED,ELIGIBLE_ALL_RULES_PASSED,R_AGE;R_INCOME,,True,SELECTED,180000.0,2160000.0,2202389.99
TN-SYN-P-000001410,Thiruvallur,01,Rural,80,Female,3,1,1,Others,Illiterate,Not literate,Not in labour force,Not in labour force,0.0,2212.0,Other Backward Class,1.0,1.05622434506,1.05570913428,1.05570913428,1.05570913428,TN-HH-00001410,tn_elderly_pension_001,1.0,POLICY-RUN-8C351476BB,TN-SYN-P-000001410,TN-HH-00001410,True,False,ELIGIBLE_ALL_RULES_PASSED,ELIGIBLE_ALL_RULES_PASSED,R_AGE;R_INCOME,,True,SELECTED,180000.0,2160000.0,2280331.73
TN-SYN-P-000001414,Chennai,02,Urban,70,Male,2,1,2,Self-employed in non-agriculture,Literate,Primary,Employed,Employed,7205.0,4314.0,Other Backward Class,1.0,1.0201184824,1.01962499739,1.01962499739,1.01962499739,TN-HH-00001414,tn_elderly_pension_001,1.0,POLICY-RUN-8C351476BB,TN-SYN-P-000001414,TN-HH-00001414,True,False,ELIGIBLE_ALL_RULES_PASSED,ELIGIBLE_ALL_RULES_PASSED,R_AGE;R_INCOME,,True,SELECTED,180000.0,2160000.0,2202389.99
TN-SYN-P-000001427,Pudukkottai,20,Rural,70,Male,2,7,5,Regular wage/salary earning,Literate,Primary,Not in labour force,Not in labour force,0.0,8831.0,Other Backward Class,1.0,1.05388257177,1.0533687701,1.0533687701,1.0533687701,TN-HH-00001427,tn_elderly_pension_001,1.0,POLICY-RUN-8C351476BB,TN-SYN-P-000001427,TN-HH-00001427,True,False,ELIGIBLE_ALL_RULES_PASSED,ELIGIBLE_ALL_RULES_PASSED,R_AGE;R_INCOME,,True,SELECTED,180000.0,2160000.0,2275276.54
TN-SYN-P-000001428,Cuddalore,16,Rural,67,Female,3,7,5,Casual labour in non-agriculture,Illiterate,Not literate,Not in labour force,Not in labour force,0.0,13983.0,Other Backward Class,1.0,1.05622434506,1.05570913428,1.05570913428,1.05570913428,TN-HH-00001428,tn_elderly_pension_001,1.0,POLICY-RUN-8C351476BB,TN-SYN-P-000001428,TN-HH-00001428,True,False,ELIGIBLE_ALL_RULES_PASSED,ELIGIBLE_ALL_RULES_PASSED,R_AGE;R_INCOME,,True,SELECTED,180000.0,2160000.0,2280331.73
TN-SYN-P-000001436,Tenkasi,33,Urban,60,Male,2,1,3,Self-employed in non-agriculture,Literate,Diploma/Certificate,Not in labour force,Not in labour force,0.0,26728.0,Other Backward Class,1.0,1.0201184824,1.01962499739,1.01962499739,1.01962499739,TN-HH-00001436,tn_elderly_pension_001,1.0,POLICY-RUN-8C351476BB,TN-SYN-P-000001436,TN-HH-00001436,True,False,ELIGIBLE_ALL_RULES_PASSED,ELIGIBLE_ALL_RULES_PASSED,R_AGE;R_INCOME,,True,SELECTED,180000.0,2160000.0,2202389.99
TN-SYN-P-000001442,Namakkal,08,Urban,63,Male,2,1,2,Self-employed in agriculture,Literate,Secondary,Employed,Employed,0.0,5400.0,Other Backward Class,1.0,1.0201184824,1.01962499739,1.01962499739,1.01962499739,TN-HH-00001442,tn_elderly_pension_001,1.0,POLICY-RUN-8C351476BB,TN-SYN-P-000001442,TN-HH-00001442,True,False,ELIGIBLE_ALL_RULES_PASSED,ELIGIBLE_ALL_RULES_PASSED,R_AGE;R_INCOME,,True,SELECTED,180000.0,2160000.0,2202389.99
TN-SYN-P-000001455,Tirunelveli,27,Rural,73,Male,3,1,2,Regular wage/salary earning,Literate,Below Primary,Not in labour force,Not in labour force,0.0,9283.0,Other Backward Class,1.0,1.05388257177,1.0533687701,1.0533687701,1.0533687701,TN-HH-00001455,tn_elderly_pension_001,1.0,POLICY-RUN-8C351476BB,TN-SYN-P-000001455,TN-HH-00001455,True,False,ELIGIBLE_ALL_RULES_PASSED,ELIGIBLE_ALL_RULES_PASSED,R_AGE;R_INCOME,,True,SELECTED,180000.0,2160000.0,2275276.54
TN-SYN-P-000001456,Tiruppur,32,Rural,104,Female,3,7,4,Self-employed in agriculture,Illiterate,Not literate,Not in labour force,Not in labour force,0.0,11558.0,Other Backward Class,1.0,1.05622434506,1.05570913428,1.05570913428,1.05570913428,TN-HH-00001456,tn_elderly_pension_001,1.0,POLICY-RUN-8C351476BB,TN-SYN-P-000001456,TN-HH-00001456,True,False,ELIGIBLE_ALL_RULES_PASSED,ELIGIBLE_ALL_RULES_PASSED,R_AGE;R_INCOME,,True,SELECTED,180000.0,2160000.0,2280331.73
TN-SYN-P-000001468,Tiruchirappalli,13,Rural,68,Female,3,7,3,Regular wage/salary earning,Illiterate,Not literate,Employed,Employed,0.0,17660.0,Other Backward Class,1.0,1.05622434506,1.05570913428,1.05570913428,1.05570913428,TN-HH-00001468,tn_elderly_pension_001,1.0,POLICY-RUN-8C351476BB,TN-SYN-P-000001468,TN-HH-00001468,True,False,ELIGIBLE_ALL_RULES_PASSED,ELIGIBLE_ALL_RULES_PASSED,R_AGE;R_INCOME,,True,SELECTED,180000.0,2160000.0,2280331.73
TN-SYN-P-000001469,Tirupathur,36,Rural,67,Female,2,2,6,Self-employed in non-agriculture,Illiterate,Not literate,Employed,Employed,0.0,11478.0,Other Backward Class,1.0,1.05622434506,1.05570913428,1.05570913428,1.05570913428,TN-HH-00001469,tn_elderly_pension_001,1.0,POLICY-RUN-8C351476BB,TN-SYN-P-000001469,TN-HH-00001469,True,False,ELIGIBLE_ALL_RULES_PASSED,ELIGIBLE_ALL_RULES_PASSED,R_AGE;R_INCOME,,True,SELECTED,180000.0,2160000.0,2280331.73
TN-SYN-P-000001472,Tiruvannamalai,05,Rural,75,Female,3,9,4,Regular wage/salary earning,Illiterate,Not literate,Not in labour force,Not in labour force,0.0,7402.0,Scheduled Caste,1.0,0.88208608392,0.881675656319,0.881675656319,0.881675656319,TN-HH-00001472,tn_elderly_pension_001,1.0,POLICY-RUN-8C351476BB,TN-SYN-P-000001472,TN-HH-00001472,True,False,ELIGIBLE_ALL_RULES_PASSED,ELIGIBLE_ALL_RULES_PASSED,R_AGE;R_INCOME,,True,SELECTED,180000.0,2160000.0,1904419.42
TN-SYN-P-000001476,Salem,07,Urban,60,Female,2,2,6,Self-employed in agriculture,Illiterate,Not literate,Employed,Employed,0.0,14650.0,Other Backward Class,1.0,1.0223852304,1.02189038143,1.02189038143,1.02189038143,TN-HH-00001476,tn_elderly_pension_001,1.0,POLICY-RUN-8C351476BB,TN-SYN-P-000001476,TN-HH-00001476,True,False,ELIGIBLE_ALL_RULES_PASSED,ELIGIBLE_ALL_RULES_PASSED,R_AGE;R_INCOME,,True,SELECTED,180000.0,2160000.0,2207283.22
TN-SYN-P-000001481,Salem,07,Urban,66,Female,3,7,5,Self-employed in agriculture,Illiterate,Not literate,Not in labour force,Not in labour force,0.0,20204.0,Other Backward Class,1.0,1.0223852304,1.02189038143,1.02189038143,1.02189038143,TN-HH-00001481,tn_elderly_pension_001,1.0,POLICY-RUN-8C351476BB,TN-SYN-P-000001481,TN-HH-00001481,True,False,ELIGIBLE_ALL_RULES_PASSED,ELIGIBLE_ALL_RULES_PASSED,R_AGE;R_INCOME,,True,SELECTED,180000.0,2160000.0,2207283.22
TN-SYN-P-000001512,Pudukkottai,20,Rural,64,Female,2,7,5,Regular wage/salary earning,Literate,Secondary,Not in labour force,Not in labour force,0.0,8831.0,Other Backward Class,1.0,1.05622434506,1.05570913428,1.05570913428,1.05570913428,TN-HH-00001512,tn_elderly_pension_001,1.0,POLICY-RUN-8C351476BB,TN-SYN-P-000001512,TN-HH-00001512,True,False,ELIGIBLE_ALL_RULES_PASSED,ELIGIBLE_ALL_RULES_PASSED,R_AGE;R_INCOME,,True,SELECTED,180000.0,2160000.0,2280331.73
TN-SYN-P-000001513,Tirupathur,36,Urban,72,Female,3,7,5,Self-employed in non-agriculture,Illiterate,Not literate,Not in labour force,Not in labour force,0.0,16596.0,Other Backward Class,1.0,1.0223852304,1.02189038143,1.02189038143,1.02189038143,TN-HH-00001513,tn_elderly_pension_001,1.0,POLICY-RUN-8C351476BB,TN-SYN-P-000001513,TN-HH-00001513,True,False,ELIGIBLE_ALL_RULES_PASSED,ELIGIBLE_ALL_RULES_PASSED,R_AGE;R_INCOME,,True,SELECTED,180000.0,2160000.0,2207283.22
TN-SYN-P-000001515,Erode,09,Rural,60,Female,3,7,4,Self-employed in agriculture,Illiterate,Not literate,Employed,Employed,0.0,15983.0,Other Backward Class,1.0,1.05622434506,1.05570913428,1.05570913428,1.05570913428,TN-HH-00001515,tn_elderly_pension_001,1.0,POLICY-RUN-8C351476BB,TN-SYN-P-000001515,TN-HH-00001515,True,False,ELIGIBLE_ALL_RULES_PASSED,ELIGIBLE_ALL_RULES_PASSED,R_AGE;R_INCOME,,True,SELECTED,180000.0,2160000.0,2280331.73
TN-SYN-P-000001516,Chennai,02,Urban,60,Female,3,1,2,Self-employed in non-agriculture,Illiterate,Not literate,Employed,Employed,20000.0,15330.0,Other Backward Class,1.0,1.0223852304,1.02189038143,1.02189038143,1.02189038143,TN-HH-00001516,tn_elderly_pension_001,1.0,POLICY-RUN-8C351476BB,TN-SYN-P-000001516,TN-HH-00001516,True,False,ELIGIBLE_ALL_RULES_PASSED,ELIGIBLE_ALL_RULES_PASSED,R_AGE;R_INCOME,,True,SELECTED,180000.0,2160000.0,2207283.22
TN-SYN-P-000001519,Tirunelveli,27,Rural,60,Male,2,1,3,Self-employed in non-agriculture,Literate,Middle,Employed,Employed,0.0,11247.0,Other Backward Class,1.0,1.05388257177,1.0533687701,1.0533687701,1.0533687701,TN-HH-00001519,tn_elderly_pension_001,1.0,POLICY-RUN-8C351476BB,TN-SYN-P-000001519,TN-HH-00001519,True,False,ELIGIBLE_ALL_RULES_PASSED,ELIGIBLE_ALL_RULES_PASSED,R_AGE;R_INCOME,,True,SELECTED,180000.0,2160000.0,2275276.54
TN-SYN-P-000001520,Ranipet,35,Rural,75,Male,2,1,6,Casual labour in non-agriculture,Literate,Below Primary,Employed,Employed,0.0,8058.0,Other Backward Class,1.0,1.05388257177,1.0533687701,1.0533687701,1.0533687701,TN-HH-00001520,tn_elderly_pension_001,1.0,POLICY-RUN-8C351476BB,TN-SYN-P-000001520,TN-HH-00001520,True,False,ELIGIBLE_ALL_RULES_PASSED,ELIGIBLE_ALL_RULES_PASSED,R_AGE;R_INCOME,,True,SELECTED,180000.0,2160000.0,2275276.54
TN-SYN-P-000001523,Coimbatore,31,Urban,75,Male,4,1,2,Self-employed in non-agriculture,Literate,Middle,Employed,Employed,9530.0,9700.0,Other Backward Class,1.0,1.0201184824,1.01962499739,1.01962499739,1.01962499739,TN-HH-00001523,tn_elderly_pension_001,1.0,POLICY-RUN-8C351476BB,TN-SYN-P-000001523,TN-HH-00001523,True,False,ELIGIBLE_ALL_RULES_PASSED,ELIGIBLE_ALL_RULES_PASSED,R_AGE;R_INCOME,,True,SELECTED,180000.0,2160000.0,2202389.99
TN-SYN-P-000001528,Tirunelveli,27,Urban,63,Female,3,7,2,Self-employed in agriculture,Literate,Higher Secondary,Not in labour force,Not in labour force,0.0,13397.0,Other Backward Class,1.0,1.0223852304,1.02189038143,1.02189038143,1.02189038143,TN-HH-00001528,tn_elderly_pension_001,1.0,POLICY-RUN-8C351476BB,TN-SYN-P-000001528,TN-HH-00001528,True,False,ELIGIBLE_ALL_RULES_PASSED,ELIGIBLE_ALL_RULES_PASSED,R_AGE;R_INCOME,,True,SELECTED,180000.0,2160000.0,2207283.22
TN-SYN-P-000001531,Erode,09,Rural,60,Female,3,7,4,Self-employed in agriculture,Illiterate,Not literate,Employed,Employed,0.0,15983.0,Other Backward Class,1.0,1.05622434506,1.05570913428,1.05570913428,1.05570913428,TN-HH-00001531,tn_elderly_pension_001,1.0,POLICY-RUN-8C351476BB,TN-SYN-P-000001531,TN-HH-00001531,True,False,ELIGIBLE_ALL_RULES_PASSED,ELIGIBLE_ALL_RULES_PASSED,R_AGE;R_INCOME,,True,SELECTED,180000.0,2160000.0,2280331.73
TN-SYN-P-000001564,Thiruvarur,18,Rural,86,Male,2,1,2,Self-employed in agriculture,Illiterate,Not literate,Employed,Employed,0.0,7710.0,Other Backward Class,1.0,1.05388257177,1.0533687701,1.0533687701,1.0533687701,TN-HH-00001564,tn_elderly_pension_001,1.0,POLICY-RUN-8C351476BB,TN-SYN-P-000001564,TN-HH-00001564,True,False,ELIGIBLE_ALL_RULES_PASSED,ELIGIBLE_ALL_RULES_PASSED,R_AGE;R_INCOME,,True,SELECTED,180000.0,2160000.0,2275276.54
TN-SYN-P-000001566,Kancheepuram,03,Rural,60,Female,2,7,6,Regular wage/salary earning,Illiterate,Not literate,Not in labour force,Not in labour force,0.0,23318.0,Scheduled Caste,1.0,0.88208608392,0.881675656319,0.881675656319,0.881675656319,TN-HH-00001566,tn_elderly_pension_001,1.0,POLICY-RUN-8C351476BB,TN-SYN-P-000001566,TN-HH-00001566,True,False,ELIGIBLE_ALL_RULES_PASSED,ELIGIBLE_ALL_RULES_PASSED,R_AGE;R_INCOME,,True,SELECTED,180000.0,2160000.0,1904419.42
TN-SYN-P-000001567,Theni,23,Rural,75,Male,2,1,2,Others,Literate,Below Primary,Not in labour force,Not in labour force,0.0,8685.0,Other Backward Class,1.0,1.05388257177,1.0533687701,1.0533687701,1.0533687701,TN-HH-00001567,tn_elderly_pension_001,1.0,POLICY-RUN-8C351476BB,TN-SYN-P-000001567,TN-HH-00001567,True,False,ELIGIBLE_ALL_RULES_PASSED,ELIGIBLE_ALL_RULES_PASSED,R_AGE;R_INCOME,,True,SELECTED,180000.0,2160000.0,2275276.54
TN-SYN-P-000001570,Tiruvannamalai,05,Urban,62,Female,2,2,2,Others,Illiterate,Not literate,Not in labour force,Not in labour force,0.0,4773.0,Other Backward Class,1.0,1.0223852304,1.02189038143,1.02189038143,1.02189038143,TN-HH-00001570,tn_elderly_pension_001,1.0,POLICY-RUN-8C351476BB,TN-SYN-P-000001570,TN-HH-00001570,True,False,ELIGIBLE_ALL_RULES_PASSED,ELIGIBLE_ALL_RULES_PASSED,R_AGE;R_INCOME,,True,SELECTED,180000.0,2160000.0,2207283.22
TN-SYN-P-000001574,Cuddalore,16,Rural,61,Female,3,7,5,Regular wage/salary earning,Illiterate,Not literate,Employed,Employed,0.0,12700.0,Other Backward Class,1.0,1.05622434506,1.05570913428,1.05570913428,1.05570913428,TN-HH-00001574,tn_elderly_pension_001,1.0,POLICY-RUN-8C351476BB,TN-SYN-P-000001574,TN-HH-00001574,True,False,ELIGIBLE_ALL_RULES_PASSED,ELIGIBLE_ALL_RULES_PASSED,R_AGE;R_INCOME,,True,SELECTED,180000.0,2160000.0,2280331.73
TN-SYN-P-000001575,Ariyalur,15,Rural,65,Female,2,2,2,Others,Illiterate,Not literate,Not in labour force,Not in labour force,0.0,3958.0,Other Backward Class,1.0,1.05622434506,1.05570913428,1.05570913428,1.05570913428,TN-HH-00001575,tn_elderly_pension_001,1.0,POLICY-RUN-8C351476BB,TN-SYN-P-000001575,TN-HH-00001575,True,False,ELIGIBLE_ALL_RULES_PASSED,ELIGIBLE_ALL_RULES_PASSED,R_AGE;R_INCOME,,True,SELECTED,180000.0,2160000.0,2280331.73
TN-SYN-P-000001578,Pudukkottai,20,Rural,73,Female,3,1,1,Others,Illiterate,Not literate,Not in labour force,Not in labour force,0.0,3047.0,Other Backward Class,1.0,1.05622434506,1.05570913428,1.05570913428,1.05570913428,TN-HH-00001578,tn_elderly_pension_001,1.0,POLICY-RUN-8C351476BB,TN-SYN-P-000001578,TN-HH-00001578,True,False,ELIGIBLE_ALL_RULES_PASSED,ELIGIBLE_ALL_RULES_PASSED,R_AGE;R_INCOME,,True,SELECTED,180000.0,2160000.0,2280331.73
TN-SYN-P-000001605,Tenkasi,33,Urban,64,Male,2,1,4,Self-employed in non-agriculture,Literate,Middle,Not in labour force,Not in labour force,0.0,15260.0,Other Backward Class,1.0,1.0201184824,1.01962499739,1.01962499739,1.01962499739,TN-HH-00001605,tn_elderly_pension_001,1.0,POLICY-RUN-8C351476BB,TN-SYN-P-000001605,TN-HH-00001605,True,False,ELIGIBLE_ALL_RULES_PASSED,ELIGIBLE_ALL_RULES_PASSED,R_AGE;R_INCOME,,True,SELECTED,180000.0,2160000.0,2202389.99
TN-SYN-P-000001607,Ranipet,35,Urban,60,Male,2,1,4,Others,Literate,Middle,Not in labour force,Not in labour force,0.0,11348.0,Other Backward Class,1.0,1.0201184824,1.01962499739,1.01962499739,1.01962499739,TN-HH-00001607,tn_elderly_pension_001,1.0,POLICY-RUN-8C351476BB,TN-SYN-P-000001607,TN-HH-00001607,True,False,ELIGIBLE_ALL_RULES_PASSED,ELIGIBLE_ALL_RULES_PASSED,R_AGE;R_INCOME,,True,SELECTED,180000.0,2160000.0,2202389.99
TN-SYN-P-000001612,Coimbatore,31,Urban,64,Female,3,1,1,Self-employed in non-agriculture,Illiterate,Not literate,Employed,Employed,8500.0,3868.0,Other Backward Class,1.0,1.0223852304,1.02189038143,1.02189038143,1.02189038143,TN-HH-00001612,tn_elderly_pension_001,1.0,POLICY-RUN-8C351476BB,TN-SYN-P-000001612,TN-HH-00001612,True,False,ELIGIBLE_ALL_RULES_PASSED,ELIGIBLE_ALL_RULES_PASSED,R_AGE;R_INCOME,,True,SELECTED,180000.0,2160000.0,2207283.22
TN-SYN-P-000001613,Dharmapuri,29,Urban,60,Male,2,1,7,Self-employed in non-agriculture,Illiterate,Not literate,Employed,Employed,0.0,18306.0,Scheduled Caste,1.0,0.851932945387,0.851540661655,0.851540661655,0.851540661655,TN-HH-00001613,tn_elderly_pension_001,1.0,POLICY-RUN-8C351476BB,TN-SYN-P-000001613,TN-HH-00001613,True,False,ELIGIBLE_ALL_RULES_PASSED,ELIGIBLE_ALL_RULES_PASSED,R_AGE;R_INCOME,,True,SELECTED,180000.0,2160000.0,1839327.83
TN-SYN-P-000001617,Chennai,02,Urban,74,Male,2,1,2,Others,Literate,Diploma/Certificate,Not in labour force,Not in labour force,0.0,15008.0,Other Backward Class,1.0,1.0201184824,1.01962499739,1.01962499739,1.01962499739,TN-HH-00001617,tn_elderly_pension_001,1.0,POLICY-RUN-8C351476BB,TN-SYN-P-000001617,TN-HH-00001617,True,False,ELIGIBLE_ALL_RULES_PASSED,ELIGIBLE_ALL_RULES_PASSED,R_AGE;R_INCOME,,True,SELECTED,180000.0,2160000.0,2202389.99
TN-SYN-P-000001620,Ranipet,35,Urban,73,Female,3,7,6,Self-employed in non-agriculture,Illiterate,Not literate,Not in labour force,Not in labour force,0.0,24810.0,Other Backward Class,1.0,1.0223852304,1.02189038143,1.02189038143,1.02189038143,TN-HH-00001620,tn_elderly_pension_001,1.0,POLICY-RUN-8C351476BB,TN-SYN-P-000001620,TN-HH-00001620,True,False,ELIGIBLE_ALL_RULES_PASSED,ELIGIBLE_ALL_RULES_PASSED,R_AGE;R_INCOME,,True,SELECTED,180000.0,2160000.0,2207283.22
TN-SYN-P-000001623,Erode,09,Urban,75,Female,3,7,3,Self-employed in non-agriculture,Illiterate,Not literate,Not in labour force,Not in labour force,0.0,18558.0,Other Backward Class,1.0,1.0223852304,1.02189038143,1.02189038143,1.02189038143,TN-HH-00001623,tn_elderly_pension_001,1.0,POLICY-RUN-8C351476BB,TN-SYN-P-000001623,TN-HH-00001623,True,False,ELIGIBLE_ALL_RULES_PASSED,ELIGIBLE_ALL_RULES_PASSED,R_AGE;R_INCOME,,True,SELECTED,180000.0,2160000.0,2207283.22
TN-SYN-P-000001628,Kancheepuram,03,Rural,68,Male,2,7,6,Regular wage/salary earning,Illiterate,Not literate,Not in labour force,Not in labour force,0.0,23318.0,Scheduled Caste,1.0,0.88013039559,0.879721144774,0.879721144774,0.879721144774,TN-HH-00001628,tn_elderly_pension_001,1.0,POLICY-RUN-8C351476BB,TN-SYN-P-000001628,TN-HH-00001628,True,False,ELIGIBLE_ALL_RULES_PASSED,ELIGIBLE_ALL_RULES_PASSED,R_AGE;R_INCOME,,True,SELECTED,180000.0,2160000.0,1900197.67
TN-SYN-P-000001631,Dindigul,11,Rural,69,Male,3,8,3,Others,Illiterate,Not literate,Not in labour force,Not in labour force,0.0,5330.0,Scheduled Caste,1.0,0.88013039559,0.879721144774,0.879721144774,0.879721144774,TN-HH-00001631,tn_elderly_pension_001,1.0,POLICY-RUN-8C351476BB,TN-SYN-P-000001631,TN-HH-00001631,True,False,ELIGIBLE_ALL_RULES_PASSED,ELIGIBLE_ALL_RULES_PASSED,R_AGE;R_INCOME,,True,SELECTED,180000.0,2160000.0,1900197.67
TN-SYN-P-000001644,Namakkal,08,Rural,66,Male,2,1,2,Casual labour in agriculture,Illiterate,Not literate,Employed,Employed,0.0,3267.0,Scheduled Caste,1.0,0.88013039559,0.879721144774,0.879721144774,0.879721144774,TN-HH-00001644,tn_elderly_pension_001,1.0,POLICY-RUN-8C351476BB,TN-SYN-P-000001644,TN-HH-00001644,True,False,ELIGIBLE_ALL_RULES_PASSED,ELIGIBLE_ALL_RULES_PASSED,R_AGE;R_INCOME,,True,SELECTED,180000.0,2160000.0,1900197.67
TN-SYN-P-000001660,Cuddalore,16,Urban,65,Female,2,2,2,Others,Literate,Below Primary,Not in labour force,Not in labour force,0.0,5467.0,Other Backward Class,1.0,1.0223852304,1.02189038143,1.02189038143,1.02189038143,TN-HH-00001660,tn_elderly_pension_001,1.0,POLICY-RUN-8C351476BB,TN-SYN-P-000001660,TN-HH-00001660,True,False,ELIGIBLE_ALL_RULES_PASSED,ELIGIBLE_ALL_RULES_PASSED,R_AGE;R_INCOME,,True,SELECTED,180000.0,2160000.0,2207283.22
TN-SYN-P-000001665,Pudukkottai,20,Rural,64,Female,2,7,5,Regular wage/salary earning,Literate,Secondary,Not in labour force,Not in labour force,0.0,8831.0,Other Backward Class,1.0,1.05622434506,1.05570913428,1.05570913428,1.05570913428,TN-HH-00001665,tn_elderly_pension_001,1.0,POLICY-RUN-8C351476BB,TN-SYN-P-000001665,TN-HH-00001665,True,False,ELIGIBLE_ALL_RULES_PASSED,ELIGIBLE_ALL_RULES_PASSED,R_AGE;R_INCOME,,True,SELECTED,180000.0,2160000.0,2280331.73
TN-SYN-P-000001672,Theni,23,Rural,79,Male,3,1,4,Casual labour in agriculture,Illiterate,Not literate,Not in labour force,Not in labour force,0.0,12473.0,Other Backward Class,1.0,1.05388257177,1.0533687701,1.0533687701,1.0533687701,TN-HH-00001672,tn_elderly_pension_001,1.0,POLICY-RUN-8C351476BB,TN-SYN-P-000001672,TN-HH-00001672,True,False,ELIGIBLE_ALL_RULES_PASSED,ELIGIBLE_ALL_RULES_PASSED,R_AGE;R_INCOME,,True,SELECTED,180000.0,2160000.0,2275276.54
TN-SYN-P-000001673,Krishnagiri,30,Urban,68,Female,3,7,5,Self-employed in non-agriculture,Illiterate,Not literate,Not in labour force,Not in labour force,0.0,11800.0,Other Backward Class,1.0,1.0223852304,1.02189038143,1.02189038143,1.02189038143,TN-HH-00001673,tn_elderly_pension_001,1.0,POLICY-RUN-8C351476BB,TN-SYN-P-000001673,TN-HH-00001673,True,False,ELIGIBLE_ALL_RULES_PASSED,ELIGIBLE_ALL_RULES_PASSED,R_AGE;R_INCOME,,True,SELECTED,180000.0,2160000.0,2207283.22
TN-SYN-P-000001677,Tiruvannamalai,05,Rural,60,Male,2,1,3,Casual labour in non-agriculture,Illiterate,Not literate,Not in labour force,Not in labour force,0.0,4644.0,Other Backward Class,1.0,1.05388257177,1.0533687701,1.0533687701,1.0533687701,TN-HH-00001677,tn_elderly_pension_001,1.0,POLICY-RUN-8C351476BB,TN-SYN-P-000001677,TN-HH-00001677,True,False,ELIGIBLE_ALL_RULES_PASSED,ELIGIBLE_ALL_RULES_PASSED,R_AGE;R_INCOME,,True,SELECTED,180000.0,2160000.0,2275276.54
TN-SYN-P-000001678,Cuddalore,16,Rural,69,Female,3,7,5,Casual labour in agriculture,Illiterate,Not literate,Not in labour force,Not in labour force,0.0,8392.0,Scheduled Caste,1.0,0.88208608392,0.881675656319,0.881675656319,0.881675656319,TN-HH-00001678,tn_elderly_pension_001,1.0,POLICY-RUN-8C351476BB,TN-SYN-P-000001678,TN-HH-00001678,True,False,ELIGIBLE_ALL_RULES_PASSED,ELIGIBLE_ALL_RULES_PASSED,R_AGE;R_INCOME,,True,SELECTED,180000.0,2160000.0,1904419.42
TN-SYN-P-000001681,Thiruvallur,01,Urban,73,Male,2,1,2,Others,Literate,Secondary,Not in labour force,Not in labour force,0.0,20433.0,Other Backward Class,1.0,1.0201184824,1.01962499739,1.01962499739,1.01962499739,TN-HH-00001681,tn_elderly_pension_001,1.0,POLICY-RUN-8C351476BB,TN-SYN-P-000001681,TN-HH-00001681,True,False,ELIGIBLE_ALL_RULES_PASSED,ELIGIBLE_ALL_RULES_PASSED,R_AGE;R_INCOME,,True,SELECTED,180000.0,2160000.0,2202389.99
TN-SYN-P-000001682,Kanniyakumari,28,Urban,62,Male,2,1,2,Others,Literate,Diploma/Certificate,Not in labour force,Not in labour force,0.0,14050.0,Other Backward Class,1.0,1.0201184824,1.01962499739,1.01962499739,1.01962499739,TN-HH-00001682,tn_elderly_pension_001,1.0,POLICY-RUN-8C351476BB,TN-SYN-P-000001682,TN-HH-00001682,True,False,ELIGIBLE_ALL_RULES_PASSED,ELIGIBLE_ALL_RULES_PASSED,R_AGE;R_INCOME,,True,SELECTED,180000.0,2160000.0,2202389.99
TN-SYN-P-000001689,Chennai,02,Urban,60,Male,2,1,4,Self-employed in agriculture,Literate,Diploma/Certificate,Not in labour force,Not in labour force,0.0,22843.0,Other Backward Class,1.0,1.0201184824,1.01962499739,1.01962499739,1.01962499739,TN-HH-00001689,tn_elderly_pension_001,1.0,POLICY-RUN-8C351476BB,TN-SYN-P-000001689,TN-HH-00001689,True,False,ELIGIBLE_ALL_RULES_PASSED,ELIGIBLE_ALL_RULES_PASSED,R_AGE;R_INCOME,,True,SELECTED,180000.0,2160000.0,2202389.99
TN-SYN-P-000001690,Chennai,02,Urban,62,Female,2,2,3,Self-employed in non-agriculture,Literate,Below Primary,Not in labour force,Not in labour force,0.0,8267.0,Other Backward Class,1.0,1.0223852304,1.02189038143,1.02189038143,1.02189038143,TN-HH-00001690,tn_elderly_pension_001,1.0,POLICY-RUN-8C351476BB,TN-SYN-P-000001690,TN-HH-00001690,True,False,ELIGIBLE_ALL_RULES_PASSED,ELIGIBLE_ALL_RULES_PASSED,R_AGE;R_INCOME,,True,SELECTED,180000.0,2160000.0,2207283.22
TN-SYN-P-000001707,Vellore,04,Rural,70,Female,3,7,4,Regular wage/salary earning,Illiterate,Not literate,Not in labour force,Not in labour force,0.0,8486.0,Other Backward Class,1.0,1.05622434506,1.05570913428,1.05570913428,1.05570913428,TN-HH-00001707,tn_elderly_pension_001,1.0,POLICY-RUN-8C351476BB,TN-SYN-P-000001707,TN-HH-00001707,True,False,ELIGIBLE_ALL_RULES_PASSED,ELIGIBLE_ALL_RULES_PASSED,R_AGE;R_INCOME,,True,SELECTED,180000.0,2160000.0,2280331.73
TN-SYN-P-000001717,Tiruvannamalai,05,Rural,72,Female,2,7,6,Self-employed in non-agriculture,Illiterate,Not literate,Not in labour force,Not in labour force,0.0,11622.0,Other Backward Class,1.0,1.05622434506,1.05570913428,1.05570913428,1.05570913428,TN-HH-00001717,tn_elderly_pension_001,1.0,POLICY-RUN-8C351476BB,TN-SYN-P-000001717,TN-HH-00001717,True,False,ELIGIBLE_ALL_RULES_PASSED,ELIGIBLE_ALL_RULES_PASSED,R_AGE;R_INCOME,,True,SELECTED,180000.0,2160000.0,2280331.73
TN-SYN-P-000001719,Krishnagiri,30,Rural,63,Female,3,1,1,Self-employed in non-agriculture,Literate,Middle,Employed,Employed,0.0,3821.0,Other Backward Class,1.0,1.05622434506,1.05570913428,1.05570913428,1.05570913428,TN-HH-00001719,tn_elderly_pension_001,1.0,POLICY-RUN-8C351476BB,TN-SYN-P-000001719,TN-HH-00001719,True,False,ELIGIBLE_ALL_RULES_PASSED,ELIGIBLE_ALL_RULES_PASSED,R_AGE;R_INCOME,,True,SELECTED,180000.0,2160000.0,2280331.73
TN-SYN-P-000001720,Kanniyakumari,28,Urban,76,Female,2,2,2,Others,Literate,Primary,Not in labour force,Not in labour force,0.0,39042.0,Other Backward Class,1.0,1.0223852304,1.02189038143,1.02189038143,1.02189038143,TN-HH-00001720,tn_elderly_pension_001,1.0,POLICY-RUN-8C351476BB,TN-SYN-P-000001720,TN-HH-00001720,True,False,ELIGIBLE_ALL_RULES_PASSED,ELIGIBLE_ALL_RULES_PASSED,R_AGE;R_INCOME,,True,SELECTED,180000.0,2160000.0,2207283.22
TN-SYN-P-000001721,Erode,09,Rural,70,Female,3,7,2,Regular wage/salary earning,Illiterate,Not literate,Employed,Employed,0.0,11102.0,Other Backward Class,1.0,1.05622434506,1.05570913428,1.05570913428,1.05570913428,TN-HH-00001721,tn_elderly_pension_001,1.0,POLICY-RUN-8C351476BB,TN-SYN-P-000001721,TN-HH-00001721,True,False,ELIGIBLE_ALL_RULES_PASSED,ELIGIBLE_ALL_RULES_PASSED,R_AGE;R_INCOME,,True,SELECTED,180000.0,2160000.0,2280331.73
TN-SYN-P-000001731,Coimbatore,31,Urban,62,Male,1,1,3,Self-employed in agriculture,Literate,Diploma/Certificate,Employed,Employed,0.0,15517.0,Other Backward Class,1.0,1.0201184824,1.01962499739,1.01962499739,1.01962499739,TN-HH-00001731,tn_elderly_pension_001,1.0,POLICY-RUN-8C351476BB,TN-SYN-P-000001731,TN-HH-00001731,True,False,ELIGIBLE_ALL_RULES_PASSED,ELIGIBLE_ALL_RULES_PASSED,R_AGE;R_INCOME,,True,SELECTED,180000.0,2160000.0,2202389.99
TN-SYN-P-000001738,Cuddalore,16,Urban,64,Male,2,1,2,Self-employed in non-agriculture,Literate,Middle,Employed,Employed,20000.0,8970.0,Other Backward Class,1.0,1.0201184824,1.01962499739,1.01962499739,1.01962499739,TN-HH-00001738,tn_elderly_pension_001,1.0,POLICY-RUN-8C351476BB,TN-SYN-P-000001738,TN-HH-00001738,True,False,ELIGIBLE_ALL_RULES_PASSED,ELIGIBLE_ALL_RULES_PASSED,R_AGE;R_INCOME,,True,SELECTED,180000.0,2160000.0,2202389.99
TN-SYN-P-000001741,Tiruchirappalli,13,Rural,65,Male,2,1,3,Self-employed in agriculture,Literate,Middle,Employed,Employed,0.0,10828.0,Other Backward Class,1.0,1.05388257177,1.0533687701,1.0533687701,1.0533687701,TN-HH-00001741,tn_elderly_pension_001,1.0,POLICY-RUN-8C351476BB,TN-SYN-P-000001741,TN-HH-00001741,True,False,ELIGIBLE_ALL_RULES_PASSED,ELIGIBLE_ALL_RULES_PASSED,R_AGE;R_INCOME,,True,SELECTED,180000.0,2160000.0,2275276.54
TN-SYN-P-000001746,Perambalur,14,Rural,67,Male,2,1,2,Casual labour in agriculture,Illiterate,Not literate,Employed,Employed,0.0,5480.0,Other Backward Class,1.0,1.05388257177,1.0533687701,1.0533687701,1.0533687701,TN-HH-00001746,tn_elderly_pension_001,1.0,POLICY-RUN-8C351476BB,TN-SYN-P-000001746,TN-HH-00001746,True,False,ELIGIBLE_ALL_RULES_PASSED,ELIGIBLE_ALL_RULES_PASSED,R_AGE;R_INCOME,,True,SELECTED,180000.0,2160000.0,2275276.54
TN-SYN-P-000001749,Namakkal,08,Rural,62,Female,3,7,2,Regular wage/salary earning,Illiterate,Not literate,Employed,Employed,0.0,8500.0,Scheduled Caste,1.0,0.88208608392,0.881675656319,0.881675656319,0.881675656319,TN-HH-00001749,tn_elderly_pension_001,1.0,POLICY-RUN-8C351476BB,TN-SYN-P-000001749,TN-HH-00001749,True,False,ELIGIBLE_ALL_RULES_PASSED,ELIGIBLE_ALL_RULES_PASSED,R_AGE;R_INCOME,,True,SELECTED,180000.0,2160000.0,1904419.42
TN-SYN-P-000001753,Coimbatore,31,Urban,67,Female,2,2,3,Self-employed in agriculture,Literate,Diploma/Certificate,Not in labour force,Not in labour force,0.0,23784.0,Other Backward Class,1.0,1.0223852304,1.02189038143,1.02189038143,1.02189038143,TN-HH-00001753,tn_elderly_pension_001,1.0,POLICY-RUN-8C351476BB,TN-SYN-P-000001753,TN-HH-00001753,True,False,ELIGIBLE_ALL_RULES_PASSED,ELIGIBLE_ALL_RULES_PASSED,R_AGE;R_INCOME,,True,SELECTED,180000.0,2160000.0,2207283.22
TN-SYN-P-000001757,Cuddalore,16,Rural,68,Female,3,1,1,Others,Illiterate,Not literate,Not in labour force,Not in labour force,0.0,2375.0,Other Backward Class,1.0,1.05622434506,1.05570913428,1.05570913428,1.05570913428,TN-HH-00001757,tn_elderly_pension_001,1.0,POLICY-RUN-8C351476BB,TN-SYN-P-000001757,TN-HH-00001757,True,False,ELIGIBLE_ALL_RULES_PASSED,ELIGIBLE_ALL_RULES_PASSED,R_AGE;R_INCOME,,True,SELECTED,180000.0,2160000.0,2280331.73
TN-SYN-P-000001763,Kallakurichi,34,Urban,70,Female,3,1,1,Others,Literate,Below Primary,Not in labour force,Not in labour force,0.0,3442.0,Other Backward Class,1.0,1.0223852304,1.02189038143,1.02189038143,1.02189038143,TN-HH-00001763,tn_elderly_pension_001,1.0,POLICY-RUN-8C351476BB,TN-SYN-P-000001763,TN-HH-00001763,True,False,ELIGIBLE_ALL_RULES_PASSED,ELIGIBLE_ALL_RULES_PASSED,R_AGE;R_INCOME,,True,SELECTED,180000.0,2160000.0,2207283.22
TN-SYN-P-000001775,Karur,12,Rural,64,Female,3,1,1,Casual labour in agriculture,Illiterate,Not literate,Employed,Employed,0.0,3622.0,Other Backward Class,1.0,1.05622434506,1.05570913428,1.05570913428,1.05570913428,TN-HH-00001775,tn_elderly_pension_001,1.0,POLICY-RUN-8C351476BB,TN-SYN-P-000001775,TN-HH-00001775,True,False,ELIGIBLE_ALL_RULES_PASSED,ELIGIBLE_ALL_RULES_PASSED,R_AGE;R_INCOME,,True,SELECTED,180000.0,2160000.0,2280331.73
TN-SYN-P-000001777,Tiruppur,32,Rural,69,Female,2,2,2,Others,Literate,Primary,Not in labour force,Not in labour force,0.0,8433.0,Other Backward Class,1.0,1.05622434506,1.05570913428,1.05570913428,1.05570913428,TN-HH-00001777,tn_elderly_pension_001,1.0,POLICY-RUN-8C351476BB,TN-SYN-P-000001777,TN-HH-00001777,True,False,ELIGIBLE_ALL_RULES_PASSED,ELIGIBLE_ALL_RULES_PASSED,R_AGE;R_INCOME,,True,SELECTED,180000.0,2160000.0,2280331.73
TN-SYN-P-000001781,Namakkal,08,Rural,60,Male,2,1,2,Self-employed in non-agriculture,Literate,Below Primary,Employed,Employed,0.0,11229.0,Other Backward Class,1.0,1.05388257177,1.0533687701,1.0533687701,1.0533687701,TN-HH-00001781,tn_elderly_pension_001,1.0,POLICY-RUN-8C351476BB,TN-SYN-P-000001781,TN-HH-00001781,True,False,ELIGIBLE_ALL_RULES_PASSED,ELIGIBLE_ALL_RULES_PASSED,R_AGE;R_INCOME,,True,SELECTED,180000.0,2160000.0,2275276.54
TN-SYN-P-000001799,Pudukkottai,20,Rural,65,Female,2,7,6,Regular wage/salary earning,Illiterate,Not literate,Not in labour force,Not in labour force,0.0,13763.0,Other Backward Class,1.0,1.05622434506,1.05570913428,1.05570913428,1.05570913428,TN-HH-00001799,tn_elderly_pension_001,1.0,POLICY-RUN-8C351476BB,TN-SYN-P-000001799,TN-HH-00001799,True,False,ELIGIBLE_ALL_RULES_PASSED,ELIGIBLE_ALL_RULES_PASSED,R_AGE;R_INCOME,,True,SELECTED,180000.0,2160000.0,2280331.73
TN-SYN-P-000001801,Thiruvarur,18,Rural,64,Female,3,1,1,Self-employed in non-agriculture,Literate,Primary,Employed,Employed,0.0,4191.0,Other Backward Class,1.0,1.05622434506,1.05570913428,1.05570913428,1.05570913428,TN-HH-00001801,tn_elderly_pension_001,1.0,POLICY-RUN-8C351476BB,TN-SYN-P-000001801,TN-HH-00001801,True,False,ELIGIBLE_ALL_RULES_PASSED,ELIGIBLE_ALL_RULES_PASSED,R_AGE;R_INCOME,,True,SELECTED,180000.0,2160000.0,2280331.73
TN-SYN-P-000001824,Salem,07,Urban,60,Female,2,2,6,Self-employed in agriculture,Illiterate,Not literate,Employed,Employed,0.0,14650.0,Other Backward Class,1.0,1.0223852304,1.02189038143,1.02189038143,1.02189038143,TN-HH-00001824,tn_elderly_pension_001,1.0,POLICY-RUN-8C351476BB,TN-SYN-P-000001824,TN-HH-00001824,True,False,ELIGIBLE_ALL_RULES_PASSED,ELIGIBLE_ALL_RULES_PASSED,R_AGE;R_INCOME,,True,SELECTED,180000.0,2160000.0,2207283.22
TN-SYN-P-000001831,Thanjavur,19,Rural,60,Female,2,2,2,Regular wage/salary earning,Literate,Middle,Employed,Employed,0.0,8220.0,Other Backward Class,1.0,1.05622434506,1.05570913428,1.05570913428,1.05570913428,TN-HH-00001831,tn_elderly_pension_001,1.0,POLICY-RUN-8C351476BB,TN-SYN-P-000001831,TN-HH-00001831,True,False,ELIGIBLE_ALL_RULES_PASSED,ELIGIBLE_ALL_RULES_PASSED,R_AGE;R_INCOME,,True,SELECTED,180000.0,2160000.0,2280331.73
TN-SYN-P-000001844,Tirupathur,36,Urban,60,Male,2,1,7,Self-employed in agriculture,Illiterate,Not literate,Not in labour force,Not in labour force,0.0,13920.0,Scheduled Caste,1.0,0.851932945387,0.851540661655,0.851540661655,0.851540661655,TN-HH-00001844,tn_elderly_pension_001,1.0,POLICY-RUN-8C351476BB,TN-SYN-P-000001844,TN-HH-00001844,True,False,ELIGIBLE_ALL_RULES_PASSED,ELIGIBLE_ALL_RULES_PASSED,R_AGE;R_INCOME,,True,SELECTED,180000.0,2160000.0,1839327.83
TN-SYN-P-000001845,Dindigul,11,Rural,65,Male,2,1,2,Self-employed in non-agriculture,Literate,Primary,Employed,Employed,0.0,4354.0,Scheduled Caste,1.0,0.88013039559,0.879721144774,0.879721144774,0.879721144774,TN-HH-00001845,tn_elderly_pension_001,1.0,POLICY-RUN-8C351476BB,TN-SYN-P-000001845,TN-HH-00001845,True,False,ELIGIBLE_ALL_RULES_PASSED,ELIGIBLE_ALL_RULES_PASSED,R_AGE;R_INCOME,,True,SELECTED,180000.0,2160000.0,1900197.67
TN-SYN-P-000001846,Virudhunagar,24,Urban,64,Male,2,1,4,Others,Literate,Primary,Not in labour force,Not in labour force,0.0,16750.0,Other Backward Class,1.0,1.0201184824,1.01962499739,1.01962499739,1.01962499739,TN-HH-00001846,tn_elderly_pension_001,1.0,POLICY-RUN-8C351476BB,TN-SYN-P-000001846,TN-HH-00001846,True,False,ELIGIBLE_ALL_RULES_PASSED,ELIGIBLE_ALL_RULES_PASSED,R_AGE;R_INCOME,,True,SELECTED,180000.0,2160000.0,2202389.99
TN-SYN-P-000001869,Erode,09,Rural,66,Female,2,2,2,Casual labour in non-agriculture,Illiterate,Not literate,Not in labour force,Not in labour force,0.0,5517.0,Other Backward Class,1.0,1.05622434506,1.05570913428,1.05570913428,1.05570913428,TN-HH-00001869,tn_elderly_pension_001,1.0,POLICY-RUN-8C351476BB,TN-SYN-P-000001869,TN-HH-00001869,True,False,ELIGIBLE_ALL_RULES_PASSED,ELIGIBLE_ALL_RULES_PASSED,R_AGE;R_INCOME,,True,SELECTED,180000.0,2160000.0,2280331.73
TN-SYN-P-000001872,Chennai,02,Urban,73,Female,3,1,1,Others,Literate,Middle,Not in labour force,Not in labour force,0.0,8257.0,Other Backward Class,1.0,1.0223852304,1.02189038143,1.02189038143,1.02189038143,TN-HH-00001872,tn_elderly_pension_001,1.0,POLICY-RUN-8C351476BB,TN-SYN-P-000001872,TN-HH-00001872,True,False,ELIGIBLE_ALL_RULES_PASSED,ELIGIBLE_ALL_RULES_PASSED,R_AGE;R_INCOME,,True,SELECTED,180000.0,2160000.0,2207283.22
TN-SYN-P-000001874,Thanjavur,19,Urban,102,Female,3,7,5,Others,Illiterate,Not literate,Not in labour force,Not in labour force,0.0,33156.0,Other Backward Class,1.0,1.0223852304,1.02189038143,1.02189038143,1.02189038143,TN-HH-00001874,tn_elderly_pension_001,1.0,POLICY-RUN-8C351476BB,TN-SYN-P-000001874,TN-HH-00001874,True,False,ELIGIBLE_ALL_RULES_PASSED,ELIGIBLE_ALL_RULES_PASSED,R_AGE;R_INCOME,,True,SELECTED,180000.0,2160000.0,2207283.22
TN-SYN-P-000001877,Krishnagiri,30,Rural,63,Female,3,1,1,Self-employed in non-agriculture,Literate,Middle,Employed,Employed,0.0,3821.0,Other Backward Class,1.0,1.05622434506,1.05570913428,1.05570913428,1.05570913428,TN-HH-00001877,tn_elderly_pension_001,1.0,POLICY-RUN-8C351476BB,TN-SYN-P-000001877,TN-HH-00001877,True,False,ELIGIBLE_ALL_RULES_PASSED,ELIGIBLE_ALL_RULES_PASSED,R_AGE;R_INCOME,,True,SELECTED,180000.0,2160000.0,2280331.73
TN-SYN-P-000001887,Madurai,22,Urban,60,Male,2,1,6,Self-employed in non-agriculture,Literate,Higher Secondary,Employed,Employed,7500.0,12223.0,Scheduled Caste,1.0,0.851932945387,0.851540661655,0.851540661655,0.851540661655,TN-HH-00001887,tn_elderly_pension_001,1.0,POLICY-RUN-8C351476BB,TN-SYN-P-000001887,TN-HH-00001887,True,False,ELIGIBLE_ALL_RULES_PASSED,ELIGIBLE_ALL_RULES_PASSED,R_AGE;R_INCOME,,True,SELECTED,180000.0,2160000.0,1839327.83
TN-SYN-P-000001891,Madurai,22,Urban,63,Female,2,2,2,Others,Literate,Diploma/Certificate,Not in labour force,Not in labour force,0.0,9478.0,Other Backward Class,1.0,1.0223852304,1.02189038143,1.02189038143,1.02189038143,TN-HH-00001891,tn_elderly_pension_001,1.0,POLICY-RUN-8C351476BB,TN-SYN-P-000001891,TN-HH-00001891,True,False,ELIGIBLE_ALL_RULES_PASSED,ELIGIBLE_ALL_RULES_PASSED,R_AGE;R_INCOME,,True,SELECTED,180000.0,2160000.0,2207283.22
TN-SYN-P-000001897,Thiruvallur,01,Urban,64,Male,2,1,3,Regular wage/salary earning,Literate,Middle,Employed,Employed,0.0,8867.0,Other Backward Class,1.0,1.0201184824,1.01962499739,1.01962499739,1.01962499739,TN-HH-00001897,tn_elderly_pension_001,1.0,POLICY-RUN-8C351476BB,TN-SYN-P-000001897,TN-HH-00001897,True,False,ELIGIBLE_ALL_RULES_PASSED,ELIGIBLE_ALL_RULES_PASSED,R_AGE;R_INCOME,,True,SELECTED,180000.0,2160000.0,2202389.99
TN-SYN-P-000001908,Coimbatore,31,Urban,64,Female,2,2,6,Self-employed in agriculture,Literate,Secondary,Not in labour force,Not in labour force,0.0,23342.0,Other Backward Class,1.0,1.0223852304,1.02189038143,1.02189038143,1.02189038143,TN-HH-00001908,tn_elderly_pension_001,1.0,POLICY-RUN-8C351476BB,TN-SYN-P-000001908,TN-HH-00001908,True,False,ELIGIBLE_ALL_RULES_PASSED,ELIGIBLE_ALL_RULES_PASSED,R_AGE;R_INCOME,,True,SELECTED,180000.0,2160000.0,2207283.22
TN-SYN-P-000001914,Thiruvallur,01,Rural,70,Male,2,2,2,Casual labour in non-agriculture,Illiterate,Not literate,Not in labour force,Not in labour force,0.0,6403.0,Scheduled Caste,1.0,0.88013039559,0.879721144774,0.879721144774,0.879721144774,TN-HH-00001914,tn_elderly_pension_001,1.0,POLICY-RUN-8C351476BB,TN-SYN-P-000001914,TN-HH-00001914,True,False,ELIGIBLE_ALL_RULES_PASSED,ELIGIBLE_ALL_RULES_PASSED,R_AGE;R_INCOME,,True,SELECTED,180000.0,2160000.0,1900197.67
TN-SYN-P-000001916,Dindigul,11,Urban,74,Male,2,1,2,Others,Literate,Below Primary,Not in labour force,Not in labour force,0.0,18667.0,Other Backward Class,1.0,1.0201184824,1.01962499739,1.01962499739,1.01962499739,TN-HH-00001916,tn_elderly_pension_001,1.0,POLICY-RUN-8C351476BB,TN-SYN-P-000001916,TN-HH-00001916,True,False,ELIGIBLE_ALL_RULES_PASSED,ELIGIBLE_ALL_RULES_PASSED,R_AGE;R_INCOME,,True,SELECTED,180000.0,2160000.0,2202389.99
TN-SYN-P-000001920,Tenkasi,33,Rural,74,Female,2,2,2,Others,Literate,Middle,Not in labour force,Not in labour force,0.0,25680.0,Other Backward Class,1.0,1.05622434506,1.05570913428,1.05570913428,1.05570913428,TN-HH-00001920,tn_elderly_pension_001,1.0,POLICY-RUN-8C351476BB,TN-SYN-P-000001920,TN-HH-00001920,True,False,ELIGIBLE_ALL_RULES_PASSED,ELIGIBLE_ALL_RULES_PASSED,R_AGE;R_INCOME,,True,SELECTED,180000.0,2160000.0,2280331.73
TN-SYN-P-000001929,Madurai,22,Urban,60,Female,2,2,2,Self-employed in non-agriculture,Literate,Higher Secondary,Not in labour force,Not in labour force,0.0,10957.0,Other Backward Class,1.0,1.0223852304,1.02189038143,1.02189038143,1.02189038143,TN-HH-00001929,tn_elderly_pension_001,1.0,POLICY-RUN-8C351476BB,TN-SYN-P-000001929,TN-HH-00001929,True,False,ELIGIBLE_ALL_RULES_PASSED,ELIGIBLE_ALL_RULES_PASSED,R_AGE;R_INCOME,,True,SELECTED,180000.0,2160000.0,2207283.22
TN-SYN-P-000001948,Dindigul,11,Rural,64,Female,2,2,2,Others,Illiterate,Not literate,Not in labour force,Not in labour force,0.0,2846.0,Scheduled Caste,1.0,0.88208608392,0.881675656319,0.881675656319,0.881675656319,TN-HH-00001948,tn_elderly_pension_001,1.0,POLICY-RUN-8C351476BB,TN-SYN-P-000001948,TN-HH-00001948,True,False,ELIGIBLE_ALL_RULES_PASSED,ELIGIBLE_ALL_RULES_PASSED,R_AGE;R_INCOME,,True,SELECTED,180000.0,2160000.0,1904419.42
TN-SYN-P-000001957,Salem,07,Urban,63,Male,2,1,3,Self-employed in agriculture,Literate,Secondary,Employed,Employed,0.0,27808.0,Other Backward Class,1.0,1.0201184824,1.01962499739,1.01962499739,1.01962499739,TN-HH-00001957,tn_elderly_pension_001,1.0,POLICY-RUN-8C351476BB,TN-SYN-P-000001957,TN-HH-00001957,True,False,ELIGIBLE_ALL_RULES_PASSED,ELIGIBLE_ALL_RULES_PASSED,R_AGE;R_INCOME,,True,SELECTED,180000.0,2160000.0,2202389.99
TN-SYN-P-000001960,Krishnagiri,30,Rural,69,Male,2,1,4,Self-employed in agriculture,Illiterate,Not literate,Employed,Employed,0.0,8472.0,Other Backward Class,1.0,1.05388257177,1.0533687701,1.0533687701,1.0533687701,TN-HH-00001960,tn_elderly_pension_001,1.0,POLICY-RUN-8C351476BB,TN-SYN-P-000001960,TN-HH-00001960,True,False,ELIGIBLE_ALL_RULES_PASSED,ELIGIBLE_ALL_RULES_PASSED,R_AGE;R_INCOME,,True,SELECTED,180000.0,2160000.0,2275276.54
TN-SYN-P-000001973,Cuddalore,16,Rural,61,Male,2,1,5,Casual labour in non-agriculture,Illiterate,Not literate,Employed,Employed,0.0,8992.0,Scheduled Caste,1.0,0.88013039559,0.879721144774,0.879721144774,0.879721144774,TN-HH-00001973,tn_elderly_pension_001,1.0,POLICY-RUN-8C351476BB,TN-SYN-P-000001973,TN-HH-00001973,True,False,ELIGIBLE_ALL_RULES_PASSED,ELIGIBLE_ALL_RULES_PASSED,R_AGE;R_INCOME,,True,SELECTED,180000.0,2160000.0,1900197.67
TN-SYN-P-000001975,Thoothukudi,26,Rural,69,Female,3,7,5,Casual labour in non-agriculture,Illiterate,Not literate,Not in labour force,Not in labour force,0.0,10473.0,Scheduled Caste,1.0,0.88208608392,0.881675656319,0.881675656319,0.881675656319,TN-HH-00001975,tn_elderly_pension_001,1.0,POLICY-RUN-8C351476BB,TN-SYN-P-000001975,TN-HH-00001975,True,False,ELIGIBLE_ALL_RULES_PASSED,ELIGIBLE_ALL_RULES_PASSED,R_AGE;R_INCOME,,True,SELECTED,180000.0,2160000.0,1904419.42
TN-SYN-P-000001987,Tiruvannamalai,05,Rural,75,Male,2,1,3,Self-employed in non-agriculture,Illiterate,Not literate,Not in labour force,Not in labour force,0.0,3475.0,Other Backward Class,1.0,1.05388257177,1.0533687701,1.0533687701,1.0533687701,TN-HH-00001987,tn_elderly_pension_001,1.0,POLICY-RUN-8C351476BB,TN-SYN-P-000001987,TN-HH-00001987,True,False,ELIGIBLE_ALL_RULES_PASSED,ELIGIBLE_ALL_RULES_PASSED,R_AGE;R_INCOME,,True,SELECTED,180000.0,2160000.0,2275276.54
TN-SYN-P-000001990,Coimbatore,31,Urban,60,Male,2,1,2,Self-employed in non-agriculture,Literate,Primary,Employed,Employed,0.0,4288.0,Scheduled Caste,1.0,0.851932945387,0.851540661655,0.851540661655,0.851540661655,TN-HH-00001990,tn_elderly_pension_001,1.0,POLICY-RUN-8C351476BB,TN-SYN-P-000001990,TN-HH-00001990,True,False,ELIGIBLE_ALL_RULES_PASSED,ELIGIBLE_ALL_RULES_PASSED,R_AGE;R_INCOME,,True,SELECTED,180000.0,2160000.0,1839327.83
TN-SYN-P-000001994,Thoothukudi,26,Rural,63,Male,2,1,2,Others,Literate,Middle,Not in labour force,Not in labour force,0.0,9242.0,Scheduled Caste,1.0,0.88013039559,0.879721144774,0.879721144774,0.879721144774,TN-HH-00001994,tn_elderly_pension_001,1.0,POLICY-RUN-8C351476BB,TN-SYN-P-000001994,TN-HH-00001994,True,False,ELIGIBLE_ALL_RULES_PASSED,ELIGIBLE_ALL_RULES_PASSED,R_AGE;R_INCOME,,True,SELECTED,180000.0,2160000.0,1900197.67
TN-SYN-P-000001995,Chennai,02,Urban,62,Female,2,7,6,Self-employed in non-agriculture,Literate,Primary,Not in labour force,Not in labour force,0.0,12620.0,Other Backward Class,1.0,1.0223852304,1.02189038143,1.02189038143,1.02189038143,TN-HH-00001995,tn_elderly_pension_001,1.0,POLICY-RUN-8C351476BB,TN-SYN-P-000001995,TN-HH-00001995,True,False,ELIGIBLE_ALL_RULES_PASSED,ELIGIBLE_ALL_RULES_PASSED,R_AGE;R_INCOME,,True,SELECTED,180000.0,2160000.0,2207283.22
TN-SYN-P-000002006,Ranipet,35,Rural,78,Female,3,1,1,Others,Literate,Below Primary,Not in labour force,Not in labour force,0.0,2480.0,Scheduled Caste,1.0,0.88208608392,0.881675656319,0.881675656319,0.881675656319,TN-HH-00002006,tn_elderly_pension_001,1.0,POLICY-RUN-8C351476BB,TN-SYN-P-000002006,TN-HH-00002006,True,False,ELIGIBLE_ALL_RULES_PASSED,ELIGIBLE_ALL_RULES_PASSED,R_AGE;R_INCOME,,True,SELECTED,180000.0,2160000.0,1904419.42
TN-SYN-P-000002013,Tiruchirappalli,13,Urban,61,Female,3,7,5,Self-employed in non-agriculture,Literate,Secondary,Employed,Employed,0.0,25975.0,Other Backward Class,1.0,1.0223852304,1.02189038143,1.02189038143,1.02189038143,TN-HH-00002013,tn_elderly_pension_001,1.0,POLICY-RUN-8C351476BB,TN-SYN-P-000002013,TN-HH-00002013,True,False,ELIGIBLE_ALL_RULES_PASSED,ELIGIBLE_ALL_RULES_PASSED,R_AGE;R_INCOME,,True,SELECTED,180000.0,2160000.0,2207283.22
TN-SYN-P-000002021,Chennai,02,Urban,69,Male,2,1,2,Others,Literate,Primary,Not in labour force,Not in labour force,0.0,15597.0,Others,1.0,1.0201184824,1.01962499739,1.01962499739,1.01962499739,TN-HH-00002021,tn_elderly_pension_001,1.0,POLICY-RUN-8C351476BB,TN-SYN-P-000002021,TN-HH-00002021,True,False,ELIGIBLE_ALL_RULES_PASSED,ELIGIBLE_ALL_RULES_PASSED,R_AGE;R_INCOME,,True,SELECTED,180000.0,2160000.0,2202389.99
TN-SYN-P-000002030,Salem,07,Urban,65,Male,2,1,6,Self-employed in agriculture,Illiterate,Not literate,Employed,Employed,0.0,14650.0,Other Backward Class,1.0,1.0201184824,1.01962499739,1.01962499739,1.01962499739,TN-HH-00002030,tn_elderly_pension_001,1.0,POLICY-RUN-8C351476BB,TN-SYN-P-000002030,TN-HH-00002030,True,False,ELIGIBLE_ALL_RULES_PASSED,ELIGIBLE_ALL_RULES_PASSED,R_AGE;R_INCOME,,True,SELECTED,180000.0,2160000.0,2202389.99
TN-SYN-P-000002041,Tiruchirappalli,13,Urban,70,Female,3,1,7,Others,Literate,Below Primary,Not in labour force,Not in labour force,0.0,16217.0,Other Backward Class,1.0,1.0223852304,1.02189038143,1.02189038143,1.02189038143,TN-HH-00002041,tn_elderly_pension_001,1.0,POLICY-RUN-8C351476BB,TN-SYN-P-000002041,TN-HH-00002041,True,False,ELIGIBLE_ALL_RULES_PASSED,ELIGIBLE_ALL_RULES_PASSED,R_AGE;R_INCOME,,True,SELECTED,180000.0,2160000.0,2207283.22
TN-SYN-P-000002042,Chennai,02,Urban,61,Female,2,2,2,Others,Literate,Primary,Not in labour force,Not in labour force,0.0,15597.0,Others,1.0,1.0223852304,1.02189038143,1.02189038143,1.02189038143,TN-HH-00002042,tn_elderly_pension_001,1.0,POLICY-RUN-8C351476BB,TN-SYN-P-000002042,TN-HH-00002042,True,False,ELIGIBLE_ALL_RULES_PASSED,ELIGIBLE_ALL_RULES_PASSED,R_AGE;R_INCOME,,True,SELECTED,180000.0,2160000.0,2207283.22
TN-SYN-P-000002044,Tiruvannamalai,05,Urban,75,Male,2,1,2,Others,Literate,Secondary,Not in labour force,Not in labour force,0.0,8982.0,Scheduled Caste,1.0,0.851932945387,0.851540661655,0.851540661655,0.851540661655,TN-HH-00002044,tn_elderly_pension_001,1.0,POLICY-RUN-8C351476BB,TN-SYN-P-000002044,TN-HH-00002044,True,False,ELIGIBLE_ALL_RULES_PASSED,ELIGIBLE_ALL_RULES_PASSED,R_AGE;R_INCOME,,True,SELECTED,180000.0,2160000.0,1839327.83
TN-SYN-P-000002049,Kancheepuram,03,Urban,72,Male,2,1,2,Others,Literate,Diploma/Certificate,Not in labour force,Not in labour force,0.0,7313.0,Other Backward Class,1.0,1.0201184824,1.01962499739,1.01962499739,1.01962499739,TN-HH-00002049,tn_elderly_pension_001,1.0,POLICY-RUN-8C351476BB,TN-SYN-P-000002049,TN-HH-00002049,True,False,ELIGIBLE_ALL_RULES_PASSED,ELIGIBLE_ALL_RULES_PASSED,R_AGE;R_INCOME,,True,SELECTED,180000.0,2160000.0,2202389.99
TN-SYN-P-000002052,Viluppuram,06,Rural,68,Male,2,1,3,Casual labour in agriculture,Illiterate,Not literate,Employed,Employed,0.0,10308.0,Other Backward Class,1.0,1.05388257177,1.0533687701,1.0533687701,1.0533687701,TN-HH-00002052,tn_elderly_pension_001,1.0,POLICY-RUN-8C351476BB,TN-SYN-P-000002052,TN-HH-00002052,True,False,ELIGIBLE_ALL_RULES_PASSED,ELIGIBLE_ALL_RULES_PASSED,R_AGE;R_INCOME,,True,SELECTED,180000.0,2160000.0,2275276.54
TN-SYN-P-000002054,Salem,07,Urban,63,Male,2,7,7,Self-employed in non-agriculture,Illiterate,Not literate,Employed,Employed,12000.0,22933.0,Other Backward Class,1.0,1.0201184824,1.01962499739,1.01962499739,1.01962499739,TN-HH-00002054,tn_elderly_pension_001,1.0,POLICY-RUN-8C351476BB,TN-SYN-P-000002054,TN-HH-00002054,True,False,ELIGIBLE_ALL_RULES_PASSED,ELIGIBLE_ALL_RULES_PASSED,R_AGE;R_INCOME,,True,SELECTED,180000.0,2160000.0,2202389.99
TN-SYN-P-000002060,Erode,09,Rural,87,Male,2,7,6,Regular wage/salary earning,Illiterate,Not literate,Not in labour force,Not in labour force,0.0,29560.0,Other Backward Class,1.0,1.05388257177,1.0533687701,1.0533687701,1.0533687701,TN-HH-00002060,tn_elderly_pension_001,1.0,POLICY-RUN-8C351476BB,TN-SYN-P-000002060,TN-HH-00002060,True,False,ELIGIBLE_ALL_RULES_PASSED,ELIGIBLE_ALL_RULES_PASSED,R_AGE;R_INCOME,,True,SELECTED,180000.0,2160000.0,2275276.54
TN-SYN-P-000002061,Tenkasi,33,Urban,65,Female,3,1,1,Others,Illiterate,Not literate,Not in labour force,Not in labour force,0.0,10083.0,Other Backward Class,1.0,1.0223852304,1.02189038143,1.02189038143,1.02189038143,TN-HH-00002061,tn_elderly_pension_001,1.0,POLICY-RUN-8C351476BB,TN-SYN-P-000002061,TN-HH-00002061,True,False,ELIGIBLE_ALL_RULES_PASSED,ELIGIBLE_ALL_RULES_PASSED,R_AGE;R_INCOME,,True,SELECTED,180000.0,2160000.0,2207283.22
TN-SYN-P-000002062,Ramanathapuram,25,Urban,71,Male,2,1,6,Self-employed in agriculture,Literate,Below Primary,Not in labour force,Not in labour force,0.0,11733.0,Other Backward Class,1.0,1.0201184824,1.01962499739,1.01962499739,1.01962499739,TN-HH-00002062,tn_elderly_pension_001,1.0,POLICY-RUN-8C351476BB,TN-SYN-P-000002062,TN-HH-00002062,True,False,ELIGIBLE_ALL_RULES_PASSED,ELIGIBLE_ALL_RULES_PASSED,R_AGE;R_INCOME,,True,SELECTED,180000.0,2160000.0,2202389.99
TN-SYN-P-000002085,Tiruppur,32,Urban,64,Male,2,1,2,Self-employed in non-agriculture,Literate,Secondary,Not in labour force,Not in labour force,0.0,11404.0,Other Backward Class,1.0,1.0201184824,1.01962499739,1.01962499739,1.01962499739,TN-HH-00002085,tn_elderly_pension_001,1.0,POLICY-RUN-8C351476BB,TN-SYN-P-000002085,TN-HH-00002085,True,False,ELIGIBLE_ALL_RULES_PASSED,ELIGIBLE_ALL_RULES_PASSED,R_AGE;R_INCOME,,True,SELECTED,180000.0,2160000.0,2202389.99
TN-SYN-P-000002089,Ramanathapuram,25,Rural,75,Female,2,2,2,Others,Illiterate,Not literate,Not in labour force,Not in labour force,0.0,8942.0,Other Backward Class,1.0,1.05622434506,1.05570913428,1.05570913428,1.05570913428,TN-HH-00002089,tn_elderly_pension_001,1.0,POLICY-RUN-8C351476BB,TN-SYN-P-000002089,TN-HH-00002089,True,False,ELIGIBLE_ALL_RULES_PASSED,ELIGIBLE_ALL_RULES_PASSED,R_AGE;R_INCOME,,True,SELECTED,180000.0,2160000.0,2280331.73
TN-SYN-P-000002094,Dharmapuri,29,Urban,62,Male,2,1,3,Self-employed in agriculture,Literate,Diploma/Certificate,Employed,Employed,0.0,20927.0,Other Backward Class,1.0,1.0201184824,1.01962499739,1.01962499739,1.01962499739,TN-HH-00002094,tn_elderly_pension_001,1.0,POLICY-RUN-8C351476BB,TN-SYN-P-000002094,TN-HH-00002094,True,False,ELIGIBLE_ALL_RULES_PASSED,ELIGIBLE_ALL_RULES_PASSED,R_AGE;R_INCOME,,True,SELECTED,180000.0,2160000.0,2202389.99
TN-SYN-P-000002096,Thiruvarur,18,Rural,63,Male,2,1,3,Casual labour in agriculture,Illiterate,Not literate,Employed,Employed,0.0,10405.0,Scheduled Caste,1.0,0.88013039559,0.879721144774,0.879721144774,0.879721144774,TN-HH-00002096,tn_elderly_pension_001,1.0,POLICY-RUN-8C351476BB,TN-SYN-P-000002096,TN-HH-00002096,True,False,ELIGIBLE_ALL_RULES_PASSED,ELIGIBLE_ALL_RULES_PASSED,R_AGE;R_INCOME,,True,SELECTED,180000.0,2160000.0,1900197.67
TN-SYN-P-000002105,Ramanathapuram,25,Urban,74,Female,3,7,2,Self-employed in agriculture,Literate,Primary,Not in labour force,Not in labour force,0.0,8400.0,Other Backward Class,1.0,1.0223852304,1.02189038143,1.02189038143,1.02189038143,TN-HH-00002105,tn_elderly_pension_001,1.0,POLICY-RUN-8C351476BB,TN-SYN-P-000002105,TN-HH-00002105,True,False,ELIGIBLE_ALL_RULES_PASSED,ELIGIBLE_ALL_RULES_PASSED,R_AGE;R_INCOME,,True,SELECTED,180000.0,2160000.0,2207283.22
TN-SYN-P-000002106,Dharmapuri,29,Rural,62,Male,2,1,6,Self-employed in non-agriculture,Illiterate,Not literate,Employed,Employed,0.0,16809.0,Other Backward Class,1.0,1.05388257177,1.0533687701,1.0533687701,1.0533687701,TN-HH-00002106,tn_elderly_pension_001,1.0,POLICY-RUN-8C351476BB,TN-SYN-P-000002106,TN-HH-00002106,True,False,ELIGIBLE_ALL_RULES_PASSED,ELIGIBLE_ALL_RULES_PASSED,R_AGE;R_INCOME,,True,SELECTED,180000.0,2160000.0,2275276.54
TN-SYN-P-000002111,Tirunelveli,27,Rural,63,Female,2,2,6,Regular wage/salary earning,Literate,Below Primary,Not in labour force,Not in labour force,0.0,10493.0,Scheduled Caste,1.0,0.88208608392,0.881675656319,0.881675656319,0.881675656319,TN-HH-00002111,tn_elderly_pension_001,1.0,POLICY-RUN-8C351476BB,TN-SYN-P-000002111,TN-HH-00002111,True,False,ELIGIBLE_ALL_RULES_PASSED,ELIGIBLE_ALL_RULES_PASSED,R_AGE;R_INCOME,,True,SELECTED,180000.0,2160000.0,1904419.42
TN-SYN-P-000002114,Ranipet,35,Rural,62,Male,2,1,3,Regular wage/salary earning,Literate,Primary,Employed,Employed,0.0,5435.0,Other Backward Class,1.0,1.05388257177,1.0533687701,1.0533687701,1.0533687701,TN-HH-00002114,tn_elderly_pension_001,1.0,POLICY-RUN-8C351476BB,TN-SYN-P-000002114,TN-HH-00002114,True,False,ELIGIBLE_ALL_RULES_PASSED,ELIGIBLE_ALL_RULES_PASSED,R_AGE;R_INCOME,,True,SELECTED,180000.0,2160000.0,2275276.54
TN-SYN-P-000002128,Chennai,02,Urban,72,Female,3,1,4,Self-employed in non-agriculture,Literate,Secondary,Not in labour force,Not in labour force,0.0,27360.0,Other Backward Class,1.0,1.0223852304,1.02189038143,1.02189038143,1.02189038143,TN-HH-00002128,tn_elderly_pension_001,1.0,POLICY-RUN-8C351476BB,TN-SYN-P-000002128,TN-HH-00002128,True,False,ELIGIBLE_ALL_RULES_PASSED,ELIGIBLE_ALL_RULES_PASSED,R_AGE;R_INCOME,,True,SELECTED,180000.0,2160000.0,2207283.22
TN-SYN-P-000002138,Kanniyakumari,28,Urban,64,Female,2,2,5,Self-employed in non-agriculture,Literate,Below Primary,Not in labour force,Not in labour force,0.0,14327.0,Other Backward Class,1.0,1.0223852304,1.02189038143,1.02189038143,1.02189038143,TN-HH-00002138,tn_elderly_pension_001,1.0,POLICY-RUN-8C351476BB,TN-SYN-P-000002138,TN-HH-00002138,True,False,ELIGIBLE_ALL_RULES_PASSED,ELIGIBLE_ALL_RULES_PASSED,R_AGE;R_INCOME,,True,SELECTED,180000.0,2160000.0,2207283.22
TN-SYN-P-000002164,Tenkasi,33,Urban,60,Female,2,2,2,Regular wage/salary earning,Illiterate,Not literate,Not in labour force,Not in labour force,0.0,9235.0,Scheduled Caste,1.0,0.853825977746,0.853432554931,0.853432554931,0.853432554931,TN-HH-00002164,tn_elderly_pension_001,1.0,POLICY-RUN-8C351476BB,TN-SYN-P-000002164,TN-HH-00002164,True,False,ELIGIBLE_ALL_RULES_PASSED,ELIGIBLE_ALL_RULES_PASSED,R_AGE;R_INCOME,,True,SELECTED,180000.0,2160000.0,1843414.32
TN-SYN-P-000002169,Mayiladuthurai,38,Rural,62,Female,3,1,4,Casual labour in non-agriculture,Literate,Primary,Not in labour force,Not in labour force,0.0,9796.0,Scheduled Caste,1.0,0.88208608392,0.881675656319,0.881675656319,0.881675656319,TN-HH-00002169,tn_elderly_pension_001,1.0,POLICY-RUN-8C351476BB,TN-SYN-P-000002169,TN-HH-00002169,True,False,ELIGIBLE_ALL_RULES_PASSED,ELIGIBLE_ALL_RULES_PASSED,R_AGE;R_INCOME,,True,SELECTED,180000.0,2160000.0,1904419.42
TN-SYN-P-000002180,Dindigul,11,Rural,72,Male,2,1,2,Others,Illiterate,Not literate,Not in labour force,Not in labour force,0.0,2846.0,Scheduled Caste,1.0,0.88013039559,0.879721144774,0.879721144774,0.879721144774,TN-HH-00002180,tn_elderly_pension_001,1.0,POLICY-RUN-8C351476BB,TN-SYN-P-000002180,TN-HH-00002180,True,False,ELIGIBLE_ALL_RULES_PASSED,ELIGIBLE_ALL_RULES_PASSED,R_AGE;R_INCOME,,True,SELECTED,180000.0,2160000.0,1900197.67
TN-SYN-P-000002200,Thoothukudi,26,Rural,60,Female,2,2,2,Others,Literate,Primary,Not in labour force,Not in labour force,0.0,9242.0,Scheduled Caste,1.0,0.88208608392,0.881675656319,0.881675656319,0.881675656319,TN-HH-00002200,tn_elderly_pension_001,1.0,POLICY-RUN-8C351476BB,TN-SYN-P-000002200,TN-HH-00002200,True,False,ELIGIBLE_ALL_RULES_PASSED,ELIGIBLE_ALL_RULES_PASSED,R_AGE;R_INCOME,,True,SELECTED,180000.0,2160000.0,1904419.42
TN-SYN-P-000002202,Vellore,04,Rural,72,Male,2,7,6,Casual labour in non-agriculture,Illiterate,Not literate,Not in labour force,Not in labour force,0.0,10703.0,Scheduled Caste,1.0,0.88013039559,0.879721144774,0.879721144774,0.879721144774,TN-HH-00002202,tn_elderly_pension_001,1.0,POLICY-RUN-8C351476BB,TN-SYN-P-000002202,TN-HH-00002202,True,False,ELIGIBLE_ALL_RULES_PASSED,ELIGIBLE_ALL_RULES_PASSED,R_AGE;R_INCOME,,True,SELECTED,180000.0,2160000.0,1900197.67
TN-SYN-P-000002204,Tiruvannamalai,05,Rural,64,Male,2,1,2,Casual labour in non-agriculture,Literate,Primary,Not in labour force,Not in labour force,0.0,5218.0,Scheduled Caste,1.0,0.88013039559,0.879721144774,0.879721144774,0.879721144774,TN-HH-00002204,tn_elderly_pension_001,1.0,POLICY-RUN-8C351476BB,TN-SYN-P-000002204,TN-HH-00002204,True,False,ELIGIBLE_ALL_RULES_PASSED,ELIGIBLE_ALL_RULES_PASSED,R_AGE;R_INCOME,,True,SELECTED,180000.0,2160000.0,1900197.67
TN-SYN-P-000002205,Tiruvannamalai,05,Urban,70,Male,2,1,2,Others,Literate,Primary,Not in labour force,Not in labour force,0.0,4773.0,Other Backward Class,1.0,1.0201184824,1.01962499739,1.01962499739,1.01962499739,TN-HH-00002205,tn_elderly_pension_001,1.0,POLICY-RUN-8C351476BB,TN-SYN-P-000002205,TN-HH-00002205,True,False,ELIGIBLE_ALL_RULES_PASSED,ELIGIBLE_ALL_RULES_PASSED,R_AGE;R_INCOME,,True,SELECTED,180000.0,2160000.0,2202389.99
TN-SYN-P-000002206,Cuddalore,16,Rural,61,Male,2,1,5,Casual labour in non-agriculture,Illiterate,Not literate,Employed,Employed,0.0,8992.0,Scheduled Caste,1.0,0.88013039559,0.879721144774,0.879721144774,0.879721144774,TN-HH-00002206,tn_elderly_pension_001,1.0,POLICY-RUN-8C351476BB,TN-SYN-P-000002206,TN-HH-00002206,True,False,ELIGIBLE_ALL_RULES_PASSED,ELIGIBLE_ALL_RULES_PASSED,R_AGE;R_INCOME,,True,SELECTED,180000.0,2160000.0,1900197.67
TN-SYN-P-000002209,Tenkasi,33,Rural,70,Female,3,7,8,Self-employed in non-agriculture,Illiterate,Not literate,Not in labour force,Not in labour force,0.0,12550.0,Scheduled Caste,1.0,0.88208608392,0.881675656319,0.881675656319,0.881675656319,TN-HH-00002209,tn_elderly_pension_001,1.0,POLICY-RUN-8C351476BB,TN-SYN-P-000002209,TN-HH-00002209,True,False,ELIGIBLE_ALL_RULES_PASSED,ELIGIBLE_ALL_RULES_PASSED,R_AGE;R_INCOME,,True,SELECTED,180000.0,2160000.0,1904419.42
TN-SYN-P-000002213,Tenkasi,33,Rural,70,Male,2,1,2,Others,Literate,Primary,Not in labour force,Not in labour force,0.0,8740.0,Other Backward Class,1.0,1.05388257177,1.0533687701,1.0533687701,1.0533687701,TN-HH-00002213,tn_elderly_pension_001,1.0,POLICY-RUN-8C351476BB,TN-SYN-P-000002213,TN-HH-00002213,True,False,ELIGIBLE_ALL_RULES_PASSED,ELIGIBLE_ALL_RULES_PASSED,R_AGE;R_INCOME,,True,SELECTED,180000.0,2160000.0,2275276.54
TN-SYN-P-000002214,Thiruvallur,01,Urban,76,Female,3,1,4,Self-employed in non-agriculture,Literate,Middle,Not in labour force,Not in labour force,0.0,16700.0,Others,1.0,1.0223852304,1.02189038143,1.02189038143,1.02189038143,TN-HH-00002214,tn_elderly_pension_001,1.0,POLICY-RUN-8C351476BB,TN-SYN-P-000002214,TN-HH-00002214,True,False,ELIGIBLE_ALL_RULES_PASSED,ELIGIBLE_ALL_RULES_PASSED,R_AGE;R_INCOME,,True,SELECTED,180000.0,2160000.0,2207283.22
TN-SYN-P-000002226,Krishnagiri,30,Rural,66,Male,2,1,3,Regular wage/salary earning,Illiterate,Not literate,Employed,Employed,0.0,10286.0,Scheduled Caste,1.0,0.88013039559,0.879721144774,0.879721144774,0.879721144774,TN-HH-00002226,tn_elderly_pension_001,1.0,POLICY-RUN-8C351476BB,TN-SYN-P-000002226,TN-HH-00002226,True,False,ELIGIBLE_ALL_RULES_PASSED,ELIGIBLE_ALL_RULES_PASSED,R_AGE;R_INCOME,,True,SELECTED,180000.0,2160000.0,1900197.67
TN-SYN-P-000002227,Kanniyakumari,28,Urban,65,Female,2,1,2,Regular wage/salary earning,Illiterate,Not literate,Not in labour force,Not in labour force,0.0,8160.0,Other Backward Class,1.0,1.0223852304,1.02189038143,1.02189038143,1.02189038143,TN-HH-00002227,tn_elderly_pension_001,1.0,POLICY-RUN-8C351476BB,TN-SYN-P-000002227,TN-HH-00002227,True,False,ELIGIBLE_ALL_RULES_PASSED,ELIGIBLE_ALL_RULES_PASSED,R_AGE;R_INCOME,,True,SELECTED,180000.0,2160000.0,2207283.22
TN-SYN-P-000002233,Perambalur,14,Urban,68,Male,2,1,2,Self-employed in agriculture,Literate,Primary,Employed,Employed,0.0,6342.0,Other Backward Class,1.0,1.0201184824,1.01962499739,1.01962499739,1.01962499739,TN-HH-00002233,tn_elderly_pension_001,1.0,POLICY-RUN-8C351476BB,TN-SYN-P-000002233,TN-HH-00002233,True,False,ELIGIBLE_ALL_RULES_PASSED,ELIGIBLE_ALL_RULES_PASSED,R_AGE;R_INCOME,,True,SELECTED,180000.0,2160000.0,2202389.99
TN-SYN-P-000002238,Tenkasi,33,Urban,63,Male,3,1,1,Others,Literate,Middle,Not in labour force,Not in labour force,0.0,6677.0,Other Backward Class,1.0,1.0201184824,1.01962499739,1.01962499739,1.01962499739,TN-HH-00002238,tn_elderly_pension_001,1.0,POLICY-RUN-8C351476BB,TN-SYN-P-000002238,TN-HH-00002238,True,False,ELIGIBLE_ALL_RULES_PASSED,ELIGIBLE_ALL_RULES_PASSED,R_AGE;R_INCOME,,True,SELECTED,180000.0,2160000.0,2202389.99
TN-SYN-P-000002243,Kanniyakumari,28,Urban,69,Male,3,1,1,Others,Illiterate,Not literate,Not in labour force,Not in labour force,0.0,4083.0,Other Backward Class,1.0,1.0201184824,1.01962499739,1.01962499739,1.01962499739,TN-HH-00002243,tn_elderly_pension_001,1.0,POLICY-RUN-8C351476BB,TN-SYN-P-000002243,TN-HH-00002243,True,False,ELIGIBLE_ALL_RULES_PASSED,ELIGIBLE_ALL_RULES_PASSED,R_AGE;R_INCOME,,True,SELECTED,180000.0,2160000.0,2202389.99
TN-SYN-P-000002246,Cuddalore,16,Urban,69,Female,2,2,2,Self-employed in non-agriculture,Literate,Secondary,Not in labour force,Not in labour force,0.0,20775.0,Other Backward Class,1.0,1.0223852304,1.02189038143,1.02189038143,1.02189038143,TN-HH-00002246,tn_elderly_pension_001,1.0,POLICY-RUN-8C351476BB,TN-SYN-P-000002246,TN-HH-00002246,True,False,ELIGIBLE_ALL_RULES_PASSED,ELIGIBLE_ALL_RULES_PASSED,R_AGE;R_INCOME,,True,SELECTED,180000.0,2160000.0,2207283.22
TN-SYN-P-000002250,Theni,23,Urban,61,Female,2,2,3,Self-employed in non-agriculture,Literate,Below Primary,Not in labour force,Not in labour force,0.0,9504.0,Other Backward Class,1.0,1.0223852304,1.02189038143,1.02189038143,1.02189038143,TN-HH-00002250,tn_elderly_pension_001,1.0,POLICY-RUN-8C351476BB,TN-SYN-P-000002250,TN-HH-00002250,True,False,ELIGIBLE_ALL_RULES_PASSED,ELIGIBLE_ALL_RULES_PASSED,R_AGE;R_INCOME,,True,SELECTED,180000.0,2160000.0,2207283.22
TN-SYN-P-000002252,Tiruchirappalli,13,Rural,60,Female,2,2,2,Self-employed in agriculture,Literate,Primary,Employed,Employed,0.0,10202.0,Scheduled Caste,1.0,0.88208608392,0.881675656319,0.881675656319,0.881675656319,TN-HH-00002252,tn_elderly_pension_001,1.0,POLICY-RUN-8C351476BB,TN-SYN-P-000002252,TN-HH-00002252,True,False,ELIGIBLE_ALL_RULES_PASSED,ELIGIBLE_ALL_RULES_PASSED,R_AGE;R_INCOME,,True,SELECTED,180000.0,2160000.0,1904419.42
TN-SYN-P-000002267,Tenkasi,33,Rural,74,Female,2,2,2,Others,Literate,Middle,Not in labour force,Not in labour force,0.0,25680.0,Other Backward Class,1.0,1.05622434506,1.05570913428,1.05570913428,1.05570913428,TN-HH-00002267,tn_elderly_pension_001,1.0,POLICY-RUN-8C351476BB,TN-SYN-P-000002267,TN-HH-00002267,True,False,ELIGIBLE_ALL_RULES_PASSED,ELIGIBLE_ALL_RULES_PASSED,R_AGE;R_INCOME,,True,SELECTED,180000.0,2160000.0,2280331.73
TN-SYN-P-000002270,Mayiladuthurai,38,Rural,68,Female,3,7,5,Self-employed in non-agriculture,Illiterate,Not literate,Not in labour force,Not in labour force,0.0,19864.0,Scheduled Caste,1.0,0.88208608392,0.881675656319,0.881675656319,0.881675656319,TN-HH-00002270,tn_elderly_pension_001,1.0,POLICY-RUN-8C351476BB,TN-SYN-P-000002270,TN-HH-00002270,True,False,ELIGIBLE_ALL_RULES_PASSED,ELIGIBLE_ALL_RULES_PASSED,R_AGE;R_INCOME,,True,SELECTED,180000.0,2160000.0,1904419.42
TN-SYN-P-000002276,Ramanathapuram,25,Rural,71,Male,3,1,1,Others,Illiterate,Not literate,Not in labour force,Not in labour force,0.0,3567.0,Other Backward Class,1.0,1.05388257177,1.0533687701,1.0533687701,1.0533687701,TN-HH-00002276,tn_elderly_pension_001,1.0,POLICY-RUN-8C351476BB,TN-SYN-P-000002276,TN-HH-00002276,True,False,ELIGIBLE_ALL_RULES_PASSED,ELIGIBLE_ALL_RULES_PASSED,R_AGE;R_INCOME,,True,SELECTED,180000.0,2160000.0,2275276.54
TN-SYN-P-000002280,Viluppuram,06,Rural,68,Male,2,1,3,Casual labour in agriculture,Illiterate,Not literate,Employed,Employed,0.0,10308.0,Other Backward Class,1.0,1.05388257177,1.0533687701,1.0533687701,1.0533687701,TN-HH-00002280,tn_elderly_pension_001,1.0,POLICY-RUN-8C351476BB,TN-SYN-P-000002280,TN-HH-00002280,True,False,ELIGIBLE_ALL_RULES_PASSED,ELIGIBLE_ALL_RULES_PASSED,R_AGE;R_INCOME,,True,SELECTED,180000.0,2160000.0,2275276.54
TN-SYN-P-000002284,Thoothukudi,26,Rural,61,Female,3,1,1,Casual labour in agriculture,Illiterate,Not literate,Employed,Employed,0.0,4107.0,Other Backward Class,1.0,1.05622434506,1.05570913428,1.05570913428,1.05570913428,TN-HH-00002284,tn_elderly_pension_001,1.0,POLICY-RUN-8C351476BB,TN-SYN-P-000002284,TN-HH-00002284,True,False,ELIGIBLE_ALL_RULES_PASSED,ELIGIBLE_ALL_RULES_PASSED,R_AGE;R_INCOME,,True,SELECTED,180000.0,2160000.0,2280331.73
TN-SYN-P-000002294,Krishnagiri,30,Rural,75,Female,3,7,3,Self-employed in agriculture,Illiterate,Not literate,Not in labour force,Not in labour force,0.0,9648.0,Scheduled Caste,1.0,0.88208608392,0.881675656319,0.881675656319,0.881675656319,TN-HH-00002294,tn_elderly_pension_001,1.0,POLICY-RUN-8C351476BB,TN-SYN-P-000002294,TN-HH-00002294,True,False,ELIGIBLE_ALL_RULES_PASSED,ELIGIBLE_ALL_RULES_PASSED,R_AGE;R_INCOME,,True,SELECTED,180000.0,2160000.0,1904419.42
TN-SYN-P-000002302,Kancheepuram,03,Rural,72,Female,3,7,5,Regular wage/salary earning,Literate,Primary,Not in labour force,Not in labour force,0.0,22458.0,Scheduled Caste,1.0,0.88208608392,0.881675656319,0.881675656319,0.881675656319,TN-HH-00002302,tn_elderly_pension_001,1.0,POLICY-RUN-8C351476BB,TN-SYN-P-000002302,TN-HH-00002302,True,False,ELIGIBLE_ALL_RULES_PASSED,ELIGIBLE_ALL_RULES_PASSED,R_AGE;R_INCOME,,True,SELECTED,180000.0,2160000.0,1904419.42
TN-SYN-P-000002304,Dindigul,11,Rural,72,Male,2,1,2,Others,Illiterate,Not literate,Not in labour force,Not in labour force,0.0,2846.0,Scheduled Caste,1.0,0.88013039559,0.879721144774,0.879721144774,0.879721144774,TN-HH-00002304,tn_elderly_pension_001,1.0,POLICY-RUN-8C351476BB,TN-SYN-P-000002304,TN-HH-00002304,True,False,ELIGIBLE_ALL_RULES_PASSED,ELIGIBLE_ALL_RULES_PASSED,R_AGE;R_INCOME,,True,SELECTED,180000.0,2160000.0,1900197.67
TN-SYN-P-000002305,Tiruvannamalai,05,Rural,70,Female,3,1,1,Others,Illiterate,Not literate,Not in labour force,Not in labour force,0.0,2617.0,Scheduled Caste,1.0,0.88208608392,0.881675656319,0.881675656319,0.881675656319,TN-HH-00002305,tn_elderly_pension_001,1.0,POLICY-RUN-8C351476BB,TN-SYN-P-000002305,TN-HH-00002305,True,False,ELIGIBLE_ALL_RULES_PASSED,ELIGIBLE_ALL_RULES_PASSED,R_AGE;R_INCOME,,True,SELECTED,180000.0,2160000.0,1904419.42
TN-SYN-P-000002314,Tiruvannamalai,05,Rural,75,Male,2,1,3,Self-employed in non-agriculture,Illiterate,Not literate,Not in labour force,Not in labour force,0.0,3475.0,Other Backward Class,1.0,1.05388257177,1.0533687701,1.0533687701,1.0533687701,TN-HH-00002314,tn_elderly_pension_001,1.0,POLICY-RUN-8C351476BB,TN-SYN-P-000002314,TN-HH-00002314,True,False,ELIGIBLE_ALL_RULES_PASSED,ELIGIBLE_ALL_RULES_PASSED,R_AGE;R_INCOME,,True,SELECTED,180000.0,2160000.0,2275276.54
TN-SYN-P-000002315,Tenkasi,33,Rural,65,Female,3,1,2,Casual labour in non-agriculture,Literate,Below Primary,Not in labour force,Not in labour force,0.0,5350.0,Scheduled Caste,1.0,0.88208608392,0.881675656319,0.881675656319,0.881675656319,TN-HH-00002315,tn_elderly_pension_001,1.0,POLICY-RUN-8C351476BB,TN-SYN-P-000002315,TN-HH-00002315,True,False,ELIGIBLE_ALL_RULES_PASSED,ELIGIBLE_ALL_RULES_PASSED,R_AGE;R_INCOME,,True,SELECTED,180000.0,2160000.0,1904419.42
TN-SYN-P-000002316,Thiruvallur,01,Rural,67,Female,3,8,2,Others,Illiterate,Not literate,Not in labour force,Not in labour force,0.0,5250.0,Other Backward Class,1.0,1.05622434506,1.05570913428,1.05570913428,1.05570913428,TN-HH-00002316,tn_elderly_pension_001,1.0,POLICY-RUN-8C351476BB,TN-SYN-P-000002316,TN-HH-00002316,True,False,ELIGIBLE_ALL_RULES_PASSED,ELIGIBLE_ALL_RULES_PASSED,R_AGE;R_INCOME,,True,SELECTED,180000.0,2160000.0,2280331.73
TN-SYN-P-000002318,Krishnagiri,30,Rural,69,Female,3,7,5,Casual labour in non-agriculture,Illiterate,Not literate,Not in labour force,Not in labour force,0.0,7093.0,Other Backward Class,1.0,1.05622434506,1.05570913428,1.05570913428,1.05570913428,TN-HH-00002318,tn_elderly_pension_001,1.0,POLICY-RUN-8C351476BB,TN-SYN-P-000002318,TN-HH-00002318,True,False,ELIGIBLE_ALL_RULES_PASSED,ELIGIBLE_ALL_RULES_PASSED,R_AGE;R_INCOME,,True,SELECTED,180000.0,2160000.0,2280331.73
TN-SYN-P-000002328,Thiruvallur,01,Rural,70,Female,3,1,2,Others,Illiterate,Not literate,Not in labour force,Not in labour force,0.0,5250.0,Other Backward Class,1.0,1.05622434506,1.05570913428,1.05570913428,1.05570913428,TN-HH-00002328,tn_elderly_pension_001,1.0,POLICY-RUN-8C351476BB,TN-SYN-P-000002328,TN-HH-00002328,True,False,ELIGIBLE_ALL_RULES_PASSED,ELIGIBLE_ALL_RULES_PASSED,R_AGE;R_INCOME,,True,SELECTED,180000.0,2160000.0,2280331.73
TN-SYN-P-000002333,Pudukkottai,20,Rural,70,Male,2,7,5,Regular wage/salary earning,Literate,Primary,Not in labour force,Not in labour force,0.0,8831.0,Other Backward Class,1.0,1.05388257177,1.0533687701,1.0533687701,1.0533687701,TN-HH-00002333,tn_elderly_pension_001,1.0,POLICY-RUN-8C351476BB,TN-SYN-P-000002333,TN-HH-00002333,True,False,ELIGIBLE_ALL_RULES_PASSED,ELIGIBLE_ALL_RULES_PASSED,R_AGE;R_INCOME,,True,SELECTED,180000.0,2160000.0,2275276.54
TN-SYN-P-000002339,Kancheepuram,03,Urban,75,Male,2,1,2,Others,Literate,Diploma/Certificate,Not in labour force,Not in labour force,0.0,18632.0,Scheduled Caste,1.0,0.851932945387,0.851540661655,0.851540661655,0.851540661655,TN-HH-00002339,tn_elderly_pension_001,1.0,POLICY-RUN-8C351476BB,TN-SYN-P-000002339,TN-HH-00002339,True,False,ELIGIBLE_ALL_RULES_PASSED,ELIGIBLE_ALL_RULES_PASSED,R_AGE;R_INCOME,,True,SELECTED,180000.0,2160000.0,1839327.83
TN-SYN-P-000002352,Thoothukudi,26,Urban,69,Female,2,2,2,Others,Literate,Below Primary,Not in labour force,Not in labour force,0.0,8278.0,Other Backward Class,1.0,1.0223852304,1.02189038143,1.02189038143,1.02189038143,TN-HH-00002352,tn_elderly_pension_001,1.0,POLICY-RUN-8C351476BB,TN-SYN-P-000002352,TN-HH-00002352,True,False,ELIGIBLE_ALL_RULES_PASSED,ELIGIBLE_ALL_RULES_PASSED,R_AGE;R_INCOME,,True,SELECTED,180000.0,2160000.0,2207283.22
TN-SYN-P-000002354,Salem,07,Rural,60,Female,2,2,3,Others,Illiterate,Not literate,Not in labour force,Not in labour force,0.0,3900.0,Scheduled Caste,1.0,0.88208608392,0.881675656319,0.881675656319,0.881675656319,TN-HH-00002354,tn_elderly_pension_001,1.0,POLICY-RUN-8C351476BB,TN-SYN-P-000002354,TN-HH-00002354,True,False,ELIGIBLE_ALL_RULES_PASSED,ELIGIBLE_ALL_RULES_PASSED,R_AGE;R_INCOME,,True,SELECTED,180000.0,2160000.0,1904419.42
TN-SYN-P-000002364,Krishnagiri,30,Rural,71,Male,2,7,7,Self-employed in agriculture,Illiterate,Not literate,Employed,Employed,0.0,16613.0,Other Backward Class,1.0,1.05388257177,1.0533687701,1.0533687701,1.0533687701,TN-HH-00002364,tn_elderly_pension_001,1.0,POLICY-RUN-8C351476BB,TN-SYN-P-000002364,TN-HH-00002364,True,False,ELIGIBLE_ALL_RULES_PASSED,ELIGIBLE_ALL_RULES_PASSED,R_AGE;R_INCOME,,True,SELECTED,180000.0,2160000.0,2275276.54
TN-SYN-P-000002371,Cuddalore,16,Rural,61,Female,3,7,5,Regular wage/salary earning,Illiterate,Not literate,Employed,Employed,0.0,12700.0,Other Backward Class,1.0,1.05622434506,1.05570913428,1.05570913428,1.05570913428,TN-HH-00002371,tn_elderly_pension_001,1.0,POLICY-RUN-8C351476BB,TN-SYN-P-000002371,TN-HH-00002371,True,False,ELIGIBLE_ALL_RULES_PASSED,ELIGIBLE_ALL_RULES_PASSED,R_AGE;R_INCOME,,True,SELECTED,180000.0,2160000.0,2280331.73
TN-SYN-P-000002388,Salem,07,Urban,73,Male,2,1,2,Others,Literate,Diploma/Certificate,Not in labour force,Not in labour force,0.0,9150.0,Other Backward Class,1.0,1.0201184824,1.01962499739,1.01962499739,1.01962499739,TN-HH-00002388,tn_elderly_pension_001,1.0,POLICY-RUN-8C351476BB,TN-SYN-P-000002388,TN-HH-00002388,True,False,ELIGIBLE_ALL_RULES_PASSED,ELIGIBLE_ALL_RULES_PASSED,R_AGE;R_INCOME,,True,SELECTED,180000.0,2160000.0,2202389.99
TN-SYN-P-000002392,Ariyalur,15,Urban,64,Female,2,2,2,Self-employed in agriculture,Literate,Secondary,Not in labour force,Not in labour force,0.0,27880.0,Other Backward Class,1.0,1.0223852304,1.02189038143,1.02189038143,1.02189038143,TN-HH-00002392,tn_elderly_pension_001,1.0,POLICY-RUN-8C351476BB,TN-SYN-P-000002392,TN-HH-00002392,True,False,ELIGIBLE_ALL_RULES_PASSED,ELIGIBLE_ALL_RULES_PASSED,R_AGE;R_INCOME,,True,SELECTED,180000.0,2160000.0,2207283.22
TN-SYN-P-000002396,Kancheepuram,03,Urban,62,Female,2,2,2,Others,Literate,Higher Secondary,Not in labour force,Not in labour force,0.0,25512.0,Others,1.0,1.0223852304,1.02189038143,1.02189038143,1.02189038143,TN-HH-00002396,tn_elderly_pension_001,1.0,POLICY-RUN-8C351476BB,TN-SYN-P-000002396,TN-HH-00002396,True,False,ELIGIBLE_ALL_RULES_PASSED,ELIGIBLE_ALL_RULES_PASSED,R_AGE;R_INCOME,,True,SELECTED,180000.0,2160000.0,2207283.22
TN-SYN-P-000002397,Dharmapuri,29,Rural,70,Male,2,1,2,Self-employed in agriculture,Literate,Primary,Employed,Employed,0.0,7194.0,Other Backward Class,1.0,1.05388257177,1.0533687701,1.0533687701,1.0533687701,TN-HH-00002397,tn_elderly_pension_001,1.0,POLICY-RUN-8C351476BB,TN-SYN-P-000002397,TN-HH-00002397,True,False,ELIGIBLE_ALL_RULES_PASSED,ELIGIBLE_ALL_RULES_PASSED,R_AGE;R_INCOME,,True,SELECTED,180000.0,2160000.0,2275276.54
TN-SYN-P-000002401,Thiruvallur,01,Rural,70,Female,3,1,2,Others,Illiterate,Not literate,Not in labour force,Not in labour force,0.0,5250.0,Other Backward Class,1.0,1.05622434506,1.05570913428,1.05570913428,1.05570913428,TN-HH-00002401,tn_elderly_pension_001,1.0,POLICY-RUN-8C351476BB,TN-SYN-P-000002401,TN-HH-00002401,True,False,ELIGIBLE_ALL_RULES_PASSED,ELIGIBLE_ALL_RULES_PASSED,R_AGE;R_INCOME,,True,SELECTED,180000.0,2160000.0,2280331.73
TN-SYN-P-000002404,Thiruvallur,01,Urban,65,Female,3,1,3,Self-employed in non-agriculture,Literate,Secondary,Not in labour force,Not in labour force,0.0,31350.0,Other Backward Class,1.0,1.0223852304,1.02189038143,1.02189038143,1.02189038143,TN-HH-00002404,tn_elderly_pension_001,1.0,POLICY-RUN-8C351476BB,TN-SYN-P-000002404,TN-HH-00002404,True,False,ELIGIBLE_ALL_RULES_PASSED,ELIGIBLE_ALL_RULES_PASSED,R_AGE;R_INCOME,,True,SELECTED,180000.0,2160000.0,2207283.22
TN-SYN-P-000002412,Salem,07,Rural,70,Male,2,1,3,Others,Illiterate,Not literate,Not in labour force,Not in labour force,0.0,3900.0,Scheduled Caste,1.0,0.88013039559,0.879721144774,0.879721144774,0.879721144774,TN-HH-00002412,tn_elderly_pension_001,1.0,POLICY-RUN-8C351476BB,TN-SYN-P-000002412,TN-HH-00002412,True,False,ELIGIBLE_ALL_RULES_PASSED,ELIGIBLE_ALL_RULES_PASSED,R_AGE;R_INCOME,,True,SELECTED,180000.0,2160000.0,1900197.67
TN-SYN-P-000002417,Thiruvallur,01,Urban,63,Female,2,2,3,Self-employed in agriculture,Literate,Middle,Not in labour force,Not in labour force,0.0,15997.0,Other Backward Class,1.0,1.0223852304,1.02189038143,1.02189038143,1.02189038143,TN-HH-00002417,tn_elderly_pension_001,1.0,POLICY-RUN-8C351476BB,TN-SYN-P-000002417,TN-HH-00002417,True,False,ELIGIBLE_ALL_RULES_PASSED,ELIGIBLE_ALL_RULES_PASSED,R_AGE;R_INCOME,,True,SELECTED,180000.0,2160000.0,2207283.22
TN-SYN-P-000002435,Mayiladuthurai,38,Rural,60,Male,2,1,4,Regular wage/salary earning,Literate,Middle,Employed,Employed,0.0,17506.0,Other Backward Class,1.0,1.05388257177,1.0533687701,1.0533687701,1.0533687701,TN-HH-00002435,tn_elderly_pension_001,1.0,POLICY-RUN-8C351476BB,TN-SYN-P-000002435,TN-HH-00002435,True,False,ELIGIBLE_ALL_RULES_PASSED,ELIGIBLE_ALL_RULES_PASSED,R_AGE;R_INCOME,,True,SELECTED,180000.0,2160000.0,2275276.54
TN-SYN-P-000002438,Thoothukudi,26,Rural,80,Female,2,2,7,Casual labour in non-agriculture,Illiterate,Not literate,Not in labour force,Not in labour force,0.0,9945.0,Other Backward Class,1.0,1.05622434506,1.05570913428,1.05570913428,1.05570913428,TN-HH-00002438,tn_elderly_pension_001,1.0,POLICY-RUN-8C351476BB,TN-SYN-P-000002438,TN-HH-00002438,True,False,ELIGIBLE_ALL_RULES_PASSED,ELIGIBLE_ALL_RULES_PASSED,R_AGE;R_INCOME,,True,SELECTED,180000.0,2160000.0,2280331.73
TN-SYN-P-000002450,Cuddalore,16,Rural,69,Female,3,7,5,Casual labour in agriculture,Illiterate,Not literate,Not in labour force,Not in labour force,0.0,8392.0,Scheduled Caste,1.0,0.88208608392,0.881675656319,0.881675656319,0.881675656319,TN-HH-00002450,tn_elderly_pension_001,1.0,POLICY-RUN-8C351476BB,TN-SYN-P-000002450,TN-HH-00002450,True,False,ELIGIBLE_ALL_RULES_PASSED,ELIGIBLE_ALL_RULES_PASSED,R_AGE;R_INCOME,,True,SELECTED,180000.0,2160000.0,1904419.42
TN-SYN-P-000002451,Tiruvannamalai,05,Rural,75,Female,3,8,5,Casual labour in non-agriculture,Illiterate,Not literate,Not in labour force,Not in labour force,0.0,8005.0,Scheduled Caste,1.0,0.88208608392,0.881675656319,0.881675656319,0.881675656319,TN-HH-00002451,tn_elderly_pension_001,1.0,POLICY-RUN-8C351476BB,TN-SYN-P-000002451,TN-HH-00002451,True,False,ELIGIBLE_ALL_RULES_PASSED,ELIGIBLE_ALL_RULES_PASSED,R_AGE;R_INCOME,,True,SELECTED,180000.0,2160000.0,1904419.42
TN-SYN-P-000002453,Tenkasi,33,Rural,70,Female,3,7,8,Self-employed in non-agriculture,Illiterate,Not literate,Not in labour force,Not in labour force,0.0,12550.0,Scheduled Caste,1.0,0.88208608392,0.881675656319,0.881675656319,0.881675656319,TN-HH-00002453,tn_elderly_pension_001,1.0,POLICY-RUN-8C351476BB,TN-SYN-P-000002453,TN-HH-00002453,True,False,ELIGIBLE_ALL_RULES_PASSED,ELIGIBLE_ALL_RULES_PASSED,R_AGE;R_INCOME,,True,SELECTED,180000.0,2160000.0,1904419.42
TN-SYN-P-000002454,Erode,09,Urban,63,Female,3,7,5,Self-employed in non-agriculture,Literate,Primary,Not in labour force,Not in labour force,0.0,13257.0,Scheduled Caste,1.0,0.853825977746,0.853432554931,0.853432554931,0.853432554931,TN-HH-00002454,tn_elderly_pension_001,1.0,POLICY-RUN-8C351476BB,TN-SYN-P-000002454,TN-HH-00002454,True,False,ELIGIBLE_ALL_RULES_PASSED,ELIGIBLE_ALL_RULES_PASSED,R_AGE;R_INCOME,,True,SELECTED,180000.0,2160000.0,1843414.32
TN-SYN-P-000002474,Theni,23,Urban,60,Female,3,7,5,Self-employed in non-agriculture,Illiterate,Not literate,Not in labour force,Not in labour force,0.0,19010.0,Other Backward Class,1.0,1.0223852304,1.02189038143,1.02189038143,1.02189038143,TN-HH-00002474,tn_elderly_pension_001,1.0,POLICY-RUN-8C351476BB,TN-SYN-P-000002474,TN-HH-00002474,True,False,ELIGIBLE_ALL_RULES_PASSED,ELIGIBLE_ALL_RULES_PASSED,R_AGE;R_INCOME,,True,SELECTED,180000.0,2160000.0,2207283.22
TN-SYN-P-000002475,Thiruvallur,01,Urban,76,Female,3,1,4,Self-employed in non-agriculture,Literate,Middle,Not in labour force,Not in labour force,0.0,16700.0,Others,1.0,1.0223852304,1.02189038143,1.02189038143,1.02189038143,TN-HH-00002475,tn_elderly_pension_001,1.0,POLICY-RUN-8C351476BB,TN-SYN-P-000002475,TN-HH-00002475,True,False,ELIGIBLE_ALL_RULES_PASSED,ELIGIBLE_ALL_RULES_PASSED,R_AGE;R_INCOME,,True,SELECTED,180000.0,2160000.0,2207283.22
TN-SYN-P-000002479,Thanjavur,19,Rural,70,Male,2,1,4,Casual labour in non-agriculture,Literate,Secondary,Not in labour force,Not in labour force,0.0,11477.0,Other Backward Class,1.0,1.05388257177,1.0533687701,1.0533687701,1.0533687701,TN-HH-00002479,tn_elderly_pension_001,1.0,POLICY-RUN-8C351476BB,TN-SYN-P-000002479,TN-HH-00002479,True,False,ELIGIBLE_ALL_RULES_PASSED,ELIGIBLE_ALL_RULES_PASSED,R_AGE;R_INCOME,,True,SELECTED,180000.0,2160000.0,2275276.54
TN-SYN-P-000002496,Thiruvallur,01,Urban,62,Female,2,2,2,Others,Literate,Middle,Not in labour force,Not in labour force,0.0,7460.0,Other Backward Class,1.0,1.0223852304,1.02189038143,1.02189038143,1.02189038143,TN-HH-00002496,tn_elderly_pension_001,1.0,POLICY-RUN-8C351476BB,TN-SYN-P-000002496,TN-HH-00002496,True,False,ELIGIBLE_ALL_RULES_PASSED,ELIGIBLE_ALL_RULES_PASSED,R_AGE;R_INCOME,,True,SELECTED,180000.0,2160000.0,2207283.22
TN-SYN-P-000002504,Tiruchirappalli,13,Urban,60,Male,2,2,2,Self-employed in non-agriculture,Literate,Middle,Employed,Employed,12500.0,13667.0,Other Backward Class,1.0,1.0201184824,1.01962499739,1.01962499739,1.01962499739,TN-HH-00002504,tn_elderly_pension_001,1.0,POLICY-RUN-8C351476BB,TN-SYN-P-000002504,TN-HH-00002504,True,False,ELIGIBLE_ALL_RULES_PASSED,ELIGIBLE_ALL_RULES_PASSED,R_AGE;R_INCOME,,True,SELECTED,180000.0,2160000.0,2202389.99
TN-SYN-P-000002509,Dindigul,11,Rural,60,Female,2,2,3,Others,Literate,Below Primary,Not in labour force,Not in labour force,0.0,5330.0,Scheduled Caste,1.0,0.88208608392,0.881675656319,0.881675656319,0.881675656319,TN-HH-00002509,tn_elderly_pension_001,1.0,POLICY-RUN-8C351476BB,TN-SYN-P-000002509,TN-HH-00002509,True,False,ELIGIBLE_ALL_RULES_PASSED,ELIGIBLE_ALL_RULES_PASSED,R_AGE;R_INCOME,,True,SELECTED,180000.0,2160000.0,1904419.42
TN-SYN-P-000002512,Coimbatore,31,Urban,62,Male,3,7,3,Self-employed in non-agriculture,Literate,Below Primary,Not in labour force,Not in labour force,0.0,8552.0,Scheduled Caste,1.0,0.851932945387,0.851540661655,0.851540661655,0.851540661655,TN-HH-00002512,tn_elderly_pension_001,1.0,POLICY-RUN-8C351476BB,TN-SYN-P-000002512,TN-HH-00002512,True,False,ELIGIBLE_ALL_RULES_PASSED,ELIGIBLE_ALL_RULES_PASSED,R_AGE;R_INCOME,,True,SELECTED,180000.0,2160000.0,1839327.83
TN-SYN-P-000002517,Coimbatore,31,Urban,60,Female,3,1,4,Self-employed in non-agriculture,Illiterate,Not literate,Not in labour force,Not in labour force,0.0,10643.0,Scheduled Caste,1.0,0.853825977746,0.853432554931,0.853432554931,0.853432554931,TN-HH-00002517,tn_elderly_pension_001,1.0,POLICY-RUN-8C351476BB,TN-SYN-P-000002517,TN-HH-00002517,True,False,ELIGIBLE_ALL_RULES_PASSED,ELIGIBLE_ALL_RULES_PASSED,R_AGE;R_INCOME,,True,SELECTED,180000.0,2160000.0,1843414.32
TN-SYN-P-000002522,Salem,07,Rural,70,Female,3,1,1,Casual labour in non-agriculture,Illiterate,Not literate,Employed,Employed,0.0,3083.0,Scheduled Caste,1.0,0.88208608392,0.881675656319,0.881675656319,0.881675656319,TN-HH-00002522,tn_elderly_pension_001,1.0,POLICY-RUN-8C351476BB,TN-SYN-P-000002522,TN-HH-00002522,True,False,ELIGIBLE_ALL_RULES_PASSED,ELIGIBLE_ALL_RULES_PASSED,R_AGE;R_INCOME,,True,SELECTED,180000.0,2160000.0,1904419.42
TN-SYN-P-000002524,Thiruvallur,01,Urban,73,Male,2,1,2,Others,Literate,Secondary,Not in labour force,Not in labour force,0.0,20433.0,Other Backward Class,1.0,1.0201184824,1.01962499739,1.01962499739,1.01962499739,TN-HH-00002524,tn_elderly_pension_001,1.0,POLICY-RUN-8C351476BB,TN-SYN-P-000002524,TN-HH-00002524,True,False,ELIGIBLE_ALL_RULES_PASSED,ELIGIBLE_ALL_RULES_PASSED,R_AGE;R_INCOME,,True,SELECTED,180000.0,2160000.0,2202389.99
TN-SYN-P-000002534,Thoothukudi,26,Rural,80,Female,2,2,7,Casual labour in non-agriculture,Illiterate,Not literate,Not in labour force,Not in labour force,0.0,9945.0,Other Backward Class,1.0,1.05622434506,1.05570913428,1.05570913428,1.05570913428,TN-HH-00002534,tn_elderly_pension_001,1.0,POLICY-RUN-8C351476BB,TN-SYN-P-000002534,TN-HH-00002534,True,False,ELIGIBLE_ALL_RULES_PASSED,ELIGIBLE_ALL_RULES_PASSED,R_AGE;R_INCOME,,True,SELECTED,180000.0,2160000.0,2280331.73
TN-SYN-P-000002540,Thiruvallur,01,Urban,73,Male,2,1,2,Others,Literate,Secondary,Not in labour force,Not in labour force,0.0,20433.0,Other Backward Class,1.0,1.0201184824,1.01962499739,1.01962499739,1.01962499739,TN-HH-00002540,tn_elderly_pension_001,1.0,POLICY-RUN-8C351476BB,TN-SYN-P-000002540,TN-HH-00002540,True,False,ELIGIBLE_ALL_RULES_PASSED,ELIGIBLE_ALL_RULES_PASSED,R_AGE;R_INCOME,,True,SELECTED,180000.0,2160000.0,2202389.99
TN-SYN-P-000002542,Theni,23,Urban,63,Male,2,1,3,Self-employed in agriculture,Literate,Secondary,Not in labour force,Not in labour force,0.0,15993.0,Other Backward Class,1.0,1.0201184824,1.01962499739,1.01962499739,1.01962499739,TN-HH-00002542,tn_elderly_pension_001,1.0,POLICY-RUN-8C351476BB,TN-SYN-P-000002542,TN-HH-00002542,True,False,ELIGIBLE_ALL_RULES_PASSED,ELIGIBLE_ALL_RULES_PASSED,R_AGE;R_INCOME,,True,SELECTED,180000.0,2160000.0,2202389.99
TN-SYN-P-000002545,Pudukkottai,20,Rural,65,Female,2,7,6,Regular wage/salary earning,Illiterate,Not literate,Not in labour force,Not in labour force,0.0,13763.0,Other Backward Class,1.0,1.05622434506,1.05570913428,1.05570913428,1.05570913428,TN-HH-00002545,tn_elderly_pension_001,1.0,POLICY-RUN-8C351476BB,TN-SYN-P-000002545,TN-HH-00002545,True,False,ELIGIBLE_ALL_RULES_PASSED,ELIGIBLE_ALL_RULES_PASSED,R_AGE;R_INCOME,,True,SELECTED,180000.0,2160000.0,2280331.73
TN-SYN-P-000002551,Coimbatore,31,Urban,79,Female,3,7,5,Self-employed in non-agriculture,Literate,Secondary,Not in labour force,Not in labour force,0.0,52618.0,Others,1.0,1.0223852304,1.02189038143,1.02189038143,1.02189038143,TN-HH-00002551,tn_elderly_pension_001,1.0,POLICY-RUN-8C351476BB,TN-SYN-P-000002551,TN-HH-00002551,True,False,ELIGIBLE_ALL_RULES_PASSED,ELIGIBLE_ALL_RULES_PASSED,R_AGE;R_INCOME,,True,SELECTED,180000.0,2160000.0,2207283.22
TN-SYN-P-000002553,Sivaganga,21,Rural,65,Female,2,2,6,Self-employed in agriculture,Illiterate,Not literate,Employed,Employed,0.0,11750.0,Other Backward Class,1.0,1.05622434506,1.05570913428,1.05570913428,1.05570913428,TN-HH-00002553,tn_elderly_pension_001,1.0,POLICY-RUN-8C351476BB,TN-SYN-P-000002553,TN-HH-00002553,True,False,ELIGIBLE_ALL_RULES_PASSED,ELIGIBLE_ALL_RULES_PASSED,R_AGE;R_INCOME,,True,SELECTED,180000.0,2160000.0,2280331.73
TN-SYN-P-000002560,Thiruvallur,01,Rural,62,Male,2,1,2,Self-employed in agriculture,Illiterate,Not literate,Employed,Employed,0.0,9783.0,Scheduled Caste,1.0,0.88013039559,0.879721144774,0.879721144774,0.879721144774,TN-HH-00002560,tn_elderly_pension_001,1.0,POLICY-RUN-8C351476BB,TN-SYN-P-000002560,TN-HH-00002560,True,False,ELIGIBLE_ALL_RULES_PASSED,ELIGIBLE_ALL_RULES_PASSED,R_AGE;R_INCOME,,True,SELECTED,180000.0,2160000.0,1900197.67
TN-SYN-P-000002569,Tirunelveli,27,Rural,60,Female,2,2,2,Casual labour in agriculture,Illiterate,Not literate,Employed,Employed,0.0,9400.0,Other Backward Class,1.0,1.05622434506,1.05570913428,1.05570913428,1.05570913428,TN-HH-00002569,tn_elderly_pension_001,1.0,POLICY-RUN-8C351476BB,TN-SYN-P-000002569,TN-HH-00002569,True,False,ELIGIBLE_ALL_RULES_PASSED,ELIGIBLE_ALL_RULES_PASSED,R_AGE;R_INCOME,,True,SELECTED,180000.0,2160000.0,2280331.73
TN-SYN-P-000002571,Theni,23,Urban,60,Female,3,1,1,Self-employed in non-agriculture,Illiterate,Not literate,Employed,Employed,6000.0,2871.0,Scheduled Caste,1.0,0.853825977746,0.853432554931,0.853432554931,0.853432554931,TN-HH-00002571,tn_elderly_pension_001,1.0,POLICY-RUN-8C351476BB,TN-SYN-P-000002571,TN-HH-00002571,True,False,ELIGIBLE_ALL_RULES_PASSED,ELIGIBLE_ALL_RULES_PASSED,R_AGE;R_INCOME,,True,SELECTED,180000.0,2160000.0,1843414.32
TN-SYN-P-000002572,Chennai,02,Urban,61,Male,3,1,7,Self-employed in non-agriculture,Literate,Primary,Not in labour force,Not in labour force,0.0,16450.0,Other Backward Class,1.0,1.0201184824,1.01962499739,1.01962499739,1.01962499739,TN-HH-00002572,tn_elderly_pension_001,1.0,POLICY-RUN-8C351476BB,TN-SYN-P-000002572,TN-HH-00002572,True,False,ELIGIBLE_ALL_RULES_PASSED,ELIGIBLE_ALL_RULES_PASSED,R_AGE;R_INCOME,,True,SELECTED,180000.0,2160000.0,2202389.99
TN-SYN-P-000002583,Thiruvarur,18,Rural,63,Male,2,1,3,Casual labour in agriculture,Illiterate,Not literate,Employed,Employed,0.0,10405.0,Scheduled Caste,1.0,0.88013039559,0.879721144774,0.879721144774,0.879721144774,TN-HH-00002583,tn_elderly_pension_001,1.0,POLICY-RUN-8C351476BB,TN-SYN-P-000002583,TN-HH-00002583,True,False,ELIGIBLE_ALL_RULES_PASSED,ELIGIBLE_ALL_RULES_PASSED,R_AGE;R_INCOME,,True,SELECTED,180000.0,2160000.0,1900197.67
TN-SYN-P-000002586,Mayiladuthurai,38,Rural,66,Male,2,1,2,Self-employed in non-agriculture,Literate,Middle,Employed,Employed,0.0,8717.0,Other Backward Class,1.0,1.05388257177,1.0533687701,1.0533687701,1.0533687701,TN-HH-00002586,tn_elderly_pension_001,1.0,POLICY-RUN-8C351476BB,TN-SYN-P-000002586,TN-HH-00002586,True,False,ELIGIBLE_ALL_RULES_PASSED,ELIGIBLE_ALL_RULES_PASSED,R_AGE;R_INCOME,,True,SELECTED,180000.0,2160000.0,2275276.54
TN-SYN-P-000002591,Thiruvarur,18,Rural,68,Female,3,1,1,Casual labour in non-agriculture,Literate,Secondary,Employed,Employed,0.0,4540.0,Other Backward Class,1.0,1.05622434506,1.05570913428,1.05570913428,1.05570913428,TN-HH-00002591,tn_elderly_pension_001,1.0,POLICY-RUN-8C351476BB,TN-SYN-P-000002591,TN-HH-00002591,True,False,ELIGIBLE_ALL_RULES_PASSED,ELIGIBLE_ALL_RULES_PASSED,R_AGE;R_INCOME,,True,SELECTED,180000.0,2160000.0,2280331.73
TN-SYN-P-000002597,Tiruvannamalai,05,Rural,75,Female,2,2,2,Others,Illiterate,Not literate,Not in labour force,Not in labour force,0.0,3480.0,Other Backward Class,1.0,1.05622434506,1.05570913428,1.05570913428,1.05570913428,TN-HH-00002597,tn_elderly_pension_001,1.0,POLICY-RUN-8C351476BB,TN-SYN-P-000002597,TN-HH-00002597,True,False,ELIGIBLE_ALL_RULES_PASSED,ELIGIBLE_ALL_RULES_PASSED,R_AGE;R_INCOME,,True,SELECTED,180000.0,2160000.0,2280331.73
TN-SYN-P-000002604,Virudhunagar,24,Urban,71,Male,3,1,4,Self-employed in non-agriculture,Literate,Higher Secondary,Not in labour force,Not in labour force,0.0,12217.0,Other Backward Class,1.0,1.0201184824,1.01962499739,1.01962499739,1.01962499739,TN-HH-00002604,tn_elderly_pension_001,1.0,POLICY-RUN-8C351476BB,TN-SYN-P-000002604,TN-HH-00002604,True,False,ELIGIBLE_ALL_RULES_PASSED,ELIGIBLE_ALL_RULES_PASSED,R_AGE;R_INCOME,,True,SELECTED,180000.0,2160000.0,2202389.99
TN-SYN-P-000002617,Krishnagiri,30,Rural,71,Male,2,7,7,Self-employed in agriculture,Illiterate,Not literate,Employed,Employed,0.0,16613.0,Other Backward Class,1.0,1.05388257177,1.0533687701,1.0533687701,1.0533687701,TN-HH-00002617,tn_elderly_pension_001,1.0,POLICY-RUN-8C351476BB,TN-SYN-P-000002617,TN-HH-00002617,True,False,ELIGIBLE_ALL_RULES_PASSED,ELIGIBLE_ALL_RULES_PASSED,R_AGE;R_INCOME,,True,SELECTED,180000.0,2160000.0,2275276.54
TN-SYN-P-000002627,Cuddalore,16,Rural,65,Male,2,1,2,Self-employed in agriculture,Literate,Middle,Not in labour force,Not in labour force,0.0,7975.0,Other Backward Class,1.0,1.05388257177,1.0533687701,1.0533687701,1.0533687701,TN-HH-00002627,tn_elderly_pension_001,1.0,POLICY-RUN-8C351476BB,TN-SYN-P-000002627,TN-HH-00002627,True,False,ELIGIBLE_ALL_RULES_PASSED,ELIGIBLE_ALL_RULES_PASSED,R_AGE;R_INCOME,,True,SELECTED,180000.0,2160000.0,2275276.54
TN-SYN-P-000002637,Chennai,02,Urban,71,Female,2,2,2,Others,Literate,Below Primary,Not in labour force,Not in labour force,0.0,4233.0,Other Backward Class,1.0,1.0223852304,1.02189038143,1.02189038143,1.02189038143,TN-HH-00002637,tn_elderly_pension_001,1.0,POLICY-RUN-8C351476BB,TN-SYN-P-000002637,TN-HH-00002637,True,False,ELIGIBLE_ALL_RULES_PASSED,ELIGIBLE_ALL_RULES_PASSED,R_AGE;R_INCOME,,True,SELECTED,180000.0,2160000.0,2207283.22
TN-SYN-P-000002651,Tenkasi,33,Rural,80,Female,3,1,1,Others,Illiterate,Not literate,Not in labour force,Not in labour force,0.0,2625.0,Scheduled Caste,1.0,0.88208608392,0.881675656319,0.881675656319,0.881675656319,TN-HH-00002651,tn_elderly_pension_001,1.0,POLICY-RUN-8C351476BB,TN-SYN-P-000002651,TN-HH-00002651,True,False,ELIGIBLE_ALL_RULES_PASSED,ELIGIBLE_ALL_RULES_PASSED,R_AGE;R_INCOME,,True,SELECTED,180000.0,2160000.0,1904419.42
TN-SYN-P-000002653,Kancheepuram,03,Rural,68,Male,2,7,6,Regular wage/salary earning,Illiterate,Not literate,Not in labour force,Not in labour force,0.0,23318.0,Scheduled Caste,1.0,0.88013039559,0.879721144774,0.879721144774,0.879721144774,TN-HH-00002653,tn_elderly_pension_001,1.0,POLICY-RUN-8C351476BB,TN-SYN-P-000002653,TN-HH-00002653,True,False,ELIGIBLE_ALL_RULES_PASSED,ELIGIBLE_ALL_RULES_PASSED,R_AGE;R_INCOME,,True,SELECTED,180000.0,2160000.0,1900197.67
TN-SYN-P-000002654,Salem,07,Urban,68,Female,2,2,3,Self-employed in non-agriculture,Literate,Primary,Not in labour force,Not in labour force,0.0,17700.0,Other Backward Class,1.0,1.0223852304,1.02189038143,1.02189038143,1.02189038143,TN-HH-00002654,tn_elderly_pension_001,1.0,POLICY-RUN-8C351476BB,TN-SYN-P-000002654,TN-HH-00002654,True,False,ELIGIBLE_ALL_RULES_PASSED,ELIGIBLE_ALL_RULES_PASSED,R_AGE;R_INCOME,,True,SELECTED,180000.0,2160000.0,2207283.22
TN-SYN-P-000002676,Cuddalore,16,Urban,65,Female,2,2,2,Others,Literate,Below Primary,Not in labour force,Not in labour force,0.0,5467.0,Other Backward Class,1.0,1.0223852304,1.02189038143,1.02189038143,1.02189038143,TN-HH-00002676,tn_elderly_pension_001,1.0,POLICY-RUN-8C351476BB,TN-SYN-P-000002676,TN-HH-00002676,True,False,ELIGIBLE_ALL_RULES_PASSED,ELIGIBLE_ALL_RULES_PASSED,R_AGE;R_INCOME,,True,SELECTED,180000.0,2160000.0,2207283.22
TN-SYN-P-000002678,Tiruchirappalli,13,Rural,69,Male,2,1,2,Casual labour in agriculture,Illiterate,Not literate,Not in labour force,Not in labour force,0.0,4900.0,Other Backward Class,1.0,1.05388257177,1.0533687701,1.0533687701,1.0533687701,TN-HH-00002678,tn_elderly_pension_001,1.0,POLICY-RUN-8C351476BB,TN-SYN-P-000002678,TN-HH-00002678,True,False,ELIGIBLE_ALL_RULES_PASSED,ELIGIBLE_ALL_RULES_PASSED,R_AGE;R_INCOME,,True,SELECTED,180000.0,2160000.0,2275276.54
TN-SYN-P-000002685,Tirunelveli,27,Urban,60,Male,2,1,2,Others,Literate,Diploma/Certificate,Not in labour force,Not in labour force,0.0,10425.0,Other Backward Class,1.0,1.0201184824,1.01962499739,1.01962499739,1.01962499739,TN-HH-00002685,tn_elderly_pension_001,1.0,POLICY-RUN-8C351476BB,TN-SYN-P-000002685,TN-HH-00002685,True,False,ELIGIBLE_ALL_RULES_PASSED,ELIGIBLE_ALL_RULES_PASSED,R_AGE;R_INCOME,,True,SELECTED,180000.0,2160000.0,2202389.99
TN-SYN-P-000002699,Tirunelveli,27,Rural,60,Female,2,2,2,Casual labour in agriculture,Illiterate,Not literate,Employed,Employed,0.0,9400.0,Other Backward Class,1.0,1.05622434506,1.05570913428,1.05570913428,1.05570913428,TN-HH-00002699,tn_elderly_pension_001,1.0,POLICY-RUN-8C351476BB,TN-SYN-P-000002699,TN-HH-00002699,True,False,ELIGIBLE_ALL_RULES_PASSED,ELIGIBLE_ALL_RULES_PASSED,R_AGE;R_INCOME,,True,SELECTED,180000.0,2160000.0,2280331.73
TN-SYN-P-000002703,Tiruppur,32,Rural,75,Male,2,1,2,Others,Literate,Below Primary,Not in labour force,Not in labour force,0.0,8433.0,Other Backward Class,1.0,1.05388257177,1.0533687701,1.0533687701,1.0533687701,TN-HH-00002703,tn_elderly_pension_001,1.0,POLICY-RUN-8C351476BB,TN-SYN-P-000002703,TN-HH-00002703,True,False,ELIGIBLE_ALL_RULES_PASSED,ELIGIBLE_ALL_RULES_PASSED,R_AGE;R_INCOME,,True,SELECTED,180000.0,2160000.0,2275276.54
TN-SYN-P-000002722,Thoothukudi,26,Urban,82,Female,3,7,5,Self-employed in non-agriculture,Illiterate,Not literate,Not in labour force,Not in labour force,0.0,27332.0,Other Backward Class,1.0,1.0223852304,1.02189038143,1.02189038143,1.02189038143,TN-HH-00002722,tn_elderly_pension_001,1.0,POLICY-RUN-8C351476BB,TN-SYN-P-000002722,TN-HH-00002722,True,False,ELIGIBLE_ALL_RULES_PASSED,ELIGIBLE_ALL_RULES_PASSED,R_AGE;R_INCOME,,True,SELECTED,180000.0,2160000.0,2207283.22
TN-SYN-P-000002727,Thanjavur,19,Rural,68,Male,2,1,2,Regular wage/salary earning,Literate,Diploma/Certificate,Employed,Employed,10560.0,8220.0,Other Backward Class,1.0,1.05388257177,1.0533687701,1.0533687701,1.0533687701,TN-HH-00002727,tn_elderly_pension_001,1.0,POLICY-RUN-8C351476BB,TN-SYN-P-000002727,TN-HH-00002727,True,False,ELIGIBLE_ALL_RULES_PASSED,ELIGIBLE_ALL_RULES_PASSED,R_AGE;R_INCOME,,True,SELECTED,180000.0,2160000.0,2275276.54
TN-SYN-P-000002741,Kallakurichi,34,Rural,61,Female,3,1,1,Others,Illiterate,Not literate,Not in labour force,Not in labour force,0.0,4375.0,Other Backward Class,1.0,1.05622434506,1.05570913428,1.05570913428,1.05570913428,TN-HH-00002741,tn_elderly_pension_001,1.0,POLICY-RUN-8C351476BB,TN-SYN-P-000002741,TN-HH-00002741,True,False,ELIGIBLE_ALL_RULES_PASSED,ELIGIBLE_ALL_RULES_PASSED,R_AGE;R_INCOME,,True,SELECTED,180000.0,2160000.0,2280331.73
TN-SYN-P-000002742,Salem,07,Rural,66,Female,3,7,3,Regular wage/salary earning,Illiterate,Not literate,Not in labour force,Not in labour force,0.0,8717.0,Other Backward Class,1.0,1.05622434506,1.05570913428,1.05570913428,1.05570913428,TN-HH-00002742,tn_elderly_pension_001,1.0,POLICY-RUN-8C351476BB,TN-SYN-P-000002742,TN-HH-00002742,True,False,ELIGIBLE_ALL_RULES_PASSED,ELIGIBLE_ALL_RULES_PASSED,R_AGE;R_INCOME,,True,SELECTED,180000.0,2160000.0,2280331.73
TN-SYN-P-000002744,Chennai,02,Urban,61,Female,3,1,2,Self-employed in non-agriculture,Literate,Diploma/Certificate,Not in labour force,Not in labour force,0.0,31247.0,Other Backward Class,1.0,1.0223852304,1.02189038143,1.02189038143,1.02189038143,TN-HH-00002744,tn_elderly_pension_001,1.0,POLICY-RUN-8C351476BB,TN-SYN-P-000002744,TN-HH-00002744,True,False,ELIGIBLE_ALL_RULES_PASSED,ELIGIBLE_ALL_RULES_PASSED,R_AGE;R_INCOME,,True,SELECTED,180000.0,2160000.0,2207283.22
TN-SYN-P-000002750,Thiruvallur,01,Urban,64,Female,2,2,3,Self-employed in non-agriculture,Literate,Below Primary,Not in labour force,Not in labour force,0.0,8663.0,Others,1.0,1.0223852304,1.02189038143,1.02189038143,1.02189038143,TN-HH-00002750,tn_elderly_pension_001,1.0,POLICY-RUN-8C351476BB,TN-SYN-P-000002750,TN-HH-00002750,True,False,ELIGIBLE_ALL_RULES_PASSED,ELIGIBLE_ALL_RULES_PASSED,R_AGE;R_INCOME,,True,SELECTED,180000.0,2160000.0,2207283.22
TN-SYN-P-000002754,Nagapattinam,17,Urban,74,Male,2,1,2,Others,Literate,Diploma/Certificate,Not in labour force,Not in labour force,0.0,13393.0,Other Backward Class,1.0,1.0201184824,1.01962499739,1.01962499739,1.01962499739,TN-HH-00002754,tn_elderly_pension_001,1.0,POLICY-RUN-8C351476BB,TN-SYN-P-000002754,TN-HH-00002754,True,False,ELIGIBLE_ALL_RULES_PASSED,ELIGIBLE_ALL_RULES_PASSED,R_AGE;R_INCOME,,True,SELECTED,180000.0,2160000.0,2202389.99
TN-SYN-P-000002766,Chennai,02,Urban,69,Female,3,1,3,Self-employed in non-agriculture,Literate,Primary,Not in labour force,Not in labour force,0.0,7272.0,Scheduled Caste,1.0,0.853825977746,0.853432554931,0.853432554931,0.853432554931,TN-HH-00002766,tn_elderly_pension_001,1.0,POLICY-RUN-8C351476BB,TN-SYN-P-000002766,TN-HH-00002766,True,False,ELIGIBLE_ALL_RULES_PASSED,ELIGIBLE_ALL_RULES_PASSED,R_AGE;R_INCOME,,True,SELECTED,180000.0,2160000.0,1843414.32
TN-SYN-P-000002775,Sivaganga,21,Urban,67,Male,2,1,2,Others,Literate,Below Primary,Not in labour force,Not in labour force,0.0,8808.0,Other Backward Class,1.0,1.0201184824,1.01962499739,1.01962499739,1.01962499739,TN-HH-00002775,tn_elderly_pension_001,1.0,POLICY-RUN-8C351476BB,TN-SYN-P-000002775,TN-HH-00002775,True,False,ELIGIBLE_ALL_RULES_PASSED,ELIGIBLE_ALL_RULES_PASSED,R_AGE;R_INCOME,,True,SELECTED,180000.0,2160000.0,2202389.99
TN-SYN-P-000002786,Kancheepuram,03,Rural,60,Female,3,1,5,Regular wage/salary earning,Illiterate,Not literate,Not in labour force,Not in labour force,0.0,17248.0,Scheduled Caste,1.0,0.88208608392,0.881675656319,0.881675656319,0.881675656319,TN-HH-00002786,tn_elderly_pension_001,1.0,POLICY-RUN-8C351476BB,TN-SYN-P-000002786,TN-HH-00002786,True,False,ELIGIBLE_ALL_RULES_PASSED,ELIGIBLE_ALL_RULES_PASSED,R_AGE;R_INCOME,,True,SELECTED,180000.0,2160000.0,1904419.42
TN-SYN-P-000002788,Cuddalore,16,Rural,67,Female,3,7,5,Casual labour in non-agriculture,Illiterate,Not literate,Not in labour force,Not in labour force,0.0,13983.0,Other Backward Class,1.0,1.05622434506,1.05570913428,1.05570913428,1.05570913428,TN-HH-00002788,tn_elderly_pension_001,1.0,POLICY-RUN-8C351476BB,TN-SYN-P-000002788,TN-HH-00002788,True,False,ELIGIBLE_ALL_RULES_PASSED,ELIGIBLE_ALL_RULES_PASSED,R_AGE;R_INCOME,,True,SELECTED,180000.0,2160000.0,2280331.73
TN-SYN-P-000002789,Unknown,37,Rural,60,Female,3,1,2,Regular wage/salary earning,Literate,Below Primary,Employed,Employed,12000.0,8692.0,Other Backward Class,1.0,1.05622434506,1.05570913428,1.05570913428,1.05570913428,TN-HH-00002789,tn_elderly_pension_001,1.0,POLICY-RUN-8C351476BB,TN-SYN-P-000002789,TN-HH-00002789,True,False,ELIGIBLE_ALL_RULES_PASSED,ELIGIBLE_ALL_RULES_PASSED,R_AGE;R_INCOME,,True,SELECTED,180000.0,2160000.0,2280331.73
TN-SYN-P-000002794,Thanjavur,19,Urban,80,Female,3,7,3,Others,Illiterate,Not literate,Not in labour force,Not in labour force,0.0,14072.0,Other Backward Class,1.0,1.0223852304,1.02189038143,1.02189038143,1.02189038143,TN-HH-00002794,tn_elderly_pension_001,1.0,POLICY-RUN-8C351476BB,TN-SYN-P-000002794,TN-HH-00002794,True,False,ELIGIBLE_ALL_RULES_PASSED,ELIGIBLE_ALL_RULES_PASSED,R_AGE;R_INCOME,,True,SELECTED,180000.0,2160000.0,2207283.22
TN-SYN-P-000002802,Tenkasi,33,Rural,74,Female,2,2,2,Others,Literate,Middle,Not in labour force,Not in labour force,0.0,25680.0,Other Backward Class,1.0,1.05622434506,1.05570913428,1.05570913428,1.05570913428,TN-HH-00002802,tn_elderly_pension_001,1.0,POLICY-RUN-8C351476BB,TN-SYN-P-000002802,TN-HH-00002802,True,False,ELIGIBLE_ALL_RULES_PASSED,ELIGIBLE_ALL_RULES_PASSED,R_AGE;R_INCOME,,True,SELECTED,180000.0,2160000.0,2280331.73
TN-SYN-P-000002821,Cuddalore,16,Rural,72,Male,2,1,3,Casual labour in agriculture,Illiterate,Not literate,Employed,Employed,0.0,7775.0,Scheduled Caste,1.0,0.88013039559,0.879721144774,0.879721144774,0.879721144774,TN-HH-00002821,tn_elderly_pension_001,1.0,POLICY-RUN-8C351476BB,TN-SYN-P-000002821,TN-HH-00002821,True,False,ELIGIBLE_ALL_RULES_PASSED,ELIGIBLE_ALL_RULES_PASSED,R_AGE;R_INCOME,,True,SELECTED,180000.0,2160000.0,1900197.67
TN-SYN-P-000002823,Kanniyakumari,28,Urban,65,Female,3,1,2,Regular wage/salary earning,Illiterate,Not literate,Not in labour force,Not in labour force,0.0,12800.0,Other Backward Class,1.0,1.0223852304,1.02189038143,1.02189038143,1.02189038143,TN-HH-00002823,tn_elderly_pension_001,1.0,POLICY-RUN-8C351476BB,TN-SYN-P-000002823,TN-HH-00002823,True,False,ELIGIBLE_ALL_RULES_PASSED,ELIGIBLE_ALL_RULES_PASSED,R_AGE;R_INCOME,,True,SELECTED,180000.0,2160000.0,2207283.22
TN-SYN-P-000002826,Thanjavur,19,Urban,62,Female,3,1,3,Self-employed in agriculture,Illiterate,Not literate,Not in labour force,Not in labour force,0.0,20908.0,Scheduled Caste,1.0,0.853825977746,0.853432554931,0.853432554931,0.853432554931,TN-HH-00002826,tn_elderly_pension_001,1.0,POLICY-RUN-8C351476BB,TN-SYN-P-000002826,TN-HH-00002826,True,False,ELIGIBLE_ALL_RULES_PASSED,ELIGIBLE_ALL_RULES_PASSED,R_AGE;R_INCOME,,True,SELECTED,180000.0,2160000.0,1843414.32
TN-SYN-P-000002831,Madurai,22,Urban,71,Female,3,7,4,Self-employed in non-agriculture,Literate,Secondary,Not in labour force,Not in labour force,0.0,27003.0,Other Backward Class,1.0,1.0223852304,1.02189038143,1.02189038143,1.02189038143,TN-HH-00002831,tn_elderly_pension_001,1.0,POLICY-RUN-8C351476BB,TN-SYN-P-000002831,TN-HH-00002831,True,False,ELIGIBLE_ALL_RULES_PASSED,ELIGIBLE_ALL_RULES_PASSED,R_AGE;R_INCOME,,True,SELECTED,180000.0,2160000.0,2207283.22
TN-SYN-P-000002837,Chennai,02,Urban,61,Female,3,1,2,Self-employed in non-agriculture,Literate,Diploma/Certificate,Not in labour force,Not in labour force,0.0,31247.0,Other Backward Class,1.0,1.0223852304,1.02189038143,1.02189038143,1.02189038143,TN-HH-00002837,tn_elderly_pension_001,1.0,POLICY-RUN-8C351476BB,TN-SYN-P-000002837,TN-HH-00002837,True,False,ELIGIBLE_ALL_RULES_PASSED,ELIGIBLE_ALL_RULES_PASSED,R_AGE;R_INCOME,,True,SELECTED,180000.0,2160000.0,2207283.22
TN-SYN-P-000002839,Chennai,02,Urban,60,Male,2,1,2,Others,Literate,Primary,Not in labour force,Not in labour force,0.0,10267.0,Others,1.0,1.0201184824,1.01962499739,1.01962499739,1.01962499739,TN-HH-00002839,tn_elderly_pension_001,1.0,POLICY-RUN-8C351476BB,TN-SYN-P-000002839,TN-HH-00002839,True,False,ELIGIBLE_ALL_RULES_PASSED,ELIGIBLE_ALL_RULES_PASSED,R_AGE;R_INCOME,,True,SELECTED,180000.0,2160000.0,2202389.99
TN-SYN-P-000002852,Thiruvallur,01,Urban,73,Male,2,1,2,Others,Literate,Diploma/Certificate,Not in labour force,Not in labour force,0.0,16410.0,Other Backward Class,1.0,1.0201184824,1.01962499739,1.01962499739,1.01962499739,TN-HH-00002852,tn_elderly_pension_001,1.0,POLICY-RUN-8C351476BB,TN-SYN-P-000002852,TN-HH-00002852,True,False,ELIGIBLE_ALL_RULES_PASSED,ELIGIBLE_ALL_RULES_PASSED,R_AGE;R_INCOME,,True,SELECTED,180000.0,2160000.0,2202389.99
TN-SYN-P-000002870,Perambalur,14,Urban,65,Male,2,1,7,Self-employed in non-agriculture,Literate,Middle,Not in labour force,Not in labour force,0.0,17657.0,Other Backward Class,1.0,1.0201184824,1.01962499739,1.01962499739,1.01962499739,TN-HH-00002870,tn_elderly_pension_001,1.0,POLICY-RUN-8C351476BB,TN-SYN-P-000002870,TN-HH-00002870,True,False,ELIGIBLE_ALL_RULES_PASSED,ELIGIBLE_ALL_RULES_PASSED,R_AGE;R_INCOME,,True,SELECTED,180000.0,2160000.0,2202389.99
TN-SYN-P-000002877,Tenkasi,33,Urban,68,Male,2,1,2,Self-employed in non-agriculture,Literate,Middle,Employed,Employed,7500.0,8943.0,Other Backward Class,1.0,1.0201184824,1.01962499739,1.01962499739,1.01962499739,TN-HH-00002877,tn_elderly_pension_001,1.0,POLICY-RUN-8C351476BB,TN-SYN-P-000002877,TN-HH-00002877,True,False,ELIGIBLE_ALL_RULES_PASSED,ELIGIBLE_ALL_RULES_PASSED,R_AGE;R_INCOME,,True,SELECTED,180000.0,2160000.0,2202389.99
TN-SYN-P-000002896,Pudukkottai,20,Rural,65,Male,2,1,5,Self-employed in non-agriculture,Literate,Secondary,Not in labour force,Not in labour force,0.0,11182.0,Other Backward Class,1.0,1.05388257177,1.0533687701,1.0533687701,1.0533687701,TN-HH-00002896,tn_elderly_pension_001,1.0,POLICY-RUN-8C351476BB,TN-SYN-P-000002896,TN-HH-00002896,True,False,ELIGIBLE_ALL_RULES_PASSED,ELIGIBLE_ALL_RULES_PASSED,R_AGE;R_INCOME,,True,SELECTED,180000.0,2160000.0,2275276.54
TN-SYN-P-000002916,Thiruvallur,01,Urban,63,Male,2,1,6,Self-employed in agriculture,Illiterate,Not literate,Employed,Employed,0.0,17620.0,Other Backward Class,1.0,1.0201184824,1.01962499739,1.01962499739,1.01962499739,TN-HH-00002916,tn_elderly_pension_001,1.0,POLICY-RUN-8C351476BB,TN-SYN-P-000002916,TN-HH-00002916,True,False,ELIGIBLE_ALL_RULES_PASSED,ELIGIBLE_ALL_RULES_PASSED,R_AGE;R_INCOME,,True,SELECTED,180000.0,2160000.0,2202389.99
TN-SYN-P-000002918,Theni,23,Rural,75,Male,2,1,2,Others,Literate,Below Primary,Not in labour force,Not in labour force,0.0,8685.0,Other Backward Class,1.0,1.05388257177,1.0533687701,1.0533687701,1.0533687701,TN-HH-00002918,tn_elderly_pension_001,1.0,POLICY-RUN-8C351476BB,TN-SYN-P-000002918,TN-HH-00002918,True,False,ELIGIBLE_ALL_RULES_PASSED,ELIGIBLE_ALL_RULES_PASSED,R_AGE;R_INCOME,,True,SELECTED,180000.0,2160000.0,2275276.54
TN-SYN-P-000002921,Sivaganga,21,Rural,62,Female,3,1,1,Others,Illiterate,Not literate,Not in labour force,Not in labour force,0.0,8475.0,Scheduled Caste,1.0,0.88208608392,0.881675656319,0.881675656319,0.881675656319,TN-HH-00002921,tn_elderly_pension_001,1.0,POLICY-RUN-8C351476BB,TN-SYN-P-000002921,TN-HH-00002921,True,False,ELIGIBLE_ALL_RULES_PASSED,ELIGIBLE_ALL_RULES_PASSED,R_AGE;R_INCOME,,True,SELECTED,180000.0,2160000.0,1904419.42
TN-SYN-P-000002923,Salem,07,Urban,66,Female,3,7,5,Self-employed in agriculture,Illiterate,Not literate,Not in labour force,Not in labour force,0.0,20204.0,Other Backward Class,1.0,1.0223852304,1.02189038143,1.02189038143,1.02189038143,TN-HH-00002923,tn_elderly_pension_001,1.0,POLICY-RUN-8C351476BB,TN-SYN-P-000002923,TN-HH-00002923,True,False,ELIGIBLE_ALL_RULES_PASSED,ELIGIBLE_ALL_RULES_PASSED,R_AGE;R_INCOME,,True,SELECTED,180000.0,2160000.0,2207283.22
TN-SYN-P-000002926,Namakkal,08,Rural,62,Female,2,2,2,Self-employed in non-agriculture,Literate,Primary,Not in labour force,Not in labour force,0.0,6875.0,Other Backward Class,1.0,1.05622434506,1.05570913428,1.05570913428,1.05570913428,TN-HH-00002926,tn_elderly_pension_001,1.0,POLICY-RUN-8C351476BB,TN-SYN-P-000002926,TN-HH-00002926,True,False,ELIGIBLE_ALL_RULES_PASSED,ELIGIBLE_ALL_RULES_PASSED,R_AGE;R_INCOME,,True,SELECTED,180000.0,2160000.0,2280331.73
TN-SYN-P-000002934,Salem,07,Rural,71,Female,3,7,6,Casual labour in non-agriculture,Illiterate,Not literate,Not in labour force,Not in labour force,0.0,9942.0,Other Backward Class,1.0,1.05622434506,1.05570913428,1.05570913428,1.05570913428,TN-HH-00002934,tn_elderly_pension_001,1.0,POLICY-RUN-8C351476BB,TN-SYN-P-000002934,TN-HH-00002934,True,False,ELIGIBLE_ALL_RULES_PASSED,ELIGIBLE_ALL_RULES_PASSED,R_AGE;R_INCOME,,True,SELECTED,180000.0,2160000.0,2280331.73
TN-SYN-P-000002937,Thanjavur,19,Rural,61,Female,2,2,2,Self-employed in agriculture,Literate,Below Primary,Not in labour force,Not in labour force,0.0,7624.0,Other Backward Class,1.0,1.05622434506,1.05570913428,1.05570913428,1.05570913428,TN-HH-00002937,tn_elderly_pension_001,1.0,POLICY-RUN-8C351476BB,TN-SYN-P-000002937,TN-HH-00002937,True,False,ELIGIBLE_ALL_RULES_PASSED,ELIGIBLE_ALL_RULES_PASSED,R_AGE;R_INCOME,,True,SELECTED,180000.0,2160000.0,2280331.73
TN-SYN-P-000002941,Cuddalore,16,Rural,70,Female,2,2,2,Casual labour in agriculture,Illiterate,Not literate,Employed,Employed,0.0,4725.0,Other Backward Class,1.0,1.05622434506,1.05570913428,1.05570913428,1.05570913428,TN-HH-00002941,tn_elderly_pension_001,1.0,POLICY-RUN-8C351476BB,TN-SYN-P-000002941,TN-HH-00002941,True,False,ELIGIBLE_ALL_RULES_PASSED,ELIGIBLE_ALL_RULES_PASSED,R_AGE;R_INCOME,,True,SELECTED,180000.0,2160000.0,2280331.73
TN-SYN-P-000002943,Madurai,22,Rural,67,Female,3,7,4,Regular wage/salary earning,Illiterate,Not literate,Not in labour force,Not in labour force,0.0,12303.0,Other Backward Class,1.0,1.05622434506,1.05570913428,1.05570913428,1.05570913428,TN-HH-00002943,tn_elderly_pension_001,1.0,POLICY-RUN-8C351476BB,TN-SYN-P-000002943,TN-HH-00002943,True,False,ELIGIBLE_ALL_RULES_PASSED,ELIGIBLE_ALL_RULES_PASSED,R_AGE;R_INCOME,,True,SELECTED,180000.0,2160000.0,2280331.73
TN-SYN-P-000002947,Namakkal,08,Rural,61,Female,3,7,5,Regular wage/salary earning,Literate,Primary,Not in labour force,Not in labour force,0.0,17229.0,Other Backward Class,1.0,1.05622434506,1.05570913428,1.05570913428,1.05570913428,TN-HH-00002947,tn_elderly_pension_001,1.0,POLICY-RUN-8C351476BB,TN-SYN-P-000002947,TN-HH-00002947,True,False,ELIGIBLE_ALL_RULES_PASSED,ELIGIBLE_ALL_RULES_PASSED,R_AGE;R_INCOME,,True,SELECTED,180000.0,2160000.0,2280331.73
TN-SYN-P-000002948,Tenkasi,33,Rural,65,Male,2,1,2,Others,Literate,Secondary,Not in labour force,Not in labour force,0.0,5367.0,Scheduled Caste,1.0,0.88013039559,0.879721144774,0.879721144774,0.879721144774,TN-HH-00002948,tn_elderly_pension_001,1.0,POLICY-RUN-8C351476BB,TN-SYN-P-000002948,TN-HH-00002948,True,False,ELIGIBLE_ALL_RULES_PASSED,ELIGIBLE_ALL_RULES_PASSED,R_AGE;R_INCOME,,True,SELECTED,180000.0,2160000.0,1900197.67
TN-SYN-P-000002961,Sivaganga,21,Urban,64,Male,2,1,6,Self-employed in agriculture,Illiterate,Not literate,Not in labour force,Not in labour force,0.0,15217.0,Other Backward Class,1.0,1.0201184824,1.01962499739,1.01962499739,1.01962499739,TN-HH-00002961,tn_elderly_pension_001,1.0,POLICY-RUN-8C351476BB,TN-SYN-P-000002961,TN-HH-00002961,True,False,ELIGIBLE_ALL_RULES_PASSED,ELIGIBLE_ALL_RULES_PASSED,R_AGE;R_INCOME,,True,SELECTED,180000.0,2160000.0,2202389.99
TN-SYN-P-000002966,Tiruvannamalai,05,Rural,70,Female,3,1,1,Others,Illiterate,Not literate,Not in labour force,Not in labour force,0.0,2617.0,Scheduled Caste,1.0,0.88208608392,0.881675656319,0.881675656319,0.881675656319,TN-HH-00002966,tn_elderly_pension_001,1.0,POLICY-RUN-8C351476BB,TN-SYN-P-000002966,TN-HH-00002966,True,False,ELIGIBLE_ALL_RULES_PASSED,ELIGIBLE_ALL_RULES_PASSED,R_AGE;R_INCOME,,True,SELECTED,180000.0,2160000.0,1904419.42
TN-SYN-P-000002974,Salem,07,Rural,65,Male,2,1,7,Casual labour in non-agriculture,Literate,Primary,Not in labour force,Not in labour force,0.0,21017.0,Scheduled Caste,1.0,0.88013039559,0.879721144774,0.879721144774,0.879721144774,TN-HH-00002974,tn_elderly_pension_001,1.0,POLICY-RUN-8C351476BB,TN-SYN-P-000002974,TN-HH-00002974,True,False,ELIGIBLE_ALL_RULES_PASSED,ELIGIBLE_ALL_RULES_PASSED,R_AGE;R_INCOME,,True,SELECTED,180000.0,2160000.0,1900197.67
TN-SYN-P-000002984,Sivaganga,21,Rural,71,Male,2,1,2,Others,Illiterate,Not literate,Not in labour force,Not in labour force,0.0,7228.0,Other Backward Class,1.0,1.05388257177,1.0533687701,1.0533687701,1.0533687701,TN-HH-00002984,tn_elderly_pension_001,1.0,POLICY-RUN-8C351476BB,TN-SYN-P-000002984,TN-HH-00002984,True,False,ELIGIBLE_ALL_RULES_PASSED,ELIGIBLE_ALL_RULES_PASSED,R_AGE;R_INCOME,,True,SELECTED,180000.0,2160000.0,2275276.54
TN-SYN-P-000002989,The Nilgiris,10,Rural,65,Male,2,7,3,Casual labour in non-agriculture,Literate,Primary,Employed,Employed,0.0,11250.0,Scheduled Caste,1.0,0.88013039559,0.879721144774,0.879721144774,0.879721144774,TN-HH-00002989,tn_elderly_pension_001,1.0,POLICY-RUN-8C351476BB,TN-SYN-P-000002989,TN-HH-00002989,True,False,ELIGIBLE_ALL_RULES_PASSED,ELIGIBLE_ALL_RULES_PASSED,R_AGE;R_INCOME,,True,SELECTED,180000.0,2160000.0,1900197.67
TN-SYN-P-000002991,Vellore,04,Rural,62,Female,3,1,4,Casual labour in non-agriculture,Illiterate,Not literate,Not in labour force,Not in labour force,0.0,8703.0,Other Backward Class,1.0,1.05622434506,1.05570913428,1.05570913428,1.05570913428,TN-HH-00002991,tn_elderly_pension_001,1.0,POLICY-RUN-8C351476BB,TN-SYN-P-000002991,TN-HH-00002991,True,False,ELIGIBLE_ALL_RULES_PASSED,ELIGIBLE_ALL_RULES_PASSED,R_AGE;R_INCOME,,True,SELECTED,180000.0,2160000.0,2280331.73
TN-SYN-P-000002996,Krishnagiri,30,Rural,78,Female,3,1,1,Others,Illiterate,Not literate,Not in labour force,Not in labour force,0.0,3016.0,Other Backward Class,1.0,1.05622434506,1.05570913428,1.05570913428,1.05570913428,TN-HH-00002996,tn_elderly_pension_001,1.0,POLICY-RUN-8C351476BB,TN-SYN-P-000002996,TN-HH-00002996,True,False,ELIGIBLE_ALL_RULES_PASSED,ELIGIBLE_ALL_RULES_PASSED,R_AGE;R_INCOME,,True,SELECTED,180000.0,2160000.0,2280331.73
TN-SYN-P-000002998,Kallakurichi,34,Rural,69,Male,2,1,4,Casual labour in agriculture,Illiterate,Not literate,Not in labour force,Not in labour force,0.0,6258.0,Scheduled Tribe,1.0,1.19808106179,1.19748049242,1.19748049242,1.19748049242,TN-HH-00002998,tn_elderly_pension_001,1.0,POLICY-RUN-8C351476BB,TN-SYN-P-000002998,TN-HH-00002998,True,False,ELIGIBLE_ALL_RULES_PASSED,ELIGIBLE_ALL_RULES_PASSED,R_AGE;R_INCOME,,True,SELECTED,180000.0,2160000.0,2586557.86
TN-SYN-P-000003014,Ariyalur,15,Rural,68,Male,2,1,4,Self-employed in agriculture,Literate,Below Primary,Employed,Employed,0.0,10638.0,Other Backward Class,1.0,1.05388257177,1.0533687701,1.0533687701,1.0533687701,TN-HH-00003014,tn_elderly_pension_001,1.0,POLICY-RUN-8C351476BB,TN-SYN-P-000003014,TN-HH-00003014,True,False,ELIGIBLE_ALL_RULES_PASSED,ELIGIBLE_ALL_RULES_PASSED,R_AGE;R_INCOME,,True,SELECTED,180000.0,2160000.0,2275276.54
TN-SYN-P-000003031,Thanjavur,19,Rural,68,Male,2,1,2,Self-employed in agriculture,Literate,Middle,Employed,Employed,0.0,7624.0,Other Backward Class,1.0,1.05388257177,1.0533687701,1.0533687701,1.0533687701,TN-HH-00003031,tn_elderly_pension_001,1.0,POLICY-RUN-8C351476BB,TN-SYN-P-000003031,TN-HH-00003031,True,False,ELIGIBLE_ALL_RULES_PASSED,ELIGIBLE_ALL_RULES_PASSED,R_AGE;R_INCOME,,True,SELECTED,180000.0,2160000.0,2275276.54
TN-SYN-P-000003034,Salem,07,Urban,67,Female,2,2,2,Others,Literate,Higher Secondary,Not in labour force,Not in labour force,0.0,17133.0,Other Backward Class,1.0,1.0223852304,1.02189038143,1.02189038143,1.02189038143,TN-HH-00003034,tn_elderly_pension_001,1.0,POLICY-RUN-8C351476BB,TN-SYN-P-000003034,TN-HH-00003034,True,False,ELIGIBLE_ALL_RULES_PASSED,ELIGIBLE_ALL_RULES_PASSED,R_AGE;R_INCOME,,True,SELECTED,180000.0,2160000.0,2207283.22
TN-SYN-P-000003048,Kancheepuram,03,Rural,70,Female,3,7,5,Casual labour in non-agriculture,Illiterate,Not literate,Not in labour force,Not in labour force,0.0,14647.0,Scheduled Caste,1.0,0.88208608392,0.881675656319,0.881675656319,0.881675656319,TN-HH-00003048,tn_elderly_pension_001,1.0,POLICY-RUN-8C351476BB,TN-SYN-P-000003048,TN-HH-00003048,True,False,ELIGIBLE_ALL_RULES_PASSED,ELIGIBLE_ALL_RULES_PASSED,R_AGE;R_INCOME,,True,SELECTED,180000.0,2160000.0,1904419.42
TN-SYN-P-000003052,Chennai,02,Urban,70,Male,2,4,4,Self-employed in non-agriculture,Literate,Diploma/Certificate,Not in labour force,Not in labour force,0.0,49333.0,Others,1.0,1.0201184824,1.01962499739,1.01962499739,1.01962499739,TN-HH-00003052,tn_elderly_pension_001,1.0,POLICY-RUN-8C351476BB,TN-SYN-P-000003052,TN-HH-00003052,True,False,ELIGIBLE_ALL_RULES_PASSED,ELIGIBLE_ALL_RULES_PASSED,R_AGE;R_INCOME,,True,SELECTED,180000.0,2160000.0,2202389.99
TN-SYN-P-000003054,Kancheepuram,03,Urban,65,Male,2,1,2,Others,Literate,Diploma/Certificate,Not in labour force,Not in labour force,0.0,25512.0,Others,1.0,1.0201184824,1.01962499739,1.01962499739,1.01962499739,TN-HH-00003054,tn_elderly_pension_001,1.0,POLICY-RUN-8C351476BB,TN-SYN-P-000003054,TN-HH-00003054,True,False,ELIGIBLE_ALL_RULES_PASSED,ELIGIBLE_ALL_RULES_PASSED,R_AGE;R_INCOME,,True,SELECTED,180000.0,2160000.0,2202389.99
TN-SYN-P-000003058,Dharmapuri,29,Rural,70,Male,2,1,2,Self-employed in agriculture,Literate,Primary,Employed,Employed,0.0,7194.0,Other Backward Class,1.0,1.05388257177,1.0533687701,1.0533687701,1.0533687701,TN-HH-00003058,tn_elderly_pension_001,1.0,POLICY-RUN-8C351476BB,TN-SYN-P-000003058,TN-HH-00003058,True,False,ELIGIBLE_ALL_RULES_PASSED,ELIGIBLE_ALL_RULES_PASSED,R_AGE;R_INCOME,,True,SELECTED,180000.0,2160000.0,2275276.54
TN-SYN-P-000003062,Namakkal,08,Urban,62,Female,3,7,4,Self-employed in non-agriculture,Illiterate,Not literate,Not in labour force,Not in labour force,0.0,18617.0,Scheduled Caste,1.0,0.853825977746,0.853432554931,0.853432554931,0.853432554931,TN-HH-00003062,tn_elderly_pension_001,1.0,POLICY-RUN-8C351476BB,TN-SYN-P-000003062,TN-HH-00003062,True,False,ELIGIBLE_ALL_RULES_PASSED,ELIGIBLE_ALL_RULES_PASSED,R_AGE;R_INCOME,,True,SELECTED,180000.0,2160000.0,1843414.32
TN-SYN-P-000003063,Ramanathapuram,25,Rural,71,Male,3,1,1,Others,Illiterate,Not literate,Not in labour force,Not in labour force,0.0,3567.0,Other Backward Class,1.0,1.05388257177,1.0533687701,1.0533687701,1.0533687701,TN-HH-00003063,tn_elderly_pension_001,1.0,POLICY-RUN-8C351476BB,TN-SYN-P-000003063,TN-HH-00003063,True,False,ELIGIBLE_ALL_RULES_PASSED,ELIGIBLE_ALL_RULES_PASSED,R_AGE;R_INCOME,,True,SELECTED,180000.0,2160000.0,2275276.54
TN-SYN-P-000003079,Krishnagiri,30,Urban,78,Male,3,7,3,Self-employed in agriculture,Literate,Primary,Not in labour force,Not in labour force,0.0,10703.0,Other Backward Class,1.0,1.0201184824,1.01962499739,1.01962499739,1.01962499739,TN-HH-00003079,tn_elderly_pension_001,1.0,POLICY-RUN-8C351476BB,TN-SYN-P-000003079,TN-HH-00003079,True,False,ELIGIBLE_ALL_RULES_PASSED,ELIGIBLE_ALL_RULES_PASSED,R_AGE;R_INCOME,,True,SELECTED,180000.0,2160000.0,2202389.99
TN-SYN-P-000003089,Coimbatore,31,Urban,67,Female,2,2,3,Self-employed in agriculture,Literate,Diploma/Certificate,Not in labour force,Not in labour force,0.0,23784.0,Other Backward Class,1.0,1.0223852304,1.02189038143,1.02189038143,1.02189038143,TN-HH-00003089,tn_elderly_pension_001,1.0,POLICY-RUN-8C351476BB,TN-SYN-P-000003089,TN-HH-00003089,True,False,ELIGIBLE_ALL_RULES_PASSED,ELIGIBLE_ALL_RULES_PASSED,R_AGE;R_INCOME,,True,SELECTED,180000.0,2160000.0,2207283.22
TN-SYN-P-000003092,Viluppuram,06,Rural,69,Female,2,2,2,Self-employed in agriculture,Illiterate,Not literate,Employed,Employed,0.0,3050.0,Scheduled Caste,1.0,0.88208608392,0.881675656319,0.881675656319,0.881675656319,TN-HH-00003092,tn_elderly_pension_001,1.0,POLICY-RUN-8C351476BB,TN-SYN-P-000003092,TN-HH-00003092,True,False,ELIGIBLE_ALL_RULES_PASSED,ELIGIBLE_ALL_RULES_PASSED,R_AGE;R_INCOME,,True,SELECTED,180000.0,2160000.0,1904419.42
TN-SYN-P-000003097,Krishnagiri,30,Rural,61,Female,3,1,1,Casual labour in non-agriculture,Literate,Below Primary,Not in labour force,Not in labour force,0.0,3271.0,Other Backward Class,1.0,1.05622434506,1.05570913428,1.05570913428,1.05570913428,TN-HH-00003097,tn_elderly_pension_001,1.0,POLICY-RUN-8C351476BB,TN-SYN-P-000003097,TN-HH-00003097,True,False,ELIGIBLE_ALL_RULES_PASSED,ELIGIBLE_ALL_RULES_PASSED,R_AGE;R_INCOME,,True,SELECTED,180000.0,2160000.0,2280331.73
TN-SYN-P-000003099,Erode,09,Urban,60,Female,2,2,2,Self-employed in agriculture,Literate,Below Primary,Employed,Employed,0.0,5683.0,Other Backward Class,1.0,1.0223852304,1.02189038143,1.02189038143,1.02189038143,TN-HH-00003099,tn_elderly_pension_001,1.0,POLICY-RUN-8C351476BB,TN-SYN-P-000003099,TN-HH-00003099,True,False,ELIGIBLE_ALL_RULES_PASSED,ELIGIBLE_ALL_RULES_PASSED,R_AGE;R_INCOME,,True,SELECTED,180000.0,2160000.0,2207283.22
TN-SYN-P-000003104,Thiruvallur,01,Urban,65,Female,3,7,4,Self-employed in agriculture,Illiterate,Not literate,Not in labour force,Not in labour force,0.0,10870.0,Others,1.0,1.0223852304,1.02189038143,1.02189038143,1.02189038143,TN-HH-00003104,tn_elderly_pension_001,1.0,POLICY-RUN-8C351476BB,TN-SYN-P-000003104,TN-HH-00003104,True,False,ELIGIBLE_ALL_RULES_PASSED,ELIGIBLE_ALL_RULES_PASSED,R_AGE;R_INCOME,,True,SELECTED,180000.0,2160000.0,2207283.22
TN-SYN-P-000003107,Salem,07,Urban,70,Male,3,1,2,Self-employed in non-agriculture,Literate,Diploma/Certificate,Not in labour force,Not in labour force,0.0,10483.0,Other Backward Class,1.0,1.0201184824,1.01962499739,1.01962499739,1.01962499739,TN-HH-00003107,tn_elderly_pension_001,1.0,POLICY-RUN-8C351476BB,TN-SYN-P-000003107,TN-HH-00003107,True,False,ELIGIBLE_ALL_RULES_PASSED,ELIGIBLE_ALL_RULES_PASSED,R_AGE;R_INCOME,,True,SELECTED,180000.0,2160000.0,2202389.99
TN-SYN-P-000003110,Krishnagiri,30,Urban,76,Male,3,1,3,Self-employed in non-agriculture,Literate,Diploma/Certificate,Not in labour force,Not in labour force,0.0,19895.0,Other Backward Class,1.0,1.0201184824,1.01962499739,1.01962499739,1.01962499739,TN-HH-00003110,tn_elderly_pension_001,1.0,POLICY-RUN-8C351476BB,TN-SYN-P-000003110,TN-HH-00003110,True,False,ELIGIBLE_ALL_RULES_PASSED,ELIGIBLE_ALL_RULES_PASSED,R_AGE;R_INCOME,,True,SELECTED,180000.0,2160000.0,2202389.99
TN-SYN-P-000003117,Kallakurichi,34,Rural,69,Male,2,1,4,Casual labour in agriculture,Illiterate,Not literate,Not in labour force,Not in labour force,0.0,6258.0,Scheduled Tribe,1.0,1.19808106179,1.19748049242,1.19748049242,1.19748049242,TN-HH-00003117,tn_elderly_pension_001,1.0,POLICY-RUN-8C351476BB,TN-SYN-P-000003117,TN-HH-00003117,True,False,ELIGIBLE_ALL_RULES_PASSED,ELIGIBLE_ALL_RULES_PASSED,R_AGE;R_INCOME,,True,SELECTED,180000.0,2160000.0,2586557.86
TN-SYN-P-000003130,Tenkasi,33,Urban,80,Female,3,7,4,Self-employed in non-agriculture,Illiterate,Not literate,Not in labour force,Not in labour force,0.0,9333.0,Other Backward Class,1.0,1.0223852304,1.02189038143,1.02189038143,1.02189038143,TN-HH-00003130,tn_elderly_pension_001,1.0,POLICY-RUN-8C351476BB,TN-SYN-P-000003130,TN-HH-00003130,True,False,ELIGIBLE_ALL_RULES_PASSED,ELIGIBLE_ALL_RULES_PASSED,R_AGE;R_INCOME,,True,SELECTED,180000.0,2160000.0,2207283.22
TN-SYN-P-000003134,Salem,07,Rural,70,Female,3,1,1,Others,Illiterate,Not literate,Not in labour force,Not in labour force,0.0,3283.0,Other Backward Class,1.0,1.05622434506,1.05570913428,1.05570913428,1.05570913428,TN-HH-00003134,tn_elderly_pension_001,1.0,POLICY-RUN-8C351476BB,TN-SYN-P-000003134,TN-HH-00003134,True,False,ELIGIBLE_ALL_RULES_PASSED,ELIGIBLE_ALL_RULES_PASSED,R_AGE;R_INCOME,,True,SELECTED,180000.0,2160000.0,2280331.73
TN-SYN-P-000003138,Chennai,02,Urban,60,Female,3,1,2,Self-employed in non-agriculture,Illiterate,Not literate,Employed,Employed,20000.0,15330.0,Other Backward Class,1.0,1.0223852304,1.02189038143,1.02189038143,1.02189038143,TN-HH-00003138,tn_elderly_pension_001,1.0,POLICY-RUN-8C351476BB,TN-SYN-P-000003138,TN-HH-00003138,True,False,ELIGIBLE_ALL_RULES_PASSED,ELIGIBLE_ALL_RULES_PASSED,R_AGE;R_INCOME,,True,SELECTED,180000.0,2160000.0,2207283.22
TN-SYN-P-000003144,Thiruvallur,01,Urban,75,Female,3,1,4,Self-employed in non-agriculture,Literate,Secondary,Not in labour force,Not in labour force,0.0,12953.0,Other Backward Class,1.0,1.0223852304,1.02189038143,1.02189038143,1.02189038143,TN-HH-00003144,tn_elderly_pension_001,1.0,POLICY-RUN-8C351476BB,TN-SYN-P-000003144,TN-HH-00003144,True,False,ELIGIBLE_ALL_RULES_PASSED,ELIGIBLE_ALL_RULES_PASSED,R_AGE;R_INCOME,,True,SELECTED,180000.0,2160000.0,2207283.22
TN-SYN-P-000003146,Sivaganga,21,Rural,60,Female,3,1,6,Casual labour in non-agriculture,Literate,Below Primary,Employed,Employed,0.0,9275.0,Other Backward Class,1.0,1.05622434506,1.05570913428,1.05570913428,1.05570913428,TN-HH-00003146,tn_elderly_pension_001,1.0,POLICY-RUN-8C351476BB,TN-SYN-P-000003146,TN-HH-00003146,True,False,ELIGIBLE_ALL_RULES_PASSED,ELIGIBLE_ALL_RULES_PASSED,R_AGE;R_INCOME,,True,SELECTED,180000.0,2160000.0,2280331.73
TN-SYN-P-000003153,Thoothukudi,26,Rural,63,Male,2,1,2,Others,Literate,Middle,Not in labour force,Not in labour force,0.0,9242.0,Scheduled Caste,1.0,0.88013039559,0.879721144774,0.879721144774,0.879721144774,TN-HH-00003153,tn_elderly_pension_001,1.0,POLICY-RUN-8C351476BB,TN-SYN-P-000003153,TN-HH-00003153,True,False,ELIGIBLE_ALL_RULES_PASSED,ELIGIBLE_ALL_RULES_PASSED,R_AGE;R_INCOME,,True,SELECTED,180000.0,2160000.0,1900197.67
TN-SYN-P-000003161,Kanniyakumari,28,Urban,60,Male,2,1,4,Self-employed in non-agriculture,Literate,Diploma/Certificate,Employed,Employed,10000.0,16785.0,Others,1.0,1.0201184824,1.01962499739,1.01962499739,1.01962499739,TN-HH-00003161,tn_elderly_pension_001,1.0,POLICY-RUN-8C351476BB,TN-SYN-P-000003161,TN-HH-00003161,True,False,ELIGIBLE_ALL_RULES_PASSED,ELIGIBLE_ALL_RULES_PASSED,R_AGE;R_INCOME,,True,SELECTED,180000.0,2160000.0,2202389.99
TN-SYN-P-000003171,Kallakurichi,34,Rural,71,Female,3,7,4,Casual labour in non-agriculture,Illiterate,Not literate,Not in labour force,Not in labour force,0.0,8067.0,Scheduled Caste,1.0,0.88208608392,0.881675656319,0.881675656319,0.881675656319,TN-HH-00003171,tn_elderly_pension_001,1.0,POLICY-RUN-8C351476BB,TN-SYN-P-000003171,TN-HH-00003171,True,False,ELIGIBLE_ALL_RULES_PASSED,ELIGIBLE_ALL_RULES_PASSED,R_AGE;R_INCOME,,True,SELECTED,180000.0,2160000.0,1904419.42
TN-SYN-P-000003175,Salem,07,Rural,60,Female,2,2,4,Regular wage/salary earning,Illiterate,Not literate,Not in labour force,Not in labour force,0.0,11767.0,Scheduled Caste,1.0,0.88208608392,0.881675656319,0.881675656319,0.881675656319,TN-HH-00003175,tn_elderly_pension_001,1.0,POLICY-RUN-8C351476BB,TN-SYN-P-000003175,TN-HH-00003175,True,False,ELIGIBLE_ALL_RULES_PASSED,ELIGIBLE_ALL_RULES_PASSED,R_AGE;R_INCOME,,True,SELECTED,180000.0,2160000.0,1904419.42
TN-SYN-P-000003177,Thoothukudi,26,Urban,90,Female,3,7,3,Self-employed in non-agriculture,Literate,Primary,Not in labour force,Not in labour force,0.0,12725.0,Others,1.0,1.0223852304,1.02189038143,1.02189038143,1.02189038143,TN-HH-00003177,tn_elderly_pension_001,1.0,POLICY-RUN-8C351476BB,TN-SYN-P-000003177,TN-HH-00003177,True,False,ELIGIBLE_ALL_RULES_PASSED,ELIGIBLE_ALL_RULES_PASSED,R_AGE;R_INCOME,,True,SELECTED,180000.0,2160000.0,2207283.22
TN-SYN-P-000003187,Pudukkottai,20,Rural,68,Male,2,1,8,Self-employed in agriculture,Illiterate,Not literate,Employed,Employed,0.0,10805.0,Scheduled Caste,1.0,0.88013039559,0.879721144774,0.879721144774,0.879721144774,TN-HH-00003187,tn_elderly_pension_001,1.0,POLICY-RUN-8C351476BB,TN-SYN-P-000003187,TN-HH-00003187,True,False,ELIGIBLE_ALL_RULES_PASSED,ELIGIBLE_ALL_RULES_PASSED,R_AGE;R_INCOME,,True,SELECTED,180000.0,2160000.0,1900197.67
TN-SYN-P-000003190,Thiruvallur,01,Urban,65,Female,3,7,4,Self-employed in agriculture,Illiterate,Not literate,Not in labour force,Not in labour force,0.0,10870.0,Others,1.0,1.0223852304,1.02189038143,1.02189038143,1.02189038143,TN-HH-00003190,tn_elderly_pension_001,1.0,POLICY-RUN-8C351476BB,TN-SYN-P-000003190,TN-HH-00003190,True,False,ELIGIBLE_ALL_RULES_PASSED,ELIGIBLE_ALL_RULES_PASSED,R_AGE;R_INCOME,,True,SELECTED,180000.0,2160000.0,2207283.22
TN-SYN-P-000003212,Coimbatore,31,Urban,67,Female,2,2,3,Self-employed in agriculture,Literate,Diploma/Certificate,Not in labour force,Not in labour force,0.0,23784.0,Other Backward Class,1.0,1.0223852304,1.02189038143,1.02189038143,1.02189038143,TN-HH-00003212,tn_elderly_pension_001,1.0,POLICY-RUN-8C351476BB,TN-SYN-P-000003212,TN-HH-00003212,True,False,ELIGIBLE_ALL_RULES_PASSED,ELIGIBLE_ALL_RULES_PASSED,R_AGE;R_INCOME,,True,SELECTED,180000.0,2160000.0,2207283.22
TN-SYN-P-000003216,Pudukkottai,20,Rural,70,Male,2,7,5,Regular wage/salary earning,Literate,Primary,Not in labour force,Not in labour force,0.0,8831.0,Other Backward Class,1.0,1.05388257177,1.0533687701,1.0533687701,1.0533687701,TN-HH-00003216,tn_elderly_pension_001,1.0,POLICY-RUN-8C351476BB,TN-SYN-P-000003216,TN-HH-00003216,True,False,ELIGIBLE_ALL_RULES_PASSED,ELIGIBLE_ALL_RULES_PASSED,R_AGE;R_INCOME,,True,SELECTED,180000.0,2160000.0,2275276.54
TN-SYN-P-000003230,Krishnagiri,30,Rural,62,Female,2,2,4,Self-employed in agriculture,Illiterate,Not literate,Employed,Employed,0.0,8472.0,Other Backward Class,1.0,1.05622434506,1.05570913428,1.05570913428,1.05570913428,TN-HH-00003230,tn_elderly_pension_001,1.0,POLICY-RUN-8C351476BB,TN-SYN-P-000003230,TN-HH-00003230,True,False,ELIGIBLE_ALL_RULES_PASSED,ELIGIBLE_ALL_RULES_PASSED,R_AGE;R_INCOME,,True,SELECTED,180000.0,2160000.0,2280331.73
TN-SYN-P-000003235,Coimbatore,31,Urban,79,Female,3,7,5,Self-employed in non-agriculture,Literate,Secondary,Not in labour force,Not in labour force,0.0,52618.0,Others,1.0,1.0223852304,1.02189038143,1.02189038143,1.02189038143,TN-HH-00003235,tn_elderly_pension_001,1.0,POLICY-RUN-8C351476BB,TN-SYN-P-000003235,TN-HH-00003235,True,False,ELIGIBLE_ALL_RULES_PASSED,ELIGIBLE_ALL_RULES_PASSED,R_AGE;R_INCOME,,True,SELECTED,180000.0,2160000.0,2207283.22
TN-SYN-P-000003238,Tiruchirappalli,13,Rural,60,Female,2,2,2,Self-employed in agriculture,Literate,Primary,Employed,Employed,0.0,10202.0,Scheduled Caste,1.0,0.88208608392,0.881675656319,0.881675656319,0.881675656319,TN-HH-00003238,tn_elderly_pension_001,1.0,POLICY-RUN-8C351476BB,TN-SYN-P-000003238,TN-HH-00003238,True,False,ELIGIBLE_ALL_RULES_PASSED,ELIGIBLE_ALL_RULES_PASSED,R_AGE;R_INCOME,,True,SELECTED,180000.0,2160000.0,1904419.42
TN-SYN-P-000003241,Namakkal,08,Rural,61,Female,2,2,2,Others,Literate,Below Primary,Not in labour force,Not in labour force,0.0,10256.0,Other Backward Class,1.0,1.05622434506,1.05570913428,1.05570913428,1.05570913428,TN-HH-00003241,tn_elderly_pension_001,1.0,POLICY-RUN-8C351476BB,TN-SYN-P-000003241,TN-HH-00003241,True,False,ELIGIBLE_ALL_RULES_PASSED,ELIGIBLE_ALL_RULES_PASSED,R_AGE;R_INCOME,,True,SELECTED,180000.0,2160000.0,2280331.73
TN-SYN-P-000003243,Tiruppur,32,Urban,60,Female,3,8,2,Self-employed in non-agriculture,Literate,Secondary,Not in labour force,Not in labour force,0.0,10323.0,Other Backward Class,1.0,1.0223852304,1.02189038143,1.02189038143,1.02189038143,TN-HH-00003243,tn_elderly_pension_001,1.0,POLICY-RUN-8C351476BB,TN-SYN-P-000003243,TN-HH-00003243,True,False,ELIGIBLE_ALL_RULES_PASSED,ELIGIBLE_ALL_RULES_PASSED,R_AGE;R_INCOME,,True,SELECTED,180000.0,2160000.0,2207283.22
TN-SYN-P-000003248,Kanniyakumari,28,Urban,60,Male,2,1,4,Self-employed in non-agriculture,Literate,Diploma/Certificate,Employed,Employed,10000.0,16785.0,Others,1.0,1.0201184824,1.01962499739,1.01962499739,1.01962499739,TN-HH-00003248,tn_elderly_pension_001,1.0,POLICY-RUN-8C351476BB,TN-SYN-P-000003248,TN-HH-00003248,True,False,ELIGIBLE_ALL_RULES_PASSED,ELIGIBLE_ALL_RULES_PASSED,R_AGE;R_INCOME,,True,SELECTED,180000.0,2160000.0,2202389.99
TN-SYN-P-000003249,Kancheepuram,03,Urban,71,Male,3,7,4,Self-employed in non-agriculture,Literate,Primary,Not in labour force,Not in labour force,0.0,10467.0,Other Backward Class,1.0,1.0201184824,1.01962499739,1.01962499739,1.01962499739,TN-HH-00003249,tn_elderly_pension_001,1.0,POLICY-RUN-8C351476BB,TN-SYN-P-000003249,TN-HH-00003249,True,False,ELIGIBLE_ALL_RULES_PASSED,ELIGIBLE_ALL_RULES_PASSED,R_AGE;R_INCOME,,True,SELECTED,180000.0,2160000.0,2202389.99
TN-SYN-P-000003260,Erode,09,Urban,92,Female,2,7,4,Self-employed in non-agriculture,Illiterate,Not literate,Not in labour force,Not in labour force,0.0,15732.0,Other Backward Class,1.0,1.0223852304,1.02189038143,1.02189038143,1.02189038143,TN-HH-00003260,tn_elderly_pension_001,1.0,POLICY-RUN-8C351476BB,TN-SYN-P-000003260,TN-HH-00003260,True,False,ELIGIBLE_ALL_RULES_PASSED,ELIGIBLE_ALL_RULES_PASSED,R_AGE;R_INCOME,,True,SELECTED,180000.0,2160000.0,2207283.22
TN-SYN-P-000003261,Tiruvannamalai,05,Rural,75,Female,2,2,2,Others,Illiterate,Not literate,Not in labour force,Not in labour force,0.0,3480.0,Other Backward Class,1.0,1.05622434506,1.05570913428,1.05570913428,1.05570913428,TN-HH-00003261,tn_elderly_pension_001,1.0,POLICY-RUN-8C351476BB,TN-SYN-P-000003261,TN-HH-00003261,True,False,ELIGIBLE_ALL_RULES_PASSED,ELIGIBLE_ALL_RULES_PASSED,R_AGE;R_INCOME,,True,SELECTED,180000.0,2160000.0,2280331.73
TN-SYN-P-000003263,Chennai,02,Urban,60,Female,3,1,1,Self-employed in non-agriculture,Literate,Primary,Employed,Employed,15000.0,6192.0,Other Backward Class,1.0,1.0223852304,1.02189038143,1.02189038143,1.02189038143,TN-HH-00003263,tn_elderly_pension_001,1.0,POLICY-RUN-8C351476BB,TN-SYN-P-000003263,TN-HH-00003263,True,False,ELIGIBLE_ALL_RULES_PASSED,ELIGIBLE_ALL_RULES_PASSED,R_AGE;R_INCOME,,True,SELECTED,180000.0,2160000.0,2207283.22
TN-SYN-P-000003273,Dindigul,11,Rural,64,Male,2,1,3,Others,Illiterate,Not literate,Not in labour force,Not in labour force,0.0,5330.0,Scheduled Caste,1.0,0.88013039559,0.879721144774,0.879721144774,0.879721144774,TN-HH-00003273,tn_elderly_pension_001,1.0,POLICY-RUN-8C351476BB,TN-SYN-P-000003273,TN-HH-00003273,True,False,ELIGIBLE_ALL_RULES_PASSED,ELIGIBLE_ALL_RULES_PASSED,R_AGE;R_INCOME,,True,SELECTED,180000.0,2160000.0,1900197.67
TN-SYN-P-000003285,Thoothukudi,26,Urban,70,Male,2,1,3,Self-employed in non-agriculture,Literate,Diploma/Certificate,Employed,Employed,3000.0,12725.0,Others,1.0,1.0201184824,1.01962499739,1.01962499739,1.01962499739,TN-HH-00003285,tn_elderly_pension_001,1.0,POLICY-RUN-8C351476BB,TN-SYN-P-000003285,TN-HH-00003285,True,False,ELIGIBLE_ALL_RULES_PASSED,ELIGIBLE_ALL_RULES_PASSED,R_AGE;R_INCOME,,True,SELECTED,180000.0,2160000.0,2202389.99
TN-SYN-P-000003287,Sivaganga,21,Rural,86,Male,2,1,2,Others,Illiterate,Not literate,Not in labour force,Not in labour force,0.0,5610.0,Other Backward Class,1.0,1.05388257177,1.0533687701,1.0533687701,1.0533687701,TN-HH-00003287,tn_elderly_pension_001,1.0,POLICY-RUN-8C351476BB,TN-SYN-P-000003287,TN-HH-00003287,True,False,ELIGIBLE_ALL_RULES_PASSED,ELIGIBLE_ALL_RULES_PASSED,R_AGE;R_INCOME,,True,SELECTED,180000.0,2160000.0,2275276.54
TN-SYN-P-000003292,Tenkasi,33,Urban,69,Female,2,2,2,Self-employed in non-agriculture,Literate,Secondary,Employed,Employed,6200.0,5666.0,Other Backward Class,1.0,1.0223852304,1.02189038143,1.02189038143,1.02189038143,TN-HH-00003292,tn_elderly_pension_001,1.0,POLICY-RUN-8C351476BB,TN-SYN-P-000003292,TN-HH-00003292,True,False,ELIGIBLE_ALL_RULES_PASSED,ELIGIBLE_ALL_RULES_PASSED,R_AGE;R_INCOME,,True,SELECTED,180000.0,2160000.0,2207283.22
TN-SYN-P-000003299,Ariyalur,15,Rural,70,Male,2,1,2,Self-employed in agriculture,Literate,Below Primary,Employed,Employed,0.0,6670.0,Other Backward Class,1.0,1.05388257177,1.0533687701,1.0533687701,1.0533687701,TN-HH-00003299,tn_elderly_pension_001,1.0,POLICY-RUN-8C351476BB,TN-SYN-P-000003299,TN-HH-00003299,True,False,ELIGIBLE_ALL_RULES_PASSED,ELIGIBLE_ALL_RULES_PASSED,R_AGE;R_INCOME,,True,SELECTED,180000.0,2160000.0,2275276.54
TN-SYN-P-000003304,Tiruvannamalai,05,Urban,67,Female,2,2,6,Self-employed in agriculture,Literate,Middle,Employed,Employed,0.0,16129.0,Other Backward Class,1.0,1.0223852304,1.02189038143,1.02189038143,1.02189038143,TN-HH-00003304,tn_elderly_pension_001,1.0,POLICY-RUN-8C351476BB,TN-SYN-P-000003304,TN-HH-00003304,True,False,ELIGIBLE_ALL_RULES_PASSED,ELIGIBLE_ALL_RULES_PASSED,R_AGE;R_INCOME,,True,SELECTED,180000.0,2160000.0,2207283.22
TN-SYN-P-000003307,Tirunelveli,27,Urban,60,Female,3,1,1,Others,Literate,Below Primary,Not in labour force,Not in labour force,0.0,5967.0,Other Backward Class,1.0,1.0223852304,1.02189038143,1.02189038143,1.02189038143,TN-HH-00003307,tn_elderly_pension_001,1.0,POLICY-RUN-8C351476BB,TN-SYN-P-000003307,TN-HH-00003307,True,False,ELIGIBLE_ALL_RULES_PASSED,ELIGIBLE_ALL_RULES_PASSED,R_AGE;R_INCOME,,True,SELECTED,180000.0,2160000.0,2207283.22
TN-SYN-P-000003311,Thiruvallur,01,Rural,62,Female,2,2,2,Others,Literate,Middle,Not in labour force,Not in labour force,0.0,10150.0,Other Backward Class,1.0,1.05622434506,1.05570913428,1.05570913428,1.05570913428,TN-HH-00003311,tn_elderly_pension_001,1.0,POLICY-RUN-8C351476BB,TN-SYN-P-000003311,TN-HH-00003311,True,False,ELIGIBLE_ALL_RULES_PASSED,ELIGIBLE_ALL_RULES_PASSED,R_AGE;R_INCOME,,True,SELECTED,180000.0,2160000.0,2280331.73
TN-SYN-P-000003317,Sivaganga,21,Rural,86,Male,2,1,2,Others,Illiterate,Not literate,Not in labour force,Not in labour force,0.0,5610.0,Other Backward Class,1.0,1.05388257177,1.0533687701,1.0533687701,1.0533687701,TN-HH-00003317,tn_elderly_pension_001,1.0,POLICY-RUN-8C351476BB,TN-SYN-P-000003317,TN-HH-00003317,True,False,ELIGIBLE_ALL_RULES_PASSED,ELIGIBLE_ALL_RULES_PASSED,R_AGE;R_INCOME,,True,SELECTED,180000.0,2160000.0,2275276.54
TN-SYN-P-000003320,Kallakurichi,34,Rural,63,Female,2,2,4,Casual labour in agriculture,Illiterate,Not literate,Not in labour force,Not in labour force,0.0,6258.0,Scheduled Tribe,1.0,1.20074325045,1.20014107916,1.20014107916,1.20014107916,TN-HH-00003320,tn_elderly_pension_001,1.0,POLICY-RUN-8C351476BB,TN-SYN-P-000003320,TN-HH-00003320,True,False,ELIGIBLE_ALL_RULES_PASSED,ELIGIBLE_ALL_RULES_PASSED,R_AGE;R_INCOME,,True,SELECTED,180000.0,2160000.0,2592304.73
TN-SYN-P-000003342,Chennai,02,Urban,61,Female,2,2,2,Others,Literate,Primary,Not in labour force,Not in labour force,0.0,15597.0,Others,1.0,1.0223852304,1.02189038143,1.02189038143,1.02189038143,TN-HH-00003342,tn_elderly_pension_001,1.0,POLICY-RUN-8C351476BB,TN-SYN-P-000003342,TN-HH-00003342,True,False,ELIGIBLE_ALL_RULES_PASSED,ELIGIBLE_ALL_RULES_PASSED,R_AGE;R_INCOME,,True,SELECTED,180000.0,2160000.0,2207283.22
TN-SYN-P-000003352,Dharmapuri,29,Urban,68,Female,3,7,5,Self-employed in agriculture,Literate,Secondary,Not in labour force,Not in labour force,0.0,16581.0,Other Backward Class,1.0,1.0223852304,1.02189038143,1.02189038143,1.02189038143,TN-HH-00003352,tn_elderly_pension_001,1.0,POLICY-RUN-8C351476BB,TN-SYN-P-000003352,TN-HH-00003352,True,False,ELIGIBLE_ALL_RULES_PASSED,ELIGIBLE_ALL_RULES_PASSED,R_AGE;R_INCOME,,True,SELECTED,180000.0,2160000.0,2207283.22
TN-SYN-P-000003353,Madurai,22,Urban,61,Male,2,1,4,Self-employed in non-agriculture,Literate,Diploma/Certificate,Not in labour force,Not in labour force,0.0,27475.0,Other Backward Class,1.0,1.0201184824,1.01962499739,1.01962499739,1.01962499739,TN-HH-00003353,tn_elderly_pension_001,1.0,POLICY-RUN-8C351476BB,TN-SYN-P-000003353,TN-HH-00003353,True,False,ELIGIBLE_ALL_RULES_PASSED,ELIGIBLE_ALL_RULES_PASSED,R_AGE;R_INCOME,,True,SELECTED,180000.0,2160000.0,2202389.99
TN-SYN-P-000003357,Tenkasi,33,Rural,65,Female,3,1,1,Others,Literate,Primary,Not in labour force,Not in labour force,0.0,2133.0,Scheduled Caste,1.0,0.88208608392,0.881675656319,0.881675656319,0.881675656319,TN-HH-00003357,tn_elderly_pension_001,1.0,POLICY-RUN-8C351476BB,TN-SYN-P-000003357,TN-HH-00003357,True,False,ELIGIBLE_ALL_RULES_PASSED,ELIGIBLE_ALL_RULES_PASSED,R_AGE;R_INCOME,,True,SELECTED,180000.0,2160000.0,1904419.42
TN-SYN-P-000003359,Erode,09,Rural,60,Male,2,1,4,Casual labour in agriculture,Illiterate,Not literate,Employed,Employed,0.0,14127.0,Scheduled Caste,1.0,0.88013039559,0.879721144774,0.879721144774,0.879721144774,TN-HH-00003359,tn_elderly_pension_001,1.0,POLICY-RUN-8C351476BB,TN-SYN-P-000003359,TN-HH-00003359,True,False,ELIGIBLE_ALL_RULES_PASSED,ELIGIBLE_ALL_RULES_PASSED,R_AGE;R_INCOME,,True,SELECTED,180000.0,2160000.0,1900197.67
TN-SYN-P-000003379,Madurai,22,Urban,68,Male,2,1,2,Self-employed in agriculture,Literate,Higher Secondary,Employed,Employed,0.0,6057.0,Scheduled Caste,1.0,0.851932945387,0.851540661655,0.851540661655,0.851540661655,TN-HH-00003379,tn_elderly_pension_001,1.0,POLICY-RUN-8C351476BB,TN-SYN-P-000003379,TN-HH-00003379,True,False,ELIGIBLE_ALL_RULES_PASSED,ELIGIBLE_ALL_RULES_PASSED,R_AGE;R_INCOME,,True,SELECTED,180000.0,2160000.0,1839327.83
TN-SYN-P-000003384,Tenkasi,33,Urban,73,Male,3,1,1,Others,Literate,Primary,Not in labour force,Not in labour force,0.0,9805.0,Scheduled Caste,1.0,0.851932945387,0.851540661655,0.851540661655,0.851540661655,TN-HH-00003384,tn_elderly_pension_001,1.0,POLICY-RUN-8C351476BB,TN-SYN-P-000003384,TN-HH-00003384,True,False,ELIGIBLE_ALL_RULES_PASSED,ELIGIBLE_ALL_RULES_PASSED,R_AGE;R_INCOME,,True,SELECTED,180000.0,2160000.0,1839327.83
TN-SYN-P-000003390,Cuddalore,16,Urban,71,Male,2,1,2,Others,Literate,Middle,Not in labour force,Not in labour force,0.0,4917.0,Other Backward Class,1.0,1.0201184824,1.01962499739,1.01962499739,1.01962499739,TN-HH-00003390,tn_elderly_pension_001,1.0,POLICY-RUN-8C351476BB,TN-SYN-P-000003390,TN-HH-00003390,True,False,ELIGIBLE_ALL_RULES_PASSED,ELIGIBLE_ALL_RULES_PASSED,R_AGE;R_INCOME,,True,SELECTED,180000.0,2160000.0,2202389.99
TN-SYN-P-000003408,Ramanathapuram,25,Urban,66,Female,2,2,2,Others,Literate,Primary,Not in labour force,Not in labour force,0.0,10463.0,Other Backward Class,1.0,1.0223852304,1.02189038143,1.02189038143,1.02189038143,TN-HH-00003408,tn_elderly_pension_001,1.0,POLICY-RUN-8C351476BB,TN-SYN-P-000003408,TN-HH-00003408,True,False,ELIGIBLE_ALL_RULES_PASSED,ELIGIBLE_ALL_RULES_PASSED,R_AGE;R_INCOME,,True,SELECTED,180000.0,2160000.0,2207283.22
TN-SYN-P-000003418,Kallakurichi,34,Rural,77,Male,2,1,2,Casual labour in non-agriculture,Literate,Middle,Not in labour force,Not in labour force,0.0,5667.0,Other Backward Class,1.0,1.05388257177,1.0533687701,1.0533687701,1.0533687701,TN-HH-00003418,tn_elderly_pension_001,1.0,POLICY-RUN-8C351476BB,TN-SYN-P-000003418,TN-HH-00003418,True,False,ELIGIBLE_ALL_RULES_PASSED,ELIGIBLE_ALL_RULES_PASSED,R_AGE;R_INCOME,,True,SELECTED,180000.0,2160000.0,2275276.54
TN-SYN-P-000003419,Madurai,22,Rural,71,Female,2,1,1,Casual labour in agriculture,Illiterate,Not literate,Employed,Employed,0.0,4065.0,Other Backward Class,1.0,1.05622434506,1.05570913428,1.05570913428,1.05570913428,TN-HH-00003419,tn_elderly_pension_001,1.0,POLICY-RUN-8C351476BB,TN-SYN-P-000003419,TN-HH-00003419,True,False,ELIGIBLE_ALL_RULES_PASSED,ELIGIBLE_ALL_RULES_PASSED,R_AGE;R_INCOME,,True,SELECTED,180000.0,2160000.0,2280331.73
TN-SYN-P-000003427,Kallakurichi,34,Rural,69,Male,2,1,4,Casual labour in agriculture,Illiterate,Not literate,Not in labour force,Not in labour force,0.0,6258.0,Scheduled Tribe,1.0,1.19808106179,1.19748049242,1.19748049242,1.19748049242,TN-HH-00003427,tn_elderly_pension_001,1.0,POLICY-RUN-8C351476BB,TN-SYN-P-000003427,TN-HH-00003427,True,False,ELIGIBLE_ALL_RULES_PASSED,ELIGIBLE_ALL_RULES_PASSED,R_AGE;R_INCOME,,True,SELECTED,180000.0,2160000.0,2586557.86
TN-SYN-P-000003437,Thiruvallur,01,Urban,68,Female,3,1,3,Self-employed in non-agriculture,Literate,Diploma/Certificate,Not in labour force,Not in labour force,0.0,8840.0,Scheduled Caste,1.0,0.853825977746,0.853432554931,0.853432554931,0.853432554931,TN-HH-00003437,tn_elderly_pension_001,1.0,POLICY-RUN-8C351476BB,TN-SYN-P-000003437,TN-HH-00003437,True,False,ELIGIBLE_ALL_RULES_PASSED,ELIGIBLE_ALL_RULES_PASSED,R_AGE;R_INCOME,,True,SELECTED,180000.0,2160000.0,1843414.32
TN-SYN-P-000003450,Thiruvallur,01,Urban,76,Female,3,1,4,Self-employed in non-agriculture,Literate,Middle,Not in labour force,Not in labour force,0.0,16700.0,Others,1.0,1.0223852304,1.02189038143,1.02189038143,1.02189038143,TN-HH-00003450,tn_elderly_pension_001,1.0,POLICY-RUN-8C351476BB,TN-SYN-P-000003450,TN-HH-00003450,True,False,ELIGIBLE_ALL_RULES_PASSED,ELIGIBLE_ALL_RULES_PASSED,R_AGE;R_INCOME,,True,SELECTED,180000.0,2160000.0,2207283.22
TN-SYN-P-000003467,Tenkasi,33,Rural,65,Female,3,1,1,Others,Literate,Primary,Not in labour force,Not in labour force,0.0,2133.0,Scheduled Caste,1.0,0.88208608392,0.881675656319,0.881675656319,0.881675656319,TN-HH-00003467,tn_elderly_pension_001,1.0,POLICY-RUN-8C351476BB,TN-SYN-P-000003467,TN-HH-00003467,True,False,ELIGIBLE_ALL_RULES_PASSED,ELIGIBLE_ALL_RULES_PASSED,R_AGE;R_INCOME,,True,SELECTED,180000.0,2160000.0,1904419.42
TN-SYN-P-000003478,Tiruchirappalli,13,Rural,82,Female,3,7,2,Casual labour in agriculture,Illiterate,Not literate,Not in labour force,Not in labour force,0.0,7265.0,Other Backward Class,1.0,1.05622434506,1.05570913428,1.05570913428,1.05570913428,TN-HH-00003478,tn_elderly_pension_001,1.0,POLICY-RUN-8C351476BB,TN-SYN-P-000003478,TN-HH-00003478,True,False,ELIGIBLE_ALL_RULES_PASSED,ELIGIBLE_ALL_RULES_PASSED,R_AGE;R_INCOME,,True,SELECTED,180000.0,2160000.0,2280331.73
TN-SYN-P-000003479,Unknown,37,Rural,66,Male,3,1,2,Self-employed in agriculture,Illiterate,Not literate,Not in labour force,Not in labour force,0.0,15392.0,Scheduled Caste,1.0,0.88013039559,0.879721144774,0.879721144774,0.879721144774,TN-HH-00003479,tn_elderly_pension_001,1.0,POLICY-RUN-8C351476BB,TN-SYN-P-000003479,TN-HH-00003479,True,False,ELIGIBLE_ALL_RULES_PASSED,ELIGIBLE_ALL_RULES_PASSED,R_AGE;R_INCOME,,True,SELECTED,180000.0,2160000.0,1900197.67
TN-SYN-P-000003481,Cuddalore,16,Rural,75,Male,2,1,3,Self-employed in agriculture,Illiterate,Not literate,Not in labour force,Not in labour force,0.0,8692.0,Other Backward Class,1.0,1.05388257177,1.0533687701,1.0533687701,1.0533687701,TN-HH-00003481,tn_elderly_pension_001,1.0,POLICY-RUN-8C351476BB,TN-SYN-P-000003481,TN-HH-00003481,True,False,ELIGIBLE_ALL_RULES_PASSED,ELIGIBLE_ALL_RULES_PASSED,R_AGE;R_INCOME,,True,SELECTED,180000.0,2160000.0,2275276.54
TN-SYN-P-000003486,Salem,07,Urban,70,Female,3,1,2,Self-employed in non-agriculture,Illiterate,Not literate,Not in labour force,Not in labour force,0.0,6288.0,Other Backward Class,1.0,1.0223852304,1.02189038143,1.02189038143,1.02189038143,TN-HH-00003486,tn_elderly_pension_001,1.0,POLICY-RUN-8C351476BB,TN-SYN-P-000003486,TN-HH-00003486,True,False,ELIGIBLE_ALL_RULES_PASSED,ELIGIBLE_ALL_RULES_PASSED,R_AGE;R_INCOME,,True,SELECTED,180000.0,2160000.0,2207283.22
TN-SYN-P-000003487,Salem,07,Urban,65,Male,2,1,2,Regular wage/salary earning,Illiterate,Not literate,Employed,Employed,0.0,6667.0,Other Backward Class,1.0,1.0201184824,1.01962499739,1.01962499739,1.01962499739,TN-HH-00003487,tn_elderly_pension_001,1.0,POLICY-RUN-8C351476BB,TN-SYN-P-000003487,TN-HH-00003487,True,False,ELIGIBLE_ALL_RULES_PASSED,ELIGIBLE_ALL_RULES_PASSED,R_AGE;R_INCOME,,True,SELECTED,180000.0,2160000.0,2202389.99
TN-SYN-P-000003489,Salem,07,Urban,74,Female,3,7,5,Self-employed in agriculture,Literate,Middle,Not in labour force,Not in labour force,0.0,20792.0,Other Backward Class,1.0,1.0223852304,1.02189038143,1.02189038143,1.02189038143,TN-HH-00003489,tn_elderly_pension_001,1.0,POLICY-RUN-8C351476BB,TN-SYN-P-000003489,TN-HH-00003489,True,False,ELIGIBLE_ALL_RULES_PASSED,ELIGIBLE_ALL_RULES_PASSED,R_AGE;R_INCOME,,True,SELECTED,180000.0,2160000.0,2207283.22
TN-SYN-P-000003492,Tiruppur,32,Rural,70,Female,3,7,5,Casual labour in agriculture,Illiterate,Not literate,Not in labour force,Not in labour force,0.0,15684.0,Other Backward Class,1.0,1.05622434506,1.05570913428,1.05570913428,1.05570913428,TN-HH-00003492,tn_elderly_pension_001,1.0,POLICY-RUN-8C351476BB,TN-SYN-P-000003492,TN-HH-00003492,True,False,ELIGIBLE_ALL_RULES_PASSED,ELIGIBLE_ALL_RULES_PASSED,R_AGE;R_INCOME,,True,SELECTED,180000.0,2160000.0,2280331.73
TN-SYN-P-000003496,Viluppuram,06,Rural,65,Female,2,2,3,Casual labour in agriculture,Illiterate,Not literate,Employed,Employed,0.0,10308.0,Other Backward Class,1.0,1.05622434506,1.05570913428,1.05570913428,1.05570913428,TN-HH-00003496,tn_elderly_pension_001,1.0,POLICY-RUN-8C351476BB,TN-SYN-P-000003496,TN-HH-00003496,True,False,ELIGIBLE_ALL_RULES_PASSED,ELIGIBLE_ALL_RULES_PASSED,R_AGE;R_INCOME,,True,SELECTED,180000.0,2160000.0,2280331.73
TN-SYN-P-000003501,Erode,09,Urban,75,Female,3,7,3,Self-employed in non-agriculture,Illiterate,Not literate,Not in labour force,Not in labour force,0.0,18558.0,Other Backward Class,1.0,1.0223852304,1.02189038143,1.02189038143,1.02189038143,TN-HH-00003501,tn_elderly_pension_001,1.0,POLICY-RUN-8C351476BB,TN-SYN-P-000003501,TN-HH-00003501,True,False,ELIGIBLE_ALL_RULES_PASSED,ELIGIBLE_ALL_RULES_PASSED,R_AGE;R_INCOME,,True,SELECTED,180000.0,2160000.0,2207283.22
TN-SYN-P-000003521,Tirunelveli,27,Urban,67,Male,2,1,2,Others,Literate,Middle,Not in labour force,Not in labour force,0.0,9417.0,Other Backward Class,1.0,1.0201184824,1.01962499739,1.01962499739,1.01962499739,TN-HH-00003521,tn_elderly_pension_001,1.0,POLICY-RUN-8C351476BB,TN-SYN-P-000003521,TN-HH-00003521,True,False,ELIGIBLE_ALL_RULES_PASSED,ELIGIBLE_ALL_RULES_PASSED,R_AGE;R_INCOME,,True,SELECTED,180000.0,2160000.0,2202389.99
TN-SYN-P-000003523,Dindigul,11,Urban,74,Male,2,1,2,Others,Literate,Below Primary,Not in labour force,Not in labour force,0.0,18667.0,Other Backward Class,1.0,1.0201184824,1.01962499739,1.01962499739,1.01962499739,TN-HH-00003523,tn_elderly_pension_001,1.0,POLICY-RUN-8C351476BB,TN-SYN-P-000003523,TN-HH-00003523,True,False,ELIGIBLE_ALL_RULES_PASSED,ELIGIBLE_ALL_RULES_PASSED,R_AGE;R_INCOME,,True,SELECTED,180000.0,2160000.0,2202389.99
TN-SYN-P-000003544,Madurai,22,Rural,90,Male,3,1,1,Others,Illiterate,Not literate,Not in labour force,Not in labour force,0.0,2563.0,Other Backward Class,1.0,1.05388257177,1.0533687701,1.0533687701,1.0533687701,TN-HH-00003544,tn_elderly_pension_001,1.0,POLICY-RUN-8C351476BB,TN-SYN-P-000003544,TN-HH-00003544,True,False,ELIGIBLE_ALL_RULES_PASSED,ELIGIBLE_ALL_RULES_PASSED,R_AGE;R_INCOME,,True,SELECTED,180000.0,2160000.0,2275276.54
TN-SYN-P-000003550,Tiruchirappalli,13,Urban,65,Female,3,1,2,Regular wage/salary earning,Literate,Primary,Not in labour force,Not in labour force,0.0,4984.0,Other Backward Class,1.0,1.0223852304,1.02189038143,1.02189038143,1.02189038143,TN-HH-00003550,tn_elderly_pension_001,1.0,POLICY-RUN-8C351476BB,TN-SYN-P-000003550,TN-HH-00003550,True,False,ELIGIBLE_ALL_RULES_PASSED,ELIGIBLE_ALL_RULES_PASSED,R_AGE;R_INCOME,,True,SELECTED,180000.0,2160000.0,2207283.22
TN-SYN-P-000003568,Erode,09,Urban,63,Female,3,7,5,Self-employed in non-agriculture,Literate,Primary,Not in labour force,Not in labour force,0.0,13257.0,Scheduled Caste,1.0,0.853825977746,0.853432554931,0.853432554931,0.853432554931,TN-HH-00003568,tn_elderly_pension_001,1.0,POLICY-RUN-8C351476BB,TN-SYN-P-000003568,TN-HH-00003568,True,False,ELIGIBLE_ALL_RULES_PASSED,ELIGIBLE_ALL_RULES_PASSED,R_AGE;R_INCOME,,True,SELECTED,180000.0,2160000.0,1843414.32
TN-SYN-P-000003574,Thanjavur,19,Rural,74,Male,2,1,3,Self-employed in agriculture,Literate,Middle,Employed,Employed,0.0,13967.0,Other Backward Class,1.0,1.05388257177,1.0533687701,1.0533687701,1.0533687701,TN-HH-00003574,tn_elderly_pension_001,1.0,POLICY-RUN-8C351476BB,TN-SYN-P-000003574,TN-HH-00003574,True,False,ELIGIBLE_ALL_RULES_PASSED,ELIGIBLE_ALL_RULES_PASSED,R_AGE;R_INCOME,,True,SELECTED,180000.0,2160000.0,2275276.54
TN-SYN-P-000003587,Perambalur,14,Urban,74,Male,2,1,2,Self-employed in agriculture,Literate,Middle,Employed,Employed,0.0,9083.0,Other Backward Class,1.0,1.0201184824,1.01962499739,1.01962499739,1.01962499739,TN-HH-00003587,tn_elderly_pension_001,1.0,POLICY-RUN-8C351476BB,TN-SYN-P-000003587,TN-HH-00003587,True,False,ELIGIBLE_ALL_RULES_PASSED,ELIGIBLE_ALL_RULES_PASSED,R_AGE;R_INCOME,,True,SELECTED,180000.0,2160000.0,2202389.99
TN-SYN-P-000003601,Tenkasi,33,Rural,79,Male,2,1,2,Others,Literate,Secondary,Not in labour force,Not in labour force,0.0,25680.0,Other Backward Class,1.0,1.05388257177,1.0533687701,1.0533687701,1.0533687701,TN-HH-00003601,tn_elderly_pension_001,1.0,POLICY-RUN-8C351476BB,TN-SYN-P-000003601,TN-HH-00003601,True,False,ELIGIBLE_ALL_RULES_PASSED,ELIGIBLE_ALL_RULES_PASSED,R_AGE;R_INCOME,,True,SELECTED,180000.0,2160000.0,2275276.54
TN-SYN-P-000003604,Chennai,02,Urban,60,Female,2,2,2,Self-employed in non-agriculture,Literate,Primary,Not in labour force,Not in labour force,0.0,4314.0,Other Backward Class,1.0,1.0223852304,1.02189038143,1.02189038143,1.02189038143,TN-HH-00003604,tn_elderly_pension_001,1.0,POLICY-RUN-8C351476BB,TN-SYN-P-000003604,TN-HH-00003604,True,False,ELIGIBLE_ALL_RULES_PASSED,ELIGIBLE_ALL_RULES_PASSED,R_AGE;R_INCOME,,True,SELECTED,180000.0,2160000.0,2207283.22
TN-SYN-P-000003617,Tiruppur,32,Rural,69,Female,2,2,2,Others,Literate,Primary,Not in labour force,Not in labour force,0.0,8433.0,Other Backward Class,1.0,1.05622434506,1.05570913428,1.05570913428,1.05570913428,TN-HH-00003617,tn_elderly_pension_001,1.0,POLICY-RUN-8C351476BB,TN-SYN-P-000003617,TN-HH-00003617,True,False,ELIGIBLE_ALL_RULES_PASSED,ELIGIBLE_ALL_RULES_PASSED,R_AGE;R_INCOME,,True,SELECTED,180000.0,2160000.0,2280331.73
TN-SYN-P-000003618,Thoothukudi,26,Urban,90,Female,3,7,3,Self-employed in non-agriculture,Literate,Primary,Not in labour force,Not in labour force,0.0,12725.0,Others,1.0,1.0223852304,1.02189038143,1.02189038143,1.02189038143,TN-HH-00003618,tn_elderly_pension_001,1.0,POLICY-RUN-8C351476BB,TN-SYN-P-000003618,TN-HH-00003618,True,False,ELIGIBLE_ALL_RULES_PASSED,ELIGIBLE_ALL_RULES_PASSED,R_AGE;R_INCOME,,True,SELECTED,180000.0,2160000.0,2207283.22
TN-SYN-P-000003619,Vellore,04,Rural,70,Female,3,7,4,Regular wage/salary earning,Illiterate,Not literate,Not in labour force,Not in labour force,0.0,8486.0,Other Backward Class,1.0,1.05622434506,1.05570913428,1.05570913428,1.05570913428,TN-HH-00003619,tn_elderly_pension_001,1.0,POLICY-RUN-8C351476BB,TN-SYN-P-000003619,TN-HH-00003619,True,False,ELIGIBLE_ALL_RULES_PASSED,ELIGIBLE_ALL_RULES_PASSED,R_AGE;R_INCOME,,True,SELECTED,180000.0,2160000.0,2280331.73
TN-SYN-P-000003639,Kanniyakumari,28,Urban,60,Female,2,2,4,Self-employed in non-agriculture,Literate,Primary,Not in labour force,Not in labour force,0.0,14975.0,Others,1.0,1.0223852304,1.02189038143,1.02189038143,1.02189038143,TN-HH-00003639,tn_elderly_pension_001,1.0,POLICY-RUN-8C351476BB,TN-SYN-P-000003639,TN-HH-00003639,True,False,ELIGIBLE_ALL_RULES_PASSED,ELIGIBLE_ALL_RULES_PASSED,R_AGE;R_INCOME,,True,SELECTED,180000.0,2160000.0,2207283.22
TN-SYN-P-000003644,Pudukkottai,20,Rural,73,Female,3,1,1,Others,Illiterate,Not literate,Not in labour force,Not in labour force,0.0,3047.0,Other Backward Class,1.0,1.05622434506,1.05570913428,1.05570913428,1.05570913428,TN-HH-00003644,tn_elderly_pension_001,1.0,POLICY-RUN-8C351476BB,TN-SYN-P-000003644,TN-HH-00003644,True,False,ELIGIBLE_ALL_RULES_PASSED,ELIGIBLE_ALL_RULES_PASSED,R_AGE;R_INCOME,,True,SELECTED,180000.0,2160000.0,2280331.73
TN-SYN-P-000003645,Kallakurichi,34,Rural,62,Male,2,1,4,Self-employed in agriculture,Illiterate,Not literate,Employed,Employed,0.0,13983.0,Other Backward Class,1.0,1.05388257177,1.0533687701,1.0533687701,1.0533687701,TN-HH-00003645,tn_elderly_pension_001,1.0,POLICY-RUN-8C351476BB,TN-SYN-P-000003645,TN-HH-00003645,True,False,ELIGIBLE_ALL_RULES_PASSED,ELIGIBLE_ALL_RULES_PASSED,R_AGE;R_INCOME,,True,SELECTED,180000.0,2160000.0,2275276.54
TN-SYN-P-000003650,Namakkal,08,Urban,75,Female,3,7,5,Self-employed in non-agriculture,Illiterate,Not literate,Not in labour force,Not in labour force,0.0,19733.0,Other Backward Class,1.0,1.0223852304,1.02189038143,1.02189038143,1.02189038143,TN-HH-00003650,tn_elderly_pension_001,1.0,POLICY-RUN-8C351476BB,TN-SYN-P-000003650,TN-HH-00003650,True,False,ELIGIBLE_ALL_RULES_PASSED,ELIGIBLE_ALL_RULES_PASSED,R_AGE;R_INCOME,,True,SELECTED,180000.0,2160000.0,2207283.22
TN-SYN-P-000003652,Coimbatore,31,Rural,65,Female,2,2,2,Others,Illiterate,Not literate,Not in labour force,Not in labour force,0.0,3725.0,Other Backward Class,1.0,1.05622434506,1.05570913428,1.05570913428,1.05570913428,TN-HH-00003652,tn_elderly_pension_001,1.0,POLICY-RUN-8C351476BB,TN-SYN-P-000003652,TN-HH-00003652,True,False,ELIGIBLE_ALL_RULES_PASSED,ELIGIBLE_ALL_RULES_PASSED,R_AGE;R_INCOME,,True,SELECTED,180000.0,2160000.0,2280331.73
TN-SYN-P-000003653,Viluppuram,06,Rural,65,Female,2,2,3,Casual labour in agriculture,Illiterate,Not literate,Employed,Employed,0.0,10308.0,Other Backward Class,1.0,1.05622434506,1.05570913428,1.05570913428,1.05570913428,TN-HH-00003653,tn_elderly_pension_001,1.0,POLICY-RUN-8C351476BB,TN-SYN-P-000003653,TN-HH-00003653,True,False,ELIGIBLE_ALL_RULES_PASSED,ELIGIBLE_ALL_RULES_PASSED,R_AGE;R_INCOME,,True,SELECTED,180000.0,2160000.0,2280331.73
TN-SYN-P-000003656,Tiruchirappalli,13,Urban,74,Female,2,7,3,Others,Literate,Middle,Not in labour force,Not in labour force,0.0,13221.0,Other Backward Class,1.0,1.0223852304,1.02189038143,1.02189038143,1.02189038143,TN-HH-00003656,tn_elderly_pension_001,1.0,POLICY-RUN-8C351476BB,TN-SYN-P-000003656,TN-HH-00003656,True,False,ELIGIBLE_ALL_RULES_PASSED,ELIGIBLE_ALL_RULES_PASSED,R_AGE;R_INCOME,,True,SELECTED,180000.0,2160000.0,2207283.22
TN-SYN-P-000003664,Unknown,37,Rural,85,Female,2,2,5,Self-employed in agriculture,Literate,Primary,Not in labour force,Not in labour force,0.0,13405.0,Other Backward Class,1.0,1.05622434506,1.05570913428,1.05570913428,1.05570913428,TN-HH-00003664,tn_elderly_pension_001,1.0,POLICY-RUN-8C351476BB,TN-SYN-P-000003664,TN-HH-00003664,True,False,ELIGIBLE_ALL_RULES_PASSED,ELIGIBLE_ALL_RULES_PASSED,R_AGE;R_INCOME,,True,SELECTED,180000.0,2160000.0,2280331.73
TN-SYN-P-000003665,Tenkasi,33,Rural,65,Female,3,1,2,Casual labour in non-agriculture,Literate,Below Primary,Not in labour force,Not in labour force,0.0,5350.0,Scheduled Caste,1.0,0.88208608392,0.881675656319,0.881675656319,0.881675656319,TN-HH-00003665,tn_elderly_pension_001,1.0,POLICY-RUN-8C351476BB,TN-SYN-P-000003665,TN-HH-00003665,True,False,ELIGIBLE_ALL_RULES_PASSED,ELIGIBLE_ALL_RULES_PASSED,R_AGE;R_INCOME,,True,SELECTED,180000.0,2160000.0,1904419.42
TN-SYN-P-000003675,Chennai,02,Urban,65,Male,3,7,5,Self-employed in non-agriculture,Literate,Higher Secondary,Employed,Employed,12480.0,46860.0,Other Backward Class,1.0,1.0201184824,1.01962499739,1.01962499739,1.01962499739,TN-HH-00003675,tn_elderly_pension_001,1.0,POLICY-RUN-8C351476BB,TN-SYN-P-000003675,TN-HH-00003675,True,False,ELIGIBLE_ALL_RULES_PASSED,ELIGIBLE_ALL_RULES_PASSED,R_AGE;R_INCOME,,True,SELECTED,180000.0,2160000.0,2202389.99
TN-SYN-P-000003678,Sivaganga,21,Rural,69,Female,3,7,3,Casual labour in non-agriculture,Illiterate,Not literate,Not in labour force,Not in labour force,0.0,8517.0,Scheduled Caste,1.0,0.88208608392,0.881675656319,0.881675656319,0.881675656319,TN-HH-00003678,tn_elderly_pension_001,1.0,POLICY-RUN-8C351476BB,TN-SYN-P-000003678,TN-HH-00003678,True,False,ELIGIBLE_ALL_RULES_PASSED,ELIGIBLE_ALL_RULES_PASSED,R_AGE;R_INCOME,,True,SELECTED,180000.0,2160000.0,1904419.42
TN-SYN-P-000003685,Dindigul,11,Rural,60,Male,2,1,6,Regular wage/salary earning,Literate,Below Primary,Employed,Employed,0.0,11609.0,Other Backward Class,1.0,1.05388257177,1.0533687701,1.0533687701,1.0533687701,TN-HH-00003685,tn_elderly_pension_001,1.0,POLICY-RUN-8C351476BB,TN-SYN-P-000003685,TN-HH-00003685,True,False,ELIGIBLE_ALL_RULES_PASSED,ELIGIBLE_ALL_RULES_PASSED,R_AGE;R_INCOME,,True,SELECTED,180000.0,2160000.0,2275276.54
TN-SYN-P-000003686,Thiruvallur,01,Urban,61,Female,2,2,2,Self-employed in non-agriculture,Illiterate,Not literate,Employed,Employed,2500.0,6215.0,Other Backward Class,1.0,1.0223852304,1.02189038143,1.02189038143,1.02189038143,TN-HH-00003686,tn_elderly_pension_001,1.0,POLICY-RUN-8C351476BB,TN-SYN-P-000003686,TN-HH-00003686,True,False,ELIGIBLE_ALL_RULES_PASSED,ELIGIBLE_ALL_RULES_PASSED,R_AGE;R_INCOME,,True,SELECTED,180000.0,2160000.0,2207283.22
TN-SYN-P-000003697,Vellore,04,Rural,71,Female,2,2,2,Others,Literate,Primary,Not in labour force,Not in labour force,0.0,4120.0,Other Backward Class,1.0,1.05622434506,1.05570913428,1.05570913428,1.05570913428,TN-HH-00003697,tn_elderly_pension_001,1.0,POLICY-RUN-8C351476BB,TN-SYN-P-000003697,TN-HH-00003697,True,False,ELIGIBLE_ALL_RULES_PASSED,ELIGIBLE_ALL_RULES_PASSED,R_AGE;R_INCOME,,True,SELECTED,180000.0,2160000.0,2280331.73
TN-SYN-P-000003701,Chennai,02,Urban,70,Female,3,7,6,Self-employed in non-agriculture,Literate,Secondary,Not in labour force,Not in labour force,0.0,24035.0,Other Backward Class,1.0,1.0223852304,1.02189038143,1.02189038143,1.02189038143,TN-HH-00003701,tn_elderly_pension_001,1.0,POLICY-RUN-8C351476BB,TN-SYN-P-000003701,TN-HH-00003701,True,False,ELIGIBLE_ALL_RULES_PASSED,ELIGIBLE_ALL_RULES_PASSED,R_AGE;R_INCOME,,True,SELECTED,180000.0,2160000.0,2207283.22
TN-SYN-P-000003704,Virudhunagar,24,Rural,75,Male,2,1,4,Regular wage/salary earning,Illiterate,Not literate,Not in labour force,Not in labour force,0.0,15891.0,Other Backward Class,1.0,1.05388257177,1.0533687701,1.0533687701,1.0533687701,TN-HH-00003704,tn_elderly_pension_001,1.0,POLICY-RUN-8C351476BB,TN-SYN-P-000003704,TN-HH-00003704,True,False,ELIGIBLE_ALL_RULES_PASSED,ELIGIBLE_ALL_RULES_PASSED,R_AGE;R_INCOME,,True,SELECTED,180000.0,2160000.0,2275276.54
TN-SYN-P-000003705,Thanjavur,19,Urban,67,Female,3,1,1,Others,Illiterate,Not literate,Not in labour force,Not in labour force,0.0,3212.0,Scheduled Caste,1.0,0.853825977746,0.853432554931,0.853432554931,0.853432554931,TN-HH-00003705,tn_elderly_pension_001,1.0,POLICY-RUN-8C351476BB,TN-SYN-P-000003705,TN-HH-00003705,True,False,ELIGIBLE_ALL_RULES_PASSED,ELIGIBLE_ALL_RULES_PASSED,R_AGE;R_INCOME,,True,SELECTED,180000.0,2160000.0,1843414.32
TN-SYN-P-000003706,Namakkal,08,Urban,65,Other,1,1,1,Others,Illiterate,Not literate,Not in labour force,Not in labour force,0.0,1842.0,Scheduled Caste,1.0,0.852466221249,0.852073616632,0.852073616632,0.852073616632,TN-HH-00003706,tn_elderly_pension_001,1.0,POLICY-RUN-8C351476BB,TN-SYN-P-000003706,TN-HH-00003706,True,False,ELIGIBLE_ALL_RULES_PASSED,ELIGIBLE_ALL_RULES_PASSED,R_AGE;R_INCOME,,True,SELECTED,180000.0,2160000.0,1840479.01
TN-SYN-P-000003707,Vellore,04,Rural,71,Female,2,2,2,Others,Literate,Primary,Not in labour force,Not in labour force,0.0,4120.0,Other Backward Class,1.0,1.05622434506,1.05570913428,1.05570913428,1.05570913428,TN-HH-00003707,tn_elderly_pension_001,1.0,POLICY-RUN-8C351476BB,TN-SYN-P-000003707,TN-HH-00003707,True,False,ELIGIBLE_ALL_RULES_PASSED,ELIGIBLE_ALL_RULES_PASSED,R_AGE;R_INCOME,,True,SELECTED,180000.0,2160000.0,2280331.73
TN-SYN-P-000003725,Thiruvallur,01,Urban,68,Male,2,1,2,Others,Literate,Primary,Not in labour force,Not in labour force,0.0,7460.0,Other Backward Class,1.0,1.0201184824,1.01962499739,1.01962499739,1.01962499739,TN-HH-00003725,tn_elderly_pension_001,1.0,POLICY-RUN-8C351476BB,TN-SYN-P-000003725,TN-HH-00003725,True,False,ELIGIBLE_ALL_RULES_PASSED,ELIGIBLE_ALL_RULES_PASSED,R_AGE;R_INCOME,,True,SELECTED,180000.0,2160000.0,2202389.99
TN-SYN-P-000003732,Erode,09,Rural,64,Male,2,1,6,Regular wage/salary earning,Literate,Middle,Employed,Employed,0.0,29560.0,Other Backward Class,1.0,1.05388257177,1.0533687701,1.0533687701,1.0533687701,TN-HH-00003732,tn_elderly_pension_001,1.0,POLICY-RUN-8C351476BB,TN-SYN-P-000003732,TN-HH-00003732,True,False,ELIGIBLE_ALL_RULES_PASSED,ELIGIBLE_ALL_RULES_PASSED,R_AGE;R_INCOME,,True,SELECTED,180000.0,2160000.0,2275276.54
TN-SYN-P-000003736,Kallakurichi,34,Rural,69,Male,2,1,4,Casual labour in agriculture,Illiterate,Not literate,Not in labour force,Not in labour force,0.0,6258.0,Scheduled Tribe,1.0,1.19808106179,1.19748049242,1.19748049242,1.19748049242,TN-HH-00003736,tn_elderly_pension_001,1.0,POLICY-RUN-8C351476BB,TN-SYN-P-000003736,TN-HH-00003736,True,False,ELIGIBLE_ALL_RULES_PASSED,ELIGIBLE_ALL_RULES_PASSED,R_AGE;R_INCOME,,True,SELECTED,180000.0,2160000.0,2586557.86
TN-SYN-P-000003742,Tenkasi,33,Rural,60,Male,2,1,3,Self-employed in non-agriculture,Literate,Middle,Employed,Employed,0.0,12530.0,Scheduled Caste,1.0,0.88013039559,0.879721144774,0.879721144774,0.879721144774,TN-HH-00003742,tn_elderly_pension_001,1.0,POLICY-RUN-8C351476BB,TN-SYN-P-000003742,TN-HH-00003742,True,False,ELIGIBLE_ALL_RULES_PASSED,ELIGIBLE_ALL_RULES_PASSED,R_AGE;R_INCOME,,True,SELECTED,180000.0,2160000.0,1900197.67
TN-SYN-P-000003747,Chennai,02,Urban,75,Male,2,1,2,Others,Literate,Diploma/Certificate,Not in labour force,Not in labour force,0.0,10408.0,Others,1.0,1.0201184824,1.01962499739,1.01962499739,1.01962499739,TN-HH-00003747,tn_elderly_pension_001,1.0,POLICY-RUN-8C351476BB,TN-SYN-P-000003747,TN-HH-00003747,True,False,ELIGIBLE_ALL_RULES_PASSED,ELIGIBLE_ALL_RULES_PASSED,R_AGE;R_INCOME,,True,SELECTED,180000.0,2160000.0,2202389.99
TN-SYN-P-000003748,Perambalur,14,Urban,68,Male,2,1,2,Self-employed in agriculture,Literate,Primary,Employed,Employed,0.0,6342.0,Other Backward Class,1.0,1.0201184824,1.01962499739,1.01962499739,1.01962499739,TN-HH-00003748,tn_elderly_pension_001,1.0,POLICY-RUN-8C351476BB,TN-SYN-P-000003748,TN-HH-00003748,True,False,ELIGIBLE_ALL_RULES_PASSED,ELIGIBLE_ALL_RULES_PASSED,R_AGE;R_INCOME,,True,SELECTED,180000.0,2160000.0,2202389.99
TN-SYN-P-000003754,Thanjavur,19,Rural,68,Male,2,1,2,Self-employed in agriculture,Literate,Middle,Employed,Employed,0.0,7624.0,Other Backward Class,1.0,1.05388257177,1.0533687701,1.0533687701,1.0533687701,TN-HH-00003754,tn_elderly_pension_001,1.0,POLICY-RUN-8C351476BB,TN-SYN-P-000003754,TN-HH-00003754,True,False,ELIGIBLE_ALL_RULES_PASSED,ELIGIBLE_ALL_RULES_PASSED,R_AGE;R_INCOME,,True,SELECTED,180000.0,2160000.0,2275276.54
TN-SYN-P-000003770,Thanjavur,19,Urban,80,Female,3,7,3,Others,Illiterate,Not literate,Not in labour force,Not in labour force,0.0,14072.0,Other Backward Class,1.0,1.0223852304,1.02189038143,1.02189038143,1.02189038143,TN-HH-00003770,tn_elderly_pension_001,1.0,POLICY-RUN-8C351476BB,TN-SYN-P-000003770,TN-HH-00003770,True,False,ELIGIBLE_ALL_RULES_PASSED,ELIGIBLE_ALL_RULES_PASSED,R_AGE;R_INCOME,,True,SELECTED,180000.0,2160000.0,2207283.22
TN-SYN-P-000003774,Tenkasi,33,Urban,60,Male,2,1,4,Self-employed in non-agriculture,Literate,Below Primary,Not in labour force,Not in labour force,0.0,9333.0,Other Backward Class,1.0,1.0201184824,1.01962499739,1.01962499739,1.01962499739,TN-HH-00003774,tn_elderly_pension_001,1.0,POLICY-RUN-8C351476BB,TN-SYN-P-000003774,TN-HH-00003774,True,False,ELIGIBLE_ALL_RULES_PASSED,ELIGIBLE_ALL_RULES_PASSED,R_AGE;R_INCOME,,True,SELECTED,180000.0,2160000.0,2202389.99
TN-SYN-P-000003775,Madurai,22,Rural,72,Female,2,2,2,Others,Illiterate,Not literate,Not in labour force,Not in labour force,0.0,6793.0,Other Backward Class,1.0,1.05622434506,1.05570913428,1.05570913428,1.05570913428,TN-HH-00003775,tn_elderly_pension_001,1.0,POLICY-RUN-8C351476BB,TN-SYN-P-000003775,TN-HH-00003775,True,False,ELIGIBLE_ALL_RULES_PASSED,ELIGIBLE_ALL_RULES_PASSED,R_AGE;R_INCOME,,True,SELECTED,180000.0,2160000.0,2280331.73
TN-SYN-P-000003778,Vellore,04,Urban,82,Male,3,1,3,Others,Literate,Secondary,Not in labour force,Not in labour force,0.0,31838.0,Other Backward Class,1.0,1.0201184824,1.01962499739,1.01962499739,1.01962499739,TN-HH-00003778,tn_elderly_pension_001,1.0,POLICY-RUN-8C351476BB,TN-SYN-P-000003778,TN-HH-00003778,True,False,ELIGIBLE_ALL_RULES_PASSED,ELIGIBLE_ALL_RULES_PASSED,R_AGE;R_INCOME,,True,SELECTED,180000.0,2160000.0,2202389.99
TN-SYN-P-000003784,Tirupathur,36,Urban,60,Male,2,1,7,Self-employed in agriculture,Illiterate,Not literate,Not in labour force,Not in labour force,0.0,13920.0,Scheduled Caste,1.0,0.851932945387,0.851540661655,0.851540661655,0.851540661655,TN-HH-00003784,tn_elderly_pension_001,1.0,POLICY-RUN-8C351476BB,TN-SYN-P-000003784,TN-HH-00003784,True,False,ELIGIBLE_ALL_RULES_PASSED,ELIGIBLE_ALL_RULES_PASSED,R_AGE;R_INCOME,,True,SELECTED,180000.0,2160000.0,1839327.83
TN-SYN-P-000003785,Perambalur,14,Rural,67,Male,2,1,2,Casual labour in agriculture,Illiterate,Not literate,Employed,Employed,0.0,5480.0,Other Backward Class,1.0,1.05388257177,1.0533687701,1.0533687701,1.0533687701,TN-HH-00003785,tn_elderly_pension_001,1.0,POLICY-RUN-8C351476BB,TN-SYN-P-000003785,TN-HH-00003785,True,False,ELIGIBLE_ALL_RULES_PASSED,ELIGIBLE_ALL_RULES_PASSED,R_AGE;R_INCOME,,True,SELECTED,180000.0,2160000.0,2275276.54
TN-SYN-P-000003786,Chennai,02,Urban,64,Male,2,1,2,Others,Literate,Middle,Not in labour force,Not in labour force,0.0,7470.0,Other Backward Class,1.0,1.0201184824,1.01962499739,1.01962499739,1.01962499739,TN-HH-00003786,tn_elderly_pension_001,1.0,POLICY-RUN-8C351476BB,TN-SYN-P-000003786,TN-HH-00003786,True,False,ELIGIBLE_ALL_RULES_PASSED,ELIGIBLE_ALL_RULES_PASSED,R_AGE;R_INCOME,,True,SELECTED,180000.0,2160000.0,2202389.99
TN-SYN-P-000003788,Erode,09,Urban,75,Female,3,7,5,Regular wage/salary earning,Illiterate,Not literate,Not in labour force,Not in labour force,0.0,13859.0,Other Backward Class,1.0,1.0223852304,1.02189038143,1.02189038143,1.02189038143,TN-HH-00003788,tn_elderly_pension_001,1.0,POLICY-RUN-8C351476BB,TN-SYN-P-000003788,TN-HH-00003788,True,False,ELIGIBLE_ALL_RULES_PASSED,ELIGIBLE_ALL_RULES_PASSED,R_AGE;R_INCOME,,True,SELECTED,180000.0,2160000.0,2207283.22
TN-SYN-P-000003799,Madurai,22,Rural,85,Male,2,1,4,Casual labour in non-agriculture,Illiterate,Not literate,Not in labour force,Not in labour force,0.0,6815.0,Other Backward Class,1.0,1.05388257177,1.0533687701,1.0533687701,1.0533687701,TN-HH-00003799,tn_elderly_pension_001,1.0,POLICY-RUN-8C351476BB,TN-SYN-P-000003799,TN-HH-00003799,True,False,ELIGIBLE_ALL_RULES_PASSED,ELIGIBLE_ALL_RULES_PASSED,R_AGE;R_INCOME,,True,SELECTED,180000.0,2160000.0,2275276.54
TN-SYN-P-000003804,Coimbatore,31,Urban,65,Female,3,1,2,Others,Literate,Below Primary,Not in labour force,Not in labour force,0.0,8201.0,Other Backward Class,1.0,1.0223852304,1.02189038143,1.02189038143,1.02189038143,TN-HH-00003804,tn_elderly_pension_001,1.0,POLICY-RUN-8C351476BB,TN-SYN-P-000003804,TN-HH-00003804,True,False,ELIGIBLE_ALL_RULES_PASSED,ELIGIBLE_ALL_RULES_PASSED,R_AGE;R_INCOME,,True,SELECTED,180000.0,2160000.0,2207283.22
TN-SYN-P-000003806,Madurai,22,Rural,65,Male,2,1,2,Casual labour in agriculture,Literate,Below Primary,Employed,Employed,0.0,7487.0,Other Backward Class,1.0,1.05388257177,1.0533687701,1.0533687701,1.0533687701,TN-HH-00003806,tn_elderly_pension_001,1.0,POLICY-RUN-8C351476BB,TN-SYN-P-000003806,TN-HH-00003806,True,False,ELIGIBLE_ALL_RULES_PASSED,ELIGIBLE_ALL_RULES_PASSED,R_AGE;R_INCOME,,True,SELECTED,180000.0,2160000.0,2275276.54
TN-SYN-P-000003808,Madurai,22,Urban,60,Female,3,7,5,Self-employed in non-agriculture,Illiterate,Not literate,Not in labour force,Not in labour force,0.0,17183.0,Other Backward Class,1.0,1.0223852304,1.02189038143,1.02189038143,1.02189038143,TN-HH-00003808,tn_elderly_pension_001,1.0,POLICY-RUN-8C351476BB,TN-SYN-P-000003808,TN-HH-00003808,True,False,ELIGIBLE_ALL_RULES_PASSED,ELIGIBLE_ALL_RULES_PASSED,R_AGE;R_INCOME,,True,SELECTED,180000.0,2160000.0,2207283.22
TN-SYN-P-000003810,Chennai,02,Urban,65,Male,3,7,5,Self-employed in non-agriculture,Literate,Higher Secondary,Employed,Employed,12480.0,46860.0,Other Backward Class,1.0,1.0201184824,1.01962499739,1.01962499739,1.01962499739,TN-HH-00003810,tn_elderly_pension_001,1.0,POLICY-RUN-8C351476BB,TN-SYN-P-000003810,TN-HH-00003810,True,False,ELIGIBLE_ALL_RULES_PASSED,ELIGIBLE_ALL_RULES_PASSED,R_AGE;R_INCOME,,True,SELECTED,180000.0,2160000.0,2202389.99
TN-SYN-P-000003816,Theni,23,Urban,62,Female,2,2,2,Others,Literate,Diploma/Certificate,Not in labour force,Not in labour force,0.0,5360.0,Other Backward Class,1.0,1.0223852304,1.02189038143,1.02189038143,1.02189038143,TN-HH-00003816,tn_elderly_pension_001,1.0,POLICY-RUN-8C351476BB,TN-SYN-P-000003816,TN-HH-00003816,True,False,ELIGIBLE_ALL_RULES_PASSED,ELIGIBLE_ALL_RULES_PASSED,R_AGE;R_INCOME,,True,SELECTED,180000.0,2160000.0,2207283.22
TN-SYN-P-000003850,Madurai,22,Rural,70,Female,3,7,7,Self-employed in agriculture,Illiterate,Not literate,Not in labour force,Not in labour force,0.0,16838.0,Other Backward Class,1.0,1.05622434506,1.05570913428,1.05570913428,1.05570913428,TN-HH-00003850,tn_elderly_pension_001,1.0,POLICY-RUN-8C351476BB,TN-SYN-P-000003850,TN-HH-00003850,True,False,ELIGIBLE_ALL_RULES_PASSED,ELIGIBLE_ALL_RULES_PASSED,R_AGE;R_INCOME,,True,SELECTED,180000.0,2160000.0,2280331.73
TN-SYN-P-000003856,Karur,12,Rural,72,Female,3,1,1,Casual labour in agriculture,Literate,Below Primary,Employed,Employed,0.0,1347.0,Scheduled Caste,1.0,0.88208608392,0.881675656319,0.881675656319,0.881675656319,TN-HH-00003856,tn_elderly_pension_001,1.0,POLICY-RUN-8C351476BB,TN-SYN-P-000003856,TN-HH-00003856,True,False,ELIGIBLE_ALL_RULES_PASSED,ELIGIBLE_ALL_RULES_PASSED,R_AGE;R_INCOME,,True,SELECTED,180000.0,2160000.0,1904419.42
TN-SYN-P-000003859,Mayiladuthurai,38,Rural,72,Female,3,7,3,Regular wage/salary earning,Literate,Primary,Not in labour force,Not in labour force,0.0,13016.0,Other Backward Class,1.0,1.05622434506,1.05570913428,1.05570913428,1.05570913428,TN-HH-00003859,tn_elderly_pension_001,1.0,POLICY-RUN-8C351476BB,TN-SYN-P-000003859,TN-HH-00003859,True,False,ELIGIBLE_ALL_RULES_PASSED,ELIGIBLE_ALL_RULES_PASSED,R_AGE;R_INCOME,,True,SELECTED,180000.0,2160000.0,2280331.73
TN-SYN-P-000003860,Salem,07,Urban,74,Female,3,7,6,Self-employed in agriculture,Illiterate,Not literate,Not in labour force,Not in labour force,0.0,20267.0,Other Backward Class,1.0,1.0223852304,1.02189038143,1.02189038143,1.02189038143,TN-HH-00003860,tn_elderly_pension_001,1.0,POLICY-RUN-8C351476BB,TN-SYN-P-000003860,TN-HH-00003860,True,False,ELIGIBLE_ALL_RULES_PASSED,ELIGIBLE_ALL_RULES_PASSED,R_AGE;R_INCOME,,True,SELECTED,180000.0,2160000.0,2207283.22
TN-SYN-P-000003863,Thiruvarur,18,Rural,64,Female,3,1,1,Self-employed in non-agriculture,Literate,Primary,Employed,Employed,0.0,4191.0,Other Backward Class,1.0,1.05622434506,1.05570913428,1.05570913428,1.05570913428,TN-HH-00003863,tn_elderly_pension_001,1.0,POLICY-RUN-8C351476BB,TN-SYN-P-000003863,TN-HH-00003863,True,False,ELIGIBLE_ALL_RULES_PASSED,ELIGIBLE_ALL_RULES_PASSED,R_AGE;R_INCOME,,True,SELECTED,180000.0,2160000.0,2280331.73
TN-SYN-P-000003869,Madurai,22,Urban,60,Female,3,7,5,Self-employed in non-agriculture,Illiterate,Not literate,Not in labour force,Not in labour force,0.0,17183.0,Other Backward Class,1.0,1.0223852304,1.02189038143,1.02189038143,1.02189038143,TN-HH-00003869,tn_elderly_pension_001,1.0,POLICY-RUN-8C351476BB,TN-SYN-P-000003869,TN-HH-00003869,True,False,ELIGIBLE_ALL_RULES_PASSED,ELIGIBLE_ALL_RULES_PASSED,R_AGE;R_INCOME,,True,SELECTED,180000.0,2160000.0,2207283.22
TN-SYN-P-000003875,Kanniyakumari,28,Urban,70,Female,2,2,2,Others,Literate,Below Primary,Not in labour force,Not in labour force,0.0,6418.0,Other Backward Class,1.0,1.0223852304,1.02189038143,1.02189038143,1.02189038143,TN-HH-00003875,tn_elderly_pension_001,1.0,POLICY-RUN-8C351476BB,TN-SYN-P-000003875,TN-HH-00003875,True,False,ELIGIBLE_ALL_RULES_PASSED,ELIGIBLE_ALL_RULES_PASSED,R_AGE;R_INCOME,,True,SELECTED,180000.0,2160000.0,2207283.22
TN-SYN-P-000003884,Chennai,02,Urban,68,Male,2,1,3,Self-employed in non-agriculture,Literate,Primary,Employed,Employed,15000.0,8267.0,Other Backward Class,1.0,1.0201184824,1.01962499739,1.01962499739,1.01962499739,TN-HH-00003884,tn_elderly_pension_001,1.0,POLICY-RUN-8C351476BB,TN-SYN-P-000003884,TN-HH-00003884,True,False,ELIGIBLE_ALL_RULES_PASSED,ELIGIBLE_ALL_RULES_PASSED,R_AGE;R_INCOME,,True,SELECTED,180000.0,2160000.0,2202389.99
TN-SYN-P-000003895,Thoothukudi,26,Urban,70,Male,2,1,2,Others,Literate,Below Primary,Not in labour force,Not in labour force,0.0,3517.0,Scheduled Caste,1.0,0.851932945387,0.851540661655,0.851540661655,0.851540661655,TN-HH-00003895,tn_elderly_pension_001,1.0,POLICY-RUN-8C351476BB,TN-SYN-P-000003895,TN-HH-00003895,True,False,ELIGIBLE_ALL_RULES_PASSED,ELIGIBLE_ALL_RULES_PASSED,R_AGE;R_INCOME,,True,SELECTED,180000.0,2160000.0,1839327.83
TN-SYN-P-000003897,Viluppuram,06,Rural,73,Female,3,1,1,Others,Illiterate,Not literate,Not in labour force,Not in labour force,0.0,1933.0,Scheduled Caste,1.0,0.88208608392,0.881675656319,0.881675656319,0.881675656319,TN-HH-00003897,tn_elderly_pension_001,1.0,POLICY-RUN-8C351476BB,TN-SYN-P-000003897,TN-HH-00003897,True,False,ELIGIBLE_ALL_RULES_PASSED,ELIGIBLE_ALL_RULES_PASSED,R_AGE;R_INCOME,,True,SELECTED,180000.0,2160000.0,1904419.42
TN-SYN-P-000003898,Tirupathur,36,Rural,80,Male,2,1,6,Self-employed in non-agriculture,Illiterate,Not literate,Not in labour force,Not in labour force,0.0,11478.0,Other Backward Class,1.0,1.05388257177,1.0533687701,1.0533687701,1.0533687701,TN-HH-00003898,tn_elderly_pension_001,1.0,POLICY-RUN-8C351476BB,TN-SYN-P-000003898,TN-HH-00003898,True,False,ELIGIBLE_ALL_RULES_PASSED,ELIGIBLE_ALL_RULES_PASSED,R_AGE;R_INCOME,,True,SELECTED,180000.0,2160000.0,2275276.54
TN-SYN-P-000003899,Virudhunagar,24,Rural,61,Female,3,1,1,Others,Illiterate,Not literate,Not in labour force,Not in labour force,0.0,5165.0,Other Backward Class,1.0,1.05622434506,1.05570913428,1.05570913428,1.05570913428,TN-HH-00003899,tn_elderly_pension_001,1.0,POLICY-RUN-8C351476BB,TN-SYN-P-000003899,TN-HH-00003899,True,False,ELIGIBLE_ALL_RULES_PASSED,ELIGIBLE_ALL_RULES_PASSED,R_AGE;R_INCOME,,True,SELECTED,180000.0,2160000.0,2280331.73
TN-SYN-P-000003905,Chennai,02,Urban,60,Male,2,1,3,Self-employed in non-agriculture,Literate,Diploma/Certificate,Employed,Employed,21500.0,22053.0,Other Backward Class,1.0,1.0201184824,1.01962499739,1.01962499739,1.01962499739,TN-HH-00003905,tn_elderly_pension_001,1.0,POLICY-RUN-8C351476BB,TN-SYN-P-000003905,TN-HH-00003905,True,False,ELIGIBLE_ALL_RULES_PASSED,ELIGIBLE_ALL_RULES_PASSED,R_AGE;R_INCOME,,True,SELECTED,180000.0,2160000.0,2202389.99
TN-SYN-P-000003911,Thoothukudi,26,Urban,65,Male,2,1,3,Self-employed in non-agriculture,Illiterate,Not literate,Employed,Employed,0.0,8990.0,Scheduled Tribe,1.0,1.15969716863,1.15911969576,1.15911969576,1.15911969576,TN-HH-00003911,tn_elderly_pension_001,1.0,POLICY-RUN-8C351476BB,TN-SYN-P-000003911,TN-HH-00003911,True,False,ELIGIBLE_ALL_RULES_PASSED,ELIGIBLE_ALL_RULES_PASSED,R_AGE;R_INCOME,,True,SELECTED,180000.0,2160000.0,2503698.54
TN-SYN-P-000003915,Thoothukudi,26,Urban,61,Female,2,2,2,Others,Illiterate,Not literate,Not in labour force,Not in labour force,0.0,8025.0,Other Backward Class,1.0,1.0223852304,1.02189038143,1.02189038143,1.02189038143,TN-HH-00003915,tn_elderly_pension_001,1.0,POLICY-RUN-8C351476BB,TN-SYN-P-000003915,TN-HH-00003915,True,False,ELIGIBLE_ALL_RULES_PASSED,ELIGIBLE_ALL_RULES_PASSED,R_AGE;R_INCOME,,True,SELECTED,180000.0,2160000.0,2207283.22
TN-SYN-P-000003919,Ariyalur,15,Rural,65,Female,3,1,1,Casual labour in agriculture,Illiterate,Not literate,Employed,Employed,0.0,5325.0,Scheduled Caste,1.0,0.88208608392,0.881675656319,0.881675656319,0.881675656319,TN-HH-00003919,tn_elderly_pension_001,1.0,POLICY-RUN-8C351476BB,TN-SYN-P-000003919,TN-HH-00003919,True,False,ELIGIBLE_ALL_RULES_PASSED,ELIGIBLE_ALL_RULES_PASSED,R_AGE;R_INCOME,,True,SELECTED,180000.0,2160000.0,1904419.42
TN-SYN-P-000003929,Erode,09,Rural,67,Female,3,1,1,Casual labour in agriculture,Illiterate,Not literate,Employed,Employed,0.0,4616.0,Other Backward Class,1.0,1.05622434506,1.05570913428,1.05570913428,1.05570913428,TN-HH-00003929,tn_elderly_pension_001,1.0,POLICY-RUN-8C351476BB,TN-SYN-P-000003929,TN-HH-00003929,True,False,ELIGIBLE_ALL_RULES_PASSED,ELIGIBLE_ALL_RULES_PASSED,R_AGE;R_INCOME,,True,SELECTED,180000.0,2160000.0,2280331.73
TN-SYN-P-000003932,Ramanathapuram,25,Rural,70,Male,2,1,4,Self-employed in agriculture,Illiterate,Not literate,Not in labour force,Not in labour force,0.0,9750.0,Other Backward Class,1.0,1.05388257177,1.0533687701,1.0533687701,1.0533687701,TN-HH-00003932,tn_elderly_pension_001,1.0,POLICY-RUN-8C351476BB,TN-SYN-P-000003932,TN-HH-00003932,True,False,ELIGIBLE_ALL_RULES_PASSED,ELIGIBLE_ALL_RULES_PASSED,R_AGE;R_INCOME,,True,SELECTED,180000.0,2160000.0,2275276.54
TN-SYN-P-000003947,Thiruvallur,01,Urban,63,Male,2,1,6,Self-employed in agriculture,Illiterate,Not literate,Employed,Employed,0.0,17620.0,Other Backward Class,1.0,1.0201184824,1.01962499739,1.01962499739,1.01962499739,TN-HH-00003947,tn_elderly_pension_001,1.0,POLICY-RUN-8C351476BB,TN-SYN-P-000003947,TN-HH-00003947,True,False,ELIGIBLE_ALL_RULES_PASSED,ELIGIBLE_ALL_RULES_PASSED,R_AGE;R_INCOME,,True,SELECTED,180000.0,2160000.0,2202389.99
TN-SYN-P-000003949,Thiruvallur,01,Urban,62,Male,2,1,5,Self-employed in agriculture,Literate,Primary,Not in labour force,Not in labour force,0.0,21500.0,Other Backward Class,1.0,1.0201184824,1.01962499739,1.01962499739,1.01962499739,TN-HH-00003949,tn_elderly_pension_001,1.0,POLICY-RUN-8C351476BB,TN-SYN-P-000003949,TN-HH-00003949,True,False,ELIGIBLE_ALL_RULES_PASSED,ELIGIBLE_ALL_RULES_PASSED,R_AGE;R_INCOME,,True,SELECTED,180000.0,2160000.0,2202389.99
TN-SYN-P-000003957,Sivaganga,21,Rural,69,Female,3,7,3,Casual labour in non-agriculture,Illiterate,Not literate,Not in labour force,Not in labour force,0.0,8517.0,Scheduled Caste,1.0,0.88208608392,0.881675656319,0.881675656319,0.881675656319,TN-HH-00003957,tn_elderly_pension_001,1.0,POLICY-RUN-8C351476BB,TN-SYN-P-000003957,TN-HH-00003957,True,False,ELIGIBLE_ALL_RULES_PASSED,ELIGIBLE_ALL_RULES_PASSED,R_AGE;R_INCOME,,True,SELECTED,180000.0,2160000.0,1904419.42
TN-SYN-P-000003961,Dindigul,11,Urban,60,Female,3,8,5,Self-employed in non-agriculture,Illiterate,Not literate,Not in labour force,Not in labour force,0.0,17210.0,Other Backward Class,1.0,1.0223852304,1.02189038143,1.02189038143,1.02189038143,TN-HH-00003961,tn_elderly_pension_001,1.0,POLICY-RUN-8C351476BB,TN-SYN-P-000003961,TN-HH-00003961,True,False,ELIGIBLE_ALL_RULES_PASSED,ELIGIBLE_ALL_RULES_PASSED,R_AGE;R_INCOME,,True,SELECTED,180000.0,2160000.0,2207283.22
TN-SYN-P-000003970,Tenkasi,33,Urban,73,Male,3,1,1,Others,Literate,Primary,Not in labour force,Not in labour force,0.0,9805.0,Scheduled Caste,1.0,0.851932945387,0.851540661655,0.851540661655,0.851540661655,TN-HH-00003970,tn_elderly_pension_001,1.0,POLICY-RUN-8C351476BB,TN-SYN-P-000003970,TN-HH-00003970,True,False,ELIGIBLE_ALL_RULES_PASSED,ELIGIBLE_ALL_RULES_PASSED,R_AGE;R_INCOME,,True,SELECTED,180000.0,2160000.0,1839327.83
TN-SYN-P-000003971,Chennai,02,Urban,73,Female,3,7,5,Self-employed in non-agriculture,Literate,Below Primary,Not in labour force,Not in labour force,0.0,26250.0,Scheduled Caste,1.0,0.853825977746,0.853432554931,0.853432554931,0.853432554931,TN-HH-00003971,tn_elderly_pension_001,1.0,POLICY-RUN-8C351476BB,TN-SYN-P-000003971,TN-HH-00003971,True,False,ELIGIBLE_ALL_RULES_PASSED,ELIGIBLE_ALL_RULES_PASSED,R_AGE;R_INCOME,,True,SELECTED,180000.0,2160000.0,1843414.32
TN-SYN-P-000003977,Thoothukudi,26,Rural,65,Female,3,8,4,Casual labour in non-agriculture,Illiterate,Not literate,Not in labour force,Not in labour force,0.0,12763.0,Scheduled Caste,1.0,0.88208608392,0.881675656319,0.881675656319,0.881675656319,TN-HH-00003977,tn_elderly_pension_001,1.0,POLICY-RUN-8C351476BB,TN-SYN-P-000003977,TN-HH-00003977,True,False,ELIGIBLE_ALL_RULES_PASSED,ELIGIBLE_ALL_RULES_PASSED,R_AGE;R_INCOME,,True,SELECTED,180000.0,2160000.0,1904419.42
TN-SYN-P-000003979,Thiruvallur,01,Urban,75,Male,2,1,3,Others,Literate,Diploma/Certificate,Not in labour force,Not in labour force,0.0,32125.0,Other Backward Class,1.0,1.0201184824,1.01962499739,1.01962499739,1.01962499739,TN-HH-00003979,tn_elderly_pension_001,1.0,POLICY-RUN-8C351476BB,TN-SYN-P-000003979,TN-HH-00003979,True,False,ELIGIBLE_ALL_RULES_PASSED,ELIGIBLE_ALL_RULES_PASSED,R_AGE;R_INCOME,,True,SELECTED,180000.0,2160000.0,2202389.99
TN-SYN-P-000003981,Tiruvannamalai,05,Urban,75,Female,3,1,1,Others,Illiterate,Not literate,Not in labour force,Not in labour force,0.0,1970.0,Other Backward Class,1.0,1.0223852304,1.02189038143,1.02189038143,1.02189038143,TN-HH-00003981,tn_elderly_pension_001,1.0,POLICY-RUN-8C351476BB,TN-SYN-P-000003981,TN-HH-00003981,True,False,ELIGIBLE_ALL_RULES_PASSED,ELIGIBLE_ALL_RULES_PASSED,R_AGE;R_INCOME,,True,SELECTED,180000.0,2160000.0,2207283.22
TN-SYN-P-000003982,Chennai,02,Urban,69,Male,2,1,2,Others,Literate,Primary,Not in labour force,Not in labour force,0.0,15597.0,Others,1.0,1.0201184824,1.01962499739,1.01962499739,1.01962499739,TN-HH-00003982,tn_elderly_pension_001,1.0,POLICY-RUN-8C351476BB,TN-SYN-P-000003982,TN-HH-00003982,True,False,ELIGIBLE_ALL_RULES_PASSED,ELIGIBLE_ALL_RULES_PASSED,R_AGE;R_INCOME,,True,SELECTED,180000.0,2160000.0,2202389.99
TN-SYN-P-000003985,Chennai,02,Urban,68,Male,2,1,3,Self-employed in non-agriculture,Literate,Primary,Employed,Employed,15000.0,8267.0,Other Backward Class,1.0,1.0201184824,1.01962499739,1.01962499739,1.01962499739,TN-HH-00003985,tn_elderly_pension_001,1.0,POLICY-RUN-8C351476BB,TN-SYN-P-000003985,TN-HH-00003985,True,False,ELIGIBLE_ALL_RULES_PASSED,ELIGIBLE_ALL_RULES_PASSED,R_AGE;R_INCOME,,True,SELECTED,180000.0,2160000.0,2202389.99
TN-SYN-P-000003989,Sivaganga,21,Urban,67,Male,2,1,2,Others,Literate,Below Primary,Not in labour force,Not in labour force,0.0,8808.0,Other Backward Class,1.0,1.0201184824,1.01962499739,1.01962499739,1.01962499739,TN-HH-00003989,tn_elderly_pension_001,1.0,POLICY-RUN-8C351476BB,TN-SYN-P-000003989,TN-HH-00003989,True,False,ELIGIBLE_ALL_RULES_PASSED,ELIGIBLE_ALL_RULES_PASSED,R_AGE;R_INCOME,,True,SELECTED,180000.0,2160000.0,2202389.99
TN-SYN-P-000003991,Tiruvannamalai,05,Rural,75,Male,2,1,3,Self-employed in non-agriculture,Illiterate,Not literate,Not in labour force,Not in labour force,0.0,3475.0,Other Backward Class,1.0,1.05388257177,1.0533687701,1.0533687701,1.0533687701,TN-HH-00003991,tn_elderly_pension_001,1.0,POLICY-RUN-8C351476BB,TN-SYN-P-000003991,TN-HH-00003991,True,False,ELIGIBLE_ALL_RULES_PASSED,ELIGIBLE_ALL_RULES_PASSED,R_AGE;R_INCOME,,True,SELECTED,180000.0,2160000.0,2275276.54
TN-SYN-P-000003993,Salem,07,Rural,71,Female,3,7,6,Casual labour in non-agriculture,Illiterate,Not literate,Not in labour force,Not in labour force,0.0,9942.0,Other Backward Class,1.0,1.05622434506,1.05570913428,1.05570913428,1.05570913428,TN-HH-00003993,tn_elderly_pension_001,1.0,POLICY-RUN-8C351476BB,TN-SYN-P-000003993,TN-HH-00003993,True,False,ELIGIBLE_ALL_RULES_PASSED,ELIGIBLE_ALL_RULES_PASSED,R_AGE;R_INCOME,,True,SELECTED,180000.0,2160000.0,2280331.73
TN-SYN-P-000003994,Viluppuram,06,Rural,79,Female,3,1,1,Casual labour in non-agriculture,Illiterate,Not literate,Not in labour force,Not in labour force,0.0,2650.0,Other Backward Class,1.0,1.05622434506,1.05570913428,1.05570913428,1.05570913428,TN-HH-00003994,tn_elderly_pension_001,1.0,POLICY-RUN-8C351476BB,TN-SYN-P-000003994,TN-HH-00003994,True,False,ELIGIBLE_ALL_RULES_PASSED,ELIGIBLE_ALL_RULES_PASSED,R_AGE;R_INCOME,,True,SELECTED,180000.0,2160000.0,2280331.73
TN-SYN-P-000003995,Chennai,02,Urban,80,Male,2,1,2,Others,Literate,Primary,Not in labour force,Not in labour force,0.0,5217.0,Other Backward Class,1.0,1.0201184824,1.01962499739,1.01962499739,1.01962499739,TN-HH-00003995,tn_elderly_pension_001,1.0,POLICY-RUN-8C351476BB,TN-SYN-P-000003995,TN-HH-00003995,True,False,ELIGIBLE_ALL_RULES_PASSED,ELIGIBLE_ALL_RULES_PASSED,R_AGE;R_INCOME,,True,SELECTED,180000.0,2160000.0,2202389.99
TN-SYN-P-000003999,Dindigul,11,Rural,64,Female,2,2,2,Others,Illiterate,Not literate,Not in labour force,Not in labour force,0.0,2846.0,Scheduled Caste,1.0,0.88208608392,0.881675656319,0.881675656319,0.881675656319,TN-HH-00003999,tn_elderly_pension_001,1.0,POLICY-RUN-8C351476BB,TN-SYN-P-000003999,TN-HH-00003999,True,False,ELIGIBLE_ALL_RULES_PASSED,ELIGIBLE_ALL_RULES_PASSED,R_AGE;R_INCOME,,True,SELECTED,180000.0,2160000.0,1904419.42
TN-SYN-P-000004002,Thanjavur,19,Urban,62,Female,3,1,1,Others,Illiterate,Not literate,Not in labour force,Not in labour force,0.0,5141.0,Other Backward Class,1.0,1.0223852304,1.02189038143,1.02189038143,1.02189038143,TN-HH-00004002,tn_elderly_pension_001,1.0,POLICY-RUN-8C351476BB,TN-SYN-P-000004002,TN-HH-00004002,True,False,ELIGIBLE_ALL_RULES_PASSED,ELIGIBLE_ALL_RULES_PASSED,R_AGE;R_INCOME,,True,SELECTED,180000.0,2160000.0,2207283.22
TN-SYN-P-000004008,Madurai,22,Rural,62,Female,2,2,5,Casual labour in agriculture,Illiterate,Not literate,Not in labour force,Not in labour force,0.0,13608.0,Scheduled Caste,1.0,0.88208608392,0.881675656319,0.881675656319,0.881675656319,TN-HH-00004008,tn_elderly_pension_001,1.0,POLICY-RUN-8C351476BB,TN-SYN-P-000004008,TN-HH-00004008,True,False,ELIGIBLE_ALL_RULES_PASSED,ELIGIBLE_ALL_RULES_PASSED,R_AGE;R_INCOME,,True,SELECTED,180000.0,2160000.0,1904419.42
TN-SYN-P-000004011,Mayiladuthurai,38,Rural,61,Female,2,2,2,Self-employed in agriculture,Literate,Secondary,Not in labour force,Not in labour force,0.0,18601.0,Other Backward Class,1.0,1.05622434506,1.05570913428,1.05570913428,1.05570913428,TN-HH-00004011,tn_elderly_pension_001,1.0,POLICY-RUN-8C351476BB,TN-SYN-P-000004011,TN-HH-00004011,True,False,ELIGIBLE_ALL_RULES_PASSED,ELIGIBLE_ALL_RULES_PASSED,R_AGE;R_INCOME,,True,SELECTED,180000.0,2160000.0,2280331.73
TN-SYN-P-000004020,Kanniyakumari,28,Urban,67,Male,2,1,5,Self-employed in non-agriculture,Literate,Diploma/Certificate,Not in labour force,Not in labour force,0.0,22202.0,Other Backward Class,1.0,1.0201184824,1.01962499739,1.01962499739,1.01962499739,TN-HH-00004020,tn_elderly_pension_001,1.0,POLICY-RUN-8C351476BB,TN-SYN-P-000004020,TN-HH-00004020,True,False,ELIGIBLE_ALL_RULES_PASSED,ELIGIBLE_ALL_RULES_PASSED,R_AGE;R_INCOME,,True,SELECTED,180000.0,2160000.0,2202389.99
TN-SYN-P-000004021,Namakkal,08,Rural,66,Male,2,1,2,Casual labour in agriculture,Illiterate,Not literate,Employed,Employed,0.0,3267.0,Scheduled Caste,1.0,0.88013039559,0.879721144774,0.879721144774,0.879721144774,TN-HH-00004021,tn_elderly_pension_001,1.0,POLICY-RUN-8C351476BB,TN-SYN-P-000004021,TN-HH-00004021,True,False,ELIGIBLE_ALL_RULES_PASSED,ELIGIBLE_ALL_RULES_PASSED,R_AGE;R_INCOME,,True,SELECTED,180000.0,2160000.0,1900197.67
TN-SYN-P-000004022,Ramanathapuram,25,Rural,72,Male,3,7,6,Self-employed in non-agriculture,Illiterate,Not literate,Not in labour force,Not in labour force,0.0,15753.0,Other Backward Class,1.0,1.05388257177,1.0533687701,1.0533687701,1.0533687701,TN-HH-00004022,tn_elderly_pension_001,1.0,POLICY-RUN-8C351476BB,TN-SYN-P-000004022,TN-HH-00004022,True,False,ELIGIBLE_ALL_RULES_PASSED,ELIGIBLE_ALL_RULES_PASSED,R_AGE;R_INCOME,,True,SELECTED,180000.0,2160000.0,2275276.54
TN-SYN-P-000004023,Salem,07,Urban,70,Male,2,1,2,Regular wage/salary earning,Illiterate,Not literate,Employed,Employed,0.0,6692.0,Scheduled Caste,1.0,0.851932945387,0.851540661655,0.851540661655,0.851540661655,TN-HH-00004023,tn_elderly_pension_001,1.0,POLICY-RUN-8C351476BB,TN-SYN-P-000004023,TN-HH-00004023,True,False,ELIGIBLE_ALL_RULES_PASSED,ELIGIBLE_ALL_RULES_PASSED,R_AGE;R_INCOME,,True,SELECTED,180000.0,2160000.0,1839327.83
TN-SYN-P-000004025,Pudukkottai,20,Rural,64,Female,2,7,5,Regular wage/salary earning,Literate,Secondary,Not in labour force,Not in labour force,0.0,8831.0,Other Backward Class,1.0,1.05622434506,1.05570913428,1.05570913428,1.05570913428,TN-HH-00004025,tn_elderly_pension_001,1.0,POLICY-RUN-8C351476BB,TN-SYN-P-000004025,TN-HH-00004025,True,False,ELIGIBLE_ALL_RULES_PASSED,ELIGIBLE_ALL_RULES_PASSED,R_AGE;R_INCOME,,True,SELECTED,180000.0,2160000.0,2280331.73
TN-SYN-P-000004035,Erode,09,Urban,92,Female,2,7,4,Self-employed in non-agriculture,Illiterate,Not literate,Not in labour force,Not in labour force,0.0,15732.0,Other Backward Class,1.0,1.0223852304,1.02189038143,1.02189038143,1.02189038143,TN-HH-00004035,tn_elderly_pension_001,1.0,POLICY-RUN-8C351476BB,TN-SYN-P-000004035,TN-HH-00004035,True,False,ELIGIBLE_ALL_RULES_PASSED,ELIGIBLE_ALL_RULES_PASSED,R_AGE;R_INCOME,,True,SELECTED,180000.0,2160000.0,2207283.22
TN-SYN-P-000004046,Sivaganga,21,Rural,68,Female,3,1,6,Others,Literate,Below Primary,Not in labour force,Not in labour force,0.0,19033.0,Other Backward Class,1.0,1.05622434506,1.05570913428,1.05570913428,1.05570913428,TN-HH-00004046,tn_elderly_pension_001,1.0,POLICY-RUN-8C351476BB,TN-SYN-P-000004046,TN-HH-00004046,True,False,ELIGIBLE_ALL_RULES_PASSED,ELIGIBLE_ALL_RULES_PASSED,R_AGE;R_INCOME,,True,SELECTED,180000.0,2160000.0,2280331.73
TN-SYN-P-000004055,Ariyalur,15,Rural,65,Female,3,1,1,Casual labour in agriculture,Illiterate,Not literate,Employed,Employed,0.0,5325.0,Scheduled Caste,1.0,0.88208608392,0.881675656319,0.881675656319,0.881675656319,TN-HH-00004055,tn_elderly_pension_001,1.0,POLICY-RUN-8C351476BB,TN-SYN-P-000004055,TN-HH-00004055,True,False,ELIGIBLE_ALL_RULES_PASSED,ELIGIBLE_ALL_RULES_PASSED,R_AGE;R_INCOME,,True,SELECTED,180000.0,2160000.0,1904419.42
TN-SYN-P-000004058,Thiruvallur,01,Rural,60,Male,3,1,1,Others,Literate,Below Primary,Not in labour force,Not in labour force,0.0,5128.0,Other Backward Class,1.0,1.05388257177,1.0533687701,1.0533687701,1.0533687701,TN-HH-00004058,tn_elderly_pension_001,1.0,POLICY-RUN-8C351476BB,TN-SYN-P-000004058,TN-HH-00004058,True,False,ELIGIBLE_ALL_RULES_PASSED,ELIGIBLE_ALL_RULES_PASSED,R_AGE;R_INCOME,,True,SELECTED,180000.0,2160000.0,2275276.54
TN-SYN-P-000004062,Thanjavur,19,Urban,65,Female,3,7,5,Self-employed in agriculture,Illiterate,Not literate,Not in labour force,Not in labour force,0.0,40509.0,Other Backward Class,1.0,1.0223852304,1.02189038143,1.02189038143,1.02189038143,TN-HH-00004062,tn_elderly_pension_001,1.0,POLICY-RUN-8C351476BB,TN-SYN-P-000004062,TN-HH-00004062,True,False,ELIGIBLE_ALL_RULES_PASSED,ELIGIBLE_ALL_RULES_PASSED,R_AGE;R_INCOME,,True,SELECTED,180000.0,2160000.0,2207283.22
TN-SYN-P-000004065,Chennai,02,Urban,66,Male,2,1,2,Regular wage/salary earning,Literate,Below Primary,Employed,Employed,0.0,7483.0,Other Backward Class,1.0,1.0201184824,1.01962499739,1.01962499739,1.01962499739,TN-HH-00004065,tn_elderly_pension_001,1.0,POLICY-RUN-8C351476BB,TN-SYN-P-000004065,TN-HH-00004065,True,False,ELIGIBLE_ALL_RULES_PASSED,ELIGIBLE_ALL_RULES_PASSED,R_AGE;R_INCOME,,True,SELECTED,180000.0,2160000.0,2202389.99
TN-SYN-P-000004067,Coimbatore,31,Rural,75,Female,3,7,3,Casual labour in agriculture,Illiterate,Not literate,Not in labour force,Not in labour force,0.0,5858.0,Scheduled Caste,1.0,0.88208608392,0.881675656319,0.881675656319,0.881675656319,TN-HH-00004067,tn_elderly_pension_001,1.0,POLICY-RUN-8C351476BB,TN-SYN-P-000004067,TN-HH-00004067,True,False,ELIGIBLE_ALL_RULES_PASSED,ELIGIBLE_ALL_RULES_PASSED,R_AGE;R_INCOME,,True,SELECTED,180000.0,2160000.0,1904419.42
TN-SYN-P-000004077,Tenkasi,33,Urban,60,Male,2,1,3,Self-employed in non-agriculture,Literate,Diploma/Certificate,Not in labour force,Not in labour force,0.0,26728.0,Other Backward Class,1.0,1.0201184824,1.01962499739,1.01962499739,1.01962499739,TN-HH-00004077,tn_elderly_pension_001,1.0,POLICY-RUN-8C351476BB,TN-SYN-P-000004077,TN-HH-00004077,True,False,ELIGIBLE_ALL_RULES_PASSED,ELIGIBLE_ALL_RULES_PASSED,R_AGE;R_INCOME,,True,SELECTED,180000.0,2160000.0,2202389.99
TN-SYN-P-000004087,Virudhunagar,24,Urban,80,Female,3,7,3,Self-employed in agriculture,Illiterate,Not literate,Not in labour force,Not in labour force,0.0,7683.0,Other Backward Class,1.0,1.0223852304,1.02189038143,1.02189038143,1.02189038143,TN-HH-00004087,tn_elderly_pension_001,1.0,POLICY-RUN-8C351476BB,TN-SYN-P-000004087,TN-HH-00004087,True,False,ELIGIBLE_ALL_RULES_PASSED,ELIGIBLE_ALL_RULES_PASSED,R_AGE;R_INCOME,,True,SELECTED,180000.0,2160000.0,2207283.22
TN-SYN-P-000004089,Virudhunagar,24,Rural,73,Female,2,2,2,Casual labour in non-agriculture,Illiterate,Not literate,Employed,Employed,0.0,5503.0,Other Backward Class,1.0,1.05622434506,1.05570913428,1.05570913428,1.05570913428,TN-HH-00004089,tn_elderly_pension_001,1.0,POLICY-RUN-8C351476BB,TN-SYN-P-000004089,TN-HH-00004089,True,False,ELIGIBLE_ALL_RULES_PASSED,ELIGIBLE_ALL_RULES_PASSED,R_AGE;R_INCOME,,True,SELECTED,180000.0,2160000.0,2280331.73
TN-SYN-P-000004099,Cuddalore,16,Rural,69,Female,3,7,5,Casual labour in agriculture,Illiterate,Not literate,Not in labour force,Not in labour force,0.0,8392.0,Scheduled Caste,1.0,0.88208608392,0.881675656319,0.881675656319,0.881675656319,TN-HH-00004099,tn_elderly_pension_001,1.0,POLICY-RUN-8C351476BB,TN-SYN-P-000004099,TN-HH-00004099,True,False,ELIGIBLE_ALL_RULES_PASSED,ELIGIBLE_ALL_RULES_PASSED,R_AGE;R_INCOME,,True,SELECTED,180000.0,2160000.0,1904419.42
TN-SYN-P-000004106,Chennai,02,Urban,83,Male,2,1,4,Self-employed in non-agriculture,Literate,Diploma/Certificate,Not in labour force,Not in labour force,0.0,51667.0,Others,1.0,1.0201184824,1.01962499739,1.01962499739,1.01962499739,TN-HH-00004106,tn_elderly_pension_001,1.0,POLICY-RUN-8C351476BB,TN-SYN-P-000004106,TN-HH-00004106,True,False,ELIGIBLE_ALL_RULES_PASSED,ELIGIBLE_ALL_RULES_PASSED,R_AGE;R_INCOME,,True,SELECTED,180000.0,2160000.0,2202389.99
TN-SYN-P-000004122,Vellore,04,Rural,60,Female,3,7,6,Self-employed in agriculture,Illiterate,Not literate,Employed,Employed,0.0,12988.0,Other Backward Class,1.0,1.05622434506,1.05570913428,1.05570913428,1.05570913428,TN-HH-00004122,tn_elderly_pension_001,1.0,POLICY-RUN-8C351476BB,TN-SYN-P-000004122,TN-HH-00004122,True,False,ELIGIBLE_ALL_RULES_PASSED,ELIGIBLE_ALL_RULES_PASSED,R_AGE;R_INCOME,,True,SELECTED,180000.0,2160000.0,2280331.73
TN-SYN-P-000004133,Namakkal,08,Rural,60,Male,2,1,2,Self-employed in non-agriculture,Literate,Below Primary,Employed,Employed,0.0,11229.0,Other Backward Class,1.0,1.05388257177,1.0533687701,1.0533687701,1.0533687701,TN-HH-00004133,tn_elderly_pension_001,1.0,POLICY-RUN-8C351476BB,TN-SYN-P-000004133,TN-HH-00004133,True,False,ELIGIBLE_ALL_RULES_PASSED,ELIGIBLE_ALL_RULES_PASSED,R_AGE;R_INCOME,,True,SELECTED,180000.0,2160000.0,2275276.54
TN-SYN-P-000004137,Thanjavur,19,Rural,68,Male,2,1,2,Self-employed in agriculture,Literate,Middle,Employed,Employed,0.0,7624.0,Other Backward Class,1.0,1.05388257177,1.0533687701,1.0533687701,1.0533687701,TN-HH-00004137,tn_elderly_pension_001,1.0,POLICY-RUN-8C351476BB,TN-SYN-P-000004137,TN-HH-00004137,True,False,ELIGIBLE_ALL_RULES_PASSED,ELIGIBLE_ALL_RULES_PASSED,R_AGE;R_INCOME,,True,SELECTED,180000.0,2160000.0,2275276.54
TN-SYN-P-000004141,Salem,07,Urban,74,Female,2,2,2,Others,Illiterate,Not literate,Not in labour force,Not in labour force,0.0,13242.0,Other Backward Class,1.0,1.0223852304,1.02189038143,1.02189038143,1.02189038143,TN-HH-00004141,tn_elderly_pension_001,1.0,POLICY-RUN-8C351476BB,TN-SYN-P-000004141,TN-HH-00004141,True,False,ELIGIBLE_ALL_RULES_PASSED,ELIGIBLE_ALL_RULES_PASSED,R_AGE;R_INCOME,,True,SELECTED,180000.0,2160000.0,2207283.22
TN-SYN-P-000004143,Namakkal,08,Urban,63,Male,2,1,2,Self-employed in agriculture,Literate,Secondary,Employed,Employed,0.0,5400.0,Other Backward Class,1.0,1.0201184824,1.01962499739,1.01962499739,1.01962499739,TN-HH-00004143,tn_elderly_pension_001,1.0,POLICY-RUN-8C351476BB,TN-SYN-P-000004143,TN-HH-00004143,True,False,ELIGIBLE_ALL_RULES_PASSED,ELIGIBLE_ALL_RULES_PASSED,R_AGE;R_INCOME,,True,SELECTED,180000.0,2160000.0,2202389.99
TN-SYN-P-000004146,Cuddalore,16,Urban,71,Male,2,1,2,Others,Literate,Middle,Not in labour force,Not in labour force,0.0,4917.0,Other Backward Class,1.0,1.0201184824,1.01962499739,1.01962499739,1.01962499739,TN-HH-00004146,tn_elderly_pension_001,1.0,POLICY-RUN-8C351476BB,TN-SYN-P-000004146,TN-HH-00004146,True,False,ELIGIBLE_ALL_RULES_PASSED,ELIGIBLE_ALL_RULES_PASSED,R_AGE;R_INCOME,,True,SELECTED,180000.0,2160000.0,2202389.99
TN-SYN-P-000004157,Mayiladuthurai,38,Rural,66,Male,2,1,7,Self-employed in non-agriculture,Literate,Secondary,Not in labour force,Not in labour force,0.0,27109.0,Other Backward Class,1.0,1.05388257177,1.0533687701,1.0533687701,1.0533687701,TN-HH-00004157,tn_elderly_pension_001,1.0,POLICY-RUN-8C351476BB,TN-SYN-P-000004157,TN-HH-00004157,True,False,ELIGIBLE_ALL_RULES_PASSED,ELIGIBLE_ALL_RULES_PASSED,R_AGE;R_INCOME,,True,SELECTED,180000.0,2160000.0,2275276.54
TN-SYN-P-000004161,Unknown,37,Urban,79,Female,3,1,4,Self-employed in non-agriculture,Illiterate,Not literate,Not in labour force,Not in labour force,0.0,14512.0,Other Backward Class,1.0,1.0223852304,1.02189038143,1.02189038143,1.02189038143,TN-HH-00004161,tn_elderly_pension_001,1.0,POLICY-RUN-8C351476BB,TN-SYN-P-000004161,TN-HH-00004161,True,False,ELIGIBLE_ALL_RULES_PASSED,ELIGIBLE_ALL_RULES_PASSED,R_AGE;R_INCOME,,True,SELECTED,180000.0,2160000.0,2207283.22
TN-SYN-P-000004163,Karur,12,Rural,64,Female,3,1,1,Casual labour in agriculture,Illiterate,Not literate,Employed,Employed,0.0,3622.0,Other Backward Class,1.0,1.05622434506,1.05570913428,1.05570913428,1.05570913428,TN-HH-00004163,tn_elderly_pension_001,1.0,POLICY-RUN-8C351476BB,TN-SYN-P-000004163,TN-HH-00004163,True,False,ELIGIBLE_ALL_RULES_PASSED,ELIGIBLE_ALL_RULES_PASSED,R_AGE;R_INCOME,,True,SELECTED,180000.0,2160000.0,2280331.73
TN-SYN-P-000004169,Tiruchirappalli,13,Rural,68,Female,3,7,3,Regular wage/salary earning,Illiterate,Not literate,Employed,Employed,0.0,17660.0,Other Backward Class,1.0,1.05622434506,1.05570913428,1.05570913428,1.05570913428,TN-HH-00004169,tn_elderly_pension_001,1.0,POLICY-RUN-8C351476BB,TN-SYN-P-000004169,TN-HH-00004169,True,False,ELIGIBLE_ALL_RULES_PASSED,ELIGIBLE_ALL_RULES_PASSED,R_AGE;R_INCOME,,True,SELECTED,180000.0,2160000.0,2280331.73
TN-SYN-P-000004171,Tenkasi,33,Urban,60,Female,2,2,3,Self-employed in non-agriculture,Literate,Primary,Not in labour force,Not in labour force,0.0,13987.0,Other Backward Class,1.0,1.0223852304,1.02189038143,1.02189038143,1.02189038143,TN-HH-00004171,tn_elderly_pension_001,1.0,POLICY-RUN-8C351476BB,TN-SYN-P-000004171,TN-HH-00004171,True,False,ELIGIBLE_ALL_RULES_PASSED,ELIGIBLE_ALL_RULES_PASSED,R_AGE;R_INCOME,,True,SELECTED,180000.0,2160000.0,2207283.22
TN-SYN-P-000004178,Cuddalore,16,Rural,60,Male,2,1,5,Casual labour in non-agriculture,Literate,Middle,Employed,Employed,0.0,12467.0,Other Backward Class,1.0,1.05388257177,1.0533687701,1.0533687701,1.0533687701,TN-HH-00004178,tn_elderly_pension_001,1.0,POLICY-RUN-8C351476BB,TN-SYN-P-000004178,TN-HH-00004178,True,False,ELIGIBLE_ALL_RULES_PASSED,ELIGIBLE_ALL_RULES_PASSED,R_AGE;R_INCOME,,True,SELECTED,180000.0,2160000.0,2275276.54
TN-SYN-P-000004186,Krishnagiri,30,Rural,78,Female,3,1,1,Others,Illiterate,Not literate,Not in labour force,Not in labour force,0.0,3016.0,Other Backward Class,1.0,1.05622434506,1.05570913428,1.05570913428,1.05570913428,TN-HH-00004186,tn_elderly_pension_001,1.0,POLICY-RUN-8C351476BB,TN-SYN-P-000004186,TN-HH-00004186,True,False,ELIGIBLE_ALL_RULES_PASSED,ELIGIBLE_ALL_RULES_PASSED,R_AGE;R_INCOME,,True,SELECTED,180000.0,2160000.0,2280331.73
TN-SYN-P-000004193,Chennai,02,Urban,85,Male,3,1,4,Self-employed in non-agriculture,Literate,Diploma/Certificate,Not in labour force,Not in labour force,0.0,49333.0,Others,1.0,1.0201184824,1.01962499739,1.01962499739,1.01962499739,TN-HH-00004193,tn_elderly_pension_001,1.0,POLICY-RUN-8C351476BB,TN-SYN-P-000004193,TN-HH-00004193,True,False,ELIGIBLE_ALL_RULES_PASSED,ELIGIBLE_ALL_RULES_PASSED,R_AGE;R_INCOME,,True,SELECTED,180000.0,2160000.0,2202389.99
TN-SYN-P-000004201,Krishnagiri,30,Rural,70,Female,3,7,5,Regular wage/salary earning,Illiterate,Not literate,Not in labour force,Not in labour force,0.0,12335.0,Other Backward Class,1.0,1.05622434506,1.05570913428,1.05570913428,1.05570913428,TN-HH-00004201,tn_elderly_pension_001,1.0,POLICY-RUN-8C351476BB,TN-SYN-P-000004201,TN-HH-00004201,True,False,ELIGIBLE_ALL_RULES_PASSED,ELIGIBLE_ALL_RULES_PASSED,R_AGE;R_INCOME,,True,SELECTED,180000.0,2160000.0,2280331.73
TN-SYN-P-000004209,Tirunelveli,27,Rural,90,Male,3,7,4,Self-employed in non-agriculture,Literate,Primary,Not in labour force,Not in labour force,0.0,16383.0,Other Backward Class,1.0,1.05388257177,1.0533687701,1.0533687701,1.0533687701,TN-HH-00004209,tn_elderly_pension_001,1.0,POLICY-RUN-8C351476BB,TN-SYN-P-000004209,TN-HH-00004209,True,False,ELIGIBLE_ALL_RULES_PASSED,ELIGIBLE_ALL_RULES_PASSED,R_AGE;R_INCOME,,True,SELECTED,180000.0,2160000.0,2275276.54
TN-SYN-P-000004216,Chennai,02,Urban,71,Female,2,2,2,Others,Literate,Below Primary,Not in labour force,Not in labour force,0.0,4233.0,Other Backward Class,1.0,1.0223852304,1.02189038143,1.02189038143,1.02189038143,TN-HH-00004216,tn_elderly_pension_001,1.0,POLICY-RUN-8C351476BB,TN-SYN-P-000004216,TN-HH-00004216,True,False,ELIGIBLE_ALL_RULES_PASSED,ELIGIBLE_ALL_RULES_PASSED,R_AGE;R_INCOME,,True,SELECTED,180000.0,2160000.0,2207283.22
TN-SYN-P-000004218,Kanniyakumari,28,Urban,64,Female,2,2,5,Self-employed in non-agriculture,Literate,Primary,Not in labour force,Not in labour force,0.0,97333.0,Other Backward Class,1.0,1.0223852304,1.02189038143,1.02189038143,1.02189038143,TN-HH-00004218,tn_elderly_pension_001,1.0,POLICY-RUN-8C351476BB,TN-SYN-P-000004218,TN-HH-00004218,True,False,ELIGIBLE_ALL_RULES_PASSED,ELIGIBLE_ALL_RULES_PASSED,R_AGE;R_INCOME,,True,SELECTED,180000.0,2160000.0,2207283.22
TN-SYN-P-000004222,Sivaganga,21,Rural,61,Female,2,7,7,Casual labour in non-agriculture,Illiterate,Not literate,Employed,Employed,0.0,10013.0,Other Backward Class,1.0,1.05622434506,1.05570913428,1.05570913428,1.05570913428,TN-HH-00004222,tn_elderly_pension_001,1.0,POLICY-RUN-8C351476BB,TN-SYN-P-000004222,TN-HH-00004222,True,False,ELIGIBLE_ALL_RULES_PASSED,ELIGIBLE_ALL_RULES_PASSED,R_AGE;R_INCOME,,True,SELECTED,180000.0,2160000.0,2280331.73
TN-SYN-P-000004226,Tiruvannamalai,05,Rural,60,Female,3,7,5,Regular wage/salary earning,Illiterate,Not literate,Employed,Employed,0.0,6785.0,Other Backward Class,1.0,1.05622434506,1.05570913428,1.05570913428,1.05570913428,TN-HH-00004226,tn_elderly_pension_001,1.0,POLICY-RUN-8C351476BB,TN-SYN-P-000004226,TN-HH-00004226,True,False,ELIGIBLE_ALL_RULES_PASSED,ELIGIBLE_ALL_RULES_PASSED,R_AGE;R_INCOME,,True,SELECTED,180000.0,2160000.0,2280331.73
TN-SYN-P-000004228,Thoothukudi,26,Rural,60,Female,2,2,2,Others,Literate,Primary,Not in labour force,Not in labour force,0.0,9242.0,Scheduled Caste,1.0,0.88208608392,0.881675656319,0.881675656319,0.881675656319,TN-HH-00004228,tn_elderly_pension_001,1.0,POLICY-RUN-8C351476BB,TN-SYN-P-000004228,TN-HH-00004228,True,False,ELIGIBLE_ALL_RULES_PASSED,ELIGIBLE_ALL_RULES_PASSED,R_AGE;R_INCOME,,True,SELECTED,180000.0,2160000.0,1904419.42
TN-SYN-P-000004240,Dharmapuri,29,Rural,72,Female,3,1,1,Others,Illiterate,Not literate,Not in labour force,Not in labour force,0.0,4004.0,Other Backward Class,1.0,1.05622434506,1.05570913428,1.05570913428,1.05570913428,TN-HH-00004240,tn_elderly_pension_001,1.0,POLICY-RUN-8C351476BB,TN-SYN-P-000004240,TN-HH-00004240,True,False,ELIGIBLE_ALL_RULES_PASSED,ELIGIBLE_ALL_RULES_PASSED,R_AGE;R_INCOME,,True,SELECTED,180000.0,2160000.0,2280331.73
TN-SYN-P-000004249,Theni,23,Urban,60,Female,3,1,1,Self-employed in non-agriculture,Illiterate,Not literate,Employed,Employed,6000.0,2871.0,Scheduled Caste,1.0,0.853825977746,0.853432554931,0.853432554931,0.853432554931,TN-HH-00004249,tn_elderly_pension_001,1.0,POLICY-RUN-8C351476BB,TN-SYN-P-000004249,TN-HH-00004249,True,False,ELIGIBLE_ALL_RULES_PASSED,ELIGIBLE_ALL_RULES_PASSED,R_AGE;R_INCOME,,True,SELECTED,180000.0,2160000.0,1843414.32
TN-SYN-P-000004250,Ramanathapuram,25,Rural,75,Female,2,2,2,Others,Illiterate,Not literate,Not in labour force,Not in labour force,0.0,8942.0,Other Backward Class,1.0,1.05622434506,1.05570913428,1.05570913428,1.05570913428,TN-HH-00004250,tn_elderly_pension_001,1.0,POLICY-RUN-8C351476BB,TN-SYN-P-000004250,TN-HH-00004250,True,False,ELIGIBLE_ALL_RULES_PASSED,ELIGIBLE_ALL_RULES_PASSED,R_AGE;R_INCOME,,True,SELECTED,180000.0,2160000.0,2280331.73
TN-SYN-P-000004252,Salem,07,Urban,63,Male,2,7,7,Self-employed in non-agriculture,Illiterate,Not literate,Employed,Employed,12000.0,22933.0,Other Backward Class,1.0,1.0201184824,1.01962499739,1.01962499739,1.01962499739,TN-HH-00004252,tn_elderly_pension_001,1.0,POLICY-RUN-8C351476BB,TN-SYN-P-000004252,TN-HH-00004252,True,False,ELIGIBLE_ALL_RULES_PASSED,ELIGIBLE_ALL_RULES_PASSED,R_AGE;R_INCOME,,True,SELECTED,180000.0,2160000.0,2202389.99
TN-SYN-P-000004254,Thiruvallur,01,Rural,67,Female,3,8,2,Others,Illiterate,Not literate,Not in labour force,Not in labour force,0.0,5250.0,Other Backward Class,1.0,1.05622434506,1.05570913428,1.05570913428,1.05570913428,TN-HH-00004254,tn_elderly_pension_001,1.0,POLICY-RUN-8C351476BB,TN-SYN-P-000004254,TN-HH-00004254,True,False,ELIGIBLE_ALL_RULES_PASSED,ELIGIBLE_ALL_RULES_PASSED,R_AGE;R_INCOME,,True,SELECTED,180000.0,2160000.0,2280331.73
TN-SYN-P-000004258,Kanniyakumari,28,Urban,63,Male,2,1,3,Self-employed in non-agriculture,Literate,Middle,Employed,Employed,10000.0,9910.0,Others,1.0,1.0201184824,1.01962499739,1.01962499739,1.01962499739,TN-HH-00004258,tn_elderly_pension_001,1.0,POLICY-RUN-8C351476BB,TN-SYN-P-000004258,TN-HH-00004258,True,False,ELIGIBLE_ALL_RULES_PASSED,ELIGIBLE_ALL_RULES_PASSED,R_AGE;R_INCOME,,True,SELECTED,180000.0,2160000.0,2202389.99
TN-SYN-P-000004263,Erode,09,Rural,60,Male,2,1,4,Casual labour in agriculture,Illiterate,Not literate,Employed,Employed,0.0,14127.0,Scheduled Caste,1.0,0.88013039559,0.879721144774,0.879721144774,0.879721144774,TN-HH-00004263,tn_elderly_pension_001,1.0,POLICY-RUN-8C351476BB,TN-SYN-P-000004263,TN-HH-00004263,True,False,ELIGIBLE_ALL_RULES_PASSED,ELIGIBLE_ALL_RULES_PASSED,R_AGE;R_INCOME,,True,SELECTED,180000.0,2160000.0,1900197.67
TN-SYN-P-000004285,Ariyalur,15,Rural,67,Female,2,2,2,Self-employed in agriculture,Literate,Below Primary,Employed,Employed,0.0,6670.0,Other Backward Class,1.0,1.05622434506,1.05570913428,1.05570913428,1.05570913428,TN-HH-00004285,tn_elderly_pension_001,1.0,POLICY-RUN-8C351476BB,TN-SYN-P-000004285,TN-HH-00004285,True,False,ELIGIBLE_ALL_RULES_PASSED,ELIGIBLE_ALL_RULES_PASSED,R_AGE;R_INCOME,,True,SELECTED,180000.0,2160000.0,2280331.73
TN-SYN-P-000004286,Thoothukudi,26,Rural,75,Female,3,1,1,Others,Illiterate,Not literate,Not in labour force,Not in labour force,0.0,3130.0,Other Backward Class,1.0,1.05622434506,1.05570913428,1.05570913428,1.05570913428,TN-HH-00004286,tn_elderly_pension_001,1.0,POLICY-RUN-8C351476BB,TN-SYN-P-000004286,TN-HH-00004286,True,False,ELIGIBLE_ALL_RULES_PASSED,ELIGIBLE_ALL_RULES_PASSED,R_AGE;R_INCOME,,True,SELECTED,180000.0,2160000.0,2280331.73
TN-SYN-P-000004290,Salem,07,Urban,60,Female,2,2,6,Self-employed in agriculture,Illiterate,Not literate,Employed,Employed,0.0,14650.0,Other Backward Class,1.0,1.0223852304,1.02189038143,1.02189038143,1.02189038143,TN-HH-00004290,tn_elderly_pension_001,1.0,POLICY-RUN-8C351476BB,TN-SYN-P-000004290,TN-HH-00004290,True,False,ELIGIBLE_ALL_RULES_PASSED,ELIGIBLE_ALL_RULES_PASSED,R_AGE;R_INCOME,,True,SELECTED,180000.0,2160000.0,2207283.22
TN-SYN-P-000004320,Virudhunagar,24,Urban,61,Female,2,2,4,Others,Literate,Middle,Not in labour force,Not in labour force,0.0,16750.0,Other Backward Class,1.0,1.0223852304,1.02189038143,1.02189038143,1.02189038143,TN-HH-00004320,tn_elderly_pension_001,1.0,POLICY-RUN-8C351476BB,TN-SYN-P-000004320,TN-HH-00004320,True,False,ELIGIBLE_ALL_RULES_PASSED,ELIGIBLE_ALL_RULES_PASSED,R_AGE;R_INCOME,,True,SELECTED,180000.0,2160000.0,2207283.22
TN-SYN-P-000004321,Kancheepuram,03,Urban,61,Male,2,1,5,Self-employed in non-agriculture,Literate,Higher Secondary,Employed,Employed,0.0,21875.0,Other Backward Class,1.0,1.0201184824,1.01962499739,1.01962499739,1.01962499739,TN-HH-00004321,tn_elderly_pension_001,1.0,POLICY-RUN-8C351476BB,TN-SYN-P-000004321,TN-HH-00004321,True,False,ELIGIBLE_ALL_RULES_PASSED,ELIGIBLE_ALL_RULES_PASSED,R_AGE;R_INCOME,,True,SELECTED,180000.0,2160000.0,2202389.99
TN-SYN-P-000004328,Theni,23,Rural,65,Male,2,1,2,Others,Literate,Below Primary,Not in labour force,Not in labour force,0.0,5162.0,Other Backward Class,1.0,1.05388257177,1.0533687701,1.0533687701,1.0533687701,TN-HH-00004328,tn_elderly_pension_001,1.0,POLICY-RUN-8C351476BB,TN-SYN-P-000004328,TN-HH-00004328,True,False,ELIGIBLE_ALL_RULES_PASSED,ELIGIBLE_ALL_RULES_PASSED,R_AGE;R_INCOME,,True,SELECTED,180000.0,2160000.0,2275276.54
TN-SYN-P-000004332,Ariyalur,15,Rural,63,Male,2,1,2,Self-employed in agriculture,Literate,Primary,Employed,Employed,0.0,7435.0,Other Backward Class,1.0,1.05388257177,1.0533687701,1.0533687701,1.0533687701,TN-HH-00004332,tn_elderly_pension_001,1.0,POLICY-RUN-8C351476BB,TN-SYN-P-000004332,TN-HH-00004332,True,False,ELIGIBLE_ALL_RULES_PASSED,ELIGIBLE_ALL_RULES_PASSED,R_AGE;R_INCOME,,True,SELECTED,180000.0,2160000.0,2275276.54
TN-SYN-P-000004353,Viluppuram,06,Rural,76,Female,2,2,6,Self-employed in agriculture,Literate,Primary,Not in labour force,Not in labour force,0.0,15350.0,Other Backward Class,1.0,1.05622434506,1.05570913428,1.05570913428,1.05570913428,TN-HH-00004353,tn_elderly_pension_001,1.0,POLICY-RUN-8C351476BB,TN-SYN-P-000004353,TN-HH-00004353,True,False,ELIGIBLE_ALL_RULES_PASSED,ELIGIBLE_ALL_RULES_PASSED,R_AGE;R_INCOME,,True,SELECTED,180000.0,2160000.0,2280331.73
TN-SYN-P-000004354,Kancheepuram,03,Rural,70,Female,3,8,6,Regular wage/salary earning,Illiterate,Not literate,Not in labour force,Not in labour force,0.0,23318.0,Scheduled Caste,1.0,0.88208608392,0.881675656319,0.881675656319,0.881675656319,TN-HH-00004354,tn_elderly_pension_001,1.0,POLICY-RUN-8C351476BB,TN-SYN-P-000004354,TN-HH-00004354,True,False,ELIGIBLE_ALL_RULES_PASSED,ELIGIBLE_ALL_RULES_PASSED,R_AGE;R_INCOME,,True,SELECTED,180000.0,2160000.0,1904419.42
TN-SYN-P-000004356,Ranipet,35,Urban,69,Male,2,1,3,Self-employed in non-agriculture,Literate,Diploma/Certificate,Employed,Employed,0.0,8388.0,Other Backward Class,1.0,1.0201184824,1.01962499739,1.01962499739,1.01962499739,TN-HH-00004356,tn_elderly_pension_001,1.0,POLICY-RUN-8C351476BB,TN-SYN-P-000004356,TN-HH-00004356,True,False,ELIGIBLE_ALL_RULES_PASSED,ELIGIBLE_ALL_RULES_PASSED,R_AGE;R_INCOME,,True,SELECTED,180000.0,2160000.0,2202389.99
TN-SYN-P-000004360,Tiruvannamalai,05,Rural,82,Female,3,7,2,Casual labour in non-agriculture,Illiterate,Not literate,Not in labour force,Not in labour force,0.0,2240.0,Scheduled Caste,1.0,0.88208608392,0.881675656319,0.881675656319,0.881675656319,TN-HH-00004360,tn_elderly_pension_001,1.0,POLICY-RUN-8C351476BB,TN-SYN-P-000004360,TN-HH-00004360,True,False,ELIGIBLE_ALL_RULES_PASSED,ELIGIBLE_ALL_RULES_PASSED,R_AGE;R_INCOME,,True,SELECTED,180000.0,2160000.0,1904419.42
TN-SYN-P-000004364,Cuddalore,16,Urban,69,Female,2,2,2,Self-employed in non-agriculture,Literate,Secondary,Not in labour force,Not in labour force,0.0,20775.0,Other Backward Class,1.0,1.0223852304,1.02189038143,1.02189038143,1.02189038143,TN-HH-00004364,tn_elderly_pension_001,1.0,POLICY-RUN-8C351476BB,TN-SYN-P-000004364,TN-HH-00004364,True,False,ELIGIBLE_ALL_RULES_PASSED,ELIGIBLE_ALL_RULES_PASSED,R_AGE;R_INCOME,,True,SELECTED,180000.0,2160000.0,2207283.22
TN-SYN-P-000004377,Cuddalore,16,Rural,60,Male,2,1,5,Casual labour in non-agriculture,Literate,Middle,Employed,Employed,0.0,12467.0,Other Backward Class,1.0,1.05388257177,1.0533687701,1.0533687701,1.0533687701,TN-HH-00004377,tn_elderly_pension_001,1.0,POLICY-RUN-8C351476BB,TN-SYN-P-000004377,TN-HH-00004377,True,False,ELIGIBLE_ALL_RULES_PASSED,ELIGIBLE_ALL_RULES_PASSED,R_AGE;R_INCOME,,True,SELECTED,180000.0,2160000.0,2275276.54
TN-SYN-P-000004387,Ramanathapuram,25,Urban,71,Male,2,1,2,Others,Literate,Middle,Not in labour force,Not in labour force,0.0,10463.0,Other Backward Class,1.0,1.0201184824,1.01962499739,1.01962499739,1.01962499739,TN-HH-00004387,tn_elderly_pension_001,1.0,POLICY-RUN-8C351476BB,TN-SYN-P-000004387,TN-HH-00004387,True,False,ELIGIBLE_ALL_RULES_PASSED,ELIGIBLE_ALL_RULES_PASSED,R_AGE;R_INCOME,,True,SELECTED,180000.0,2160000.0,2202389.99
TN-SYN-P-000004389,Tirunelveli,27,Rural,61,Female,3,1,3,Regular wage/salary earning,Literate,Diploma/Certificate,Not in labour force,Not in labour force,0.0,11558.0,Other Backward Class,1.0,1.05622434506,1.05570913428,1.05570913428,1.05570913428,TN-HH-00004389,tn_elderly_pension_001,1.0,POLICY-RUN-8C351476BB,TN-SYN-P-000004389,TN-HH-00004389,True,False,ELIGIBLE_ALL_RULES_PASSED,ELIGIBLE_ALL_RULES_PASSED,R_AGE;R_INCOME,,True,SELECTED,180000.0,2160000.0,2280331.73
TN-SYN-P-000004399,Krishnagiri,30,Rural,62,Male,2,2,3,Self-employed in agriculture,Literate,Primary,Employed,Employed,0.0,7576.0,Other Backward Class,1.0,1.05388257177,1.0533687701,1.0533687701,1.0533687701,TN-HH-00004399,tn_elderly_pension_001,1.0,POLICY-RUN-8C351476BB,TN-SYN-P-000004399,TN-HH-00004399,True,False,ELIGIBLE_ALL_RULES_PASSED,ELIGIBLE_ALL_RULES_PASSED,R_AGE;R_INCOME,,True,SELECTED,180000.0,2160000.0,2275276.54
TN-SYN-P-000004401,Salem,07,Rural,70,Female,3,1,1,Others,Illiterate,Not literate,Not in labour force,Not in labour force,0.0,3283.0,Other Backward Class,1.0,1.05622434506,1.05570913428,1.05570913428,1.05570913428,TN-HH-00004401,tn_elderly_pension_001,1.0,POLICY-RUN-8C351476BB,TN-SYN-P-000004401,TN-HH-00004401,True,False,ELIGIBLE_ALL_RULES_PASSED,ELIGIBLE_ALL_RULES_PASSED,R_AGE;R_INCOME,,True,SELECTED,180000.0,2160000.0,2280331.73
TN-SYN-P-000004407,Ramanathapuram,25,Urban,62,Female,2,2,6,Self-employed in agriculture,Literate,Below Primary,Not in labour force,Not in labour force,0.0,11733.0,Other Backward Class,1.0,1.0223852304,1.02189038143,1.02189038143,1.02189038143,TN-HH-00004407,tn_elderly_pension_001,1.0,POLICY-RUN-8C351476BB,TN-SYN-P-000004407,TN-HH-00004407,True,False,ELIGIBLE_ALL_RULES_PASSED,ELIGIBLE_ALL_RULES_PASSED,R_AGE;R_INCOME,,True,SELECTED,180000.0,2160000.0,2207283.22
TN-SYN-P-000004408,Pudukkottai,20,Rural,60,Male,2,1,2,Self-employed in agriculture,Literate,Below Primary,Not in labour force,Not in labour force,0.0,5483.0,Scheduled Caste,1.0,0.88013039559,0.879721144774,0.879721144774,0.879721144774,TN-HH-00004408,tn_elderly_pension_001,1.0,POLICY-RUN-8C351476BB,TN-SYN-P-000004408,TN-HH-00004408,True,False,ELIGIBLE_ALL_RULES_PASSED,ELIGIBLE_ALL_RULES_PASSED,R_AGE;R_INCOME,,True,SELECTED,180000.0,2160000.0,1900197.67
TN-SYN-P-000004409,Vellore,04,Rural,73,Male,2,7,4,Self-employed in non-agriculture,Illiterate,Not literate,Not in labour force,Not in labour force,0.0,10339.0,Other Backward Class,1.0,1.05388257177,1.0533687701,1.0533687701,1.0533687701,TN-HH-00004409,tn_elderly_pension_001,1.0,POLICY-RUN-8C351476BB,TN-SYN-P-000004409,TN-HH-00004409,True,False,ELIGIBLE_ALL_RULES_PASSED,ELIGIBLE_ALL_RULES_PASSED,R_AGE;R_INCOME,,True,SELECTED,180000.0,2160000.0,2275276.54
TN-SYN-P-000004415,Tenkasi,33,Urban,65,Female,2,2,2,Self-employed in non-agriculture,Literate,Primary,Not in labour force,Not in labour force,0.0,9197.0,Scheduled Caste,1.0,0.853825977746,0.853432554931,0.853432554931,0.853432554931,TN-HH-00004415,tn_elderly_pension_001,1.0,POLICY-RUN-8C351476BB,TN-SYN-P-000004415,TN-HH-00004415,True,False,ELIGIBLE_ALL_RULES_PASSED,ELIGIBLE_ALL_RULES_PASSED,R_AGE;R_INCOME,,True,SELECTED,180000.0,2160000.0,1843414.32
TN-SYN-P-000004417,Thoothukudi,26,Urban,63,Female,2,2,2,Others,Literate,Middle,Not in labour force,Not in labour force,0.0,7375.0,Other Backward Class,1.0,1.0223852304,1.02189038143,1.02189038143,1.02189038143,TN-HH-00004417,tn_elderly_pension_001,1.0,POLICY-RUN-8C351476BB,TN-SYN-P-000004417,TN-HH-00004417,True,False,ELIGIBLE_ALL_RULES_PASSED,ELIGIBLE_ALL_RULES_PASSED,R_AGE;R_INCOME,,True,SELECTED,180000.0,2160000.0,2207283.22
TN-SYN-P-000004418,Cuddalore,16,Urban,72,Female,3,7,4,Self-employed in non-agriculture,Illiterate,Not literate,Not in labour force,Not in labour force,0.0,9267.0,Other Backward Class,1.0,1.0223852304,1.02189038143,1.02189038143,1.02189038143,TN-HH-00004418,tn_elderly_pension_001,1.0,POLICY-RUN-8C351476BB,TN-SYN-P-000004418,TN-HH-00004418,True,False,ELIGIBLE_ALL_RULES_PASSED,ELIGIBLE_ALL_RULES_PASSED,R_AGE;R_INCOME,,True,SELECTED,180000.0,2160000.0,2207283.22
TN-SYN-P-000004427,Thiruvallur,01,Rural,62,Female,2,1,2,Casual labour in non-agriculture,Illiterate,Not literate,Not in labour force,Not in labour force,0.0,6403.0,Scheduled Caste,1.0,0.88208608392,0.881675656319,0.881675656319,0.881675656319,TN-HH-00004427,tn_elderly_pension_001,1.0,POLICY-RUN-8C351476BB,TN-SYN-P-000004427,TN-HH-00004427,True,False,ELIGIBLE_ALL_RULES_PASSED,ELIGIBLE_ALL_RULES_PASSED,R_AGE;R_INCOME,,True,SELECTED,180000.0,2160000.0,1904419.42
TN-SYN-P-000004428,Tiruppur,32,Rural,70,Male,2,1,3,Regular wage/salary earning,Illiterate,Not literate,Employed,Employed,0.0,7693.0,Scheduled Caste,1.0,0.88013039559,0.879721144774,0.879721144774,0.879721144774,TN-HH-00004428,tn_elderly_pension_001,1.0,POLICY-RUN-8C351476BB,TN-SYN-P-000004428,TN-HH-00004428,True,False,ELIGIBLE_ALL_RULES_PASSED,ELIGIBLE_ALL_RULES_PASSED,R_AGE;R_INCOME,,True,SELECTED,180000.0,2160000.0,1900197.67
TN-SYN-P-000004431,Chennai,02,Urban,64,Female,2,2,2,Others,Literate,Secondary,Not in labour force,Not in labour force,0.0,15008.0,Other Backward Class,1.0,1.0223852304,1.02189038143,1.02189038143,1.02189038143,TN-HH-00004431,tn_elderly_pension_001,1.0,POLICY-RUN-8C351476BB,TN-SYN-P-000004431,TN-HH-00004431,True,False,ELIGIBLE_ALL_RULES_PASSED,ELIGIBLE_ALL_RULES_PASSED,R_AGE;R_INCOME,,True,SELECTED,180000.0,2160000.0,2207283.22
TN-SYN-P-000004432,Sivaganga,21,Rural,61,Female,2,7,7,Casual labour in non-agriculture,Illiterate,Not literate,Employed,Employed,0.0,10013.0,Other Backward Class,1.0,1.05622434506,1.05570913428,1.05570913428,1.05570913428,TN-HH-00004432,tn_elderly_pension_001,1.0,POLICY-RUN-8C351476BB,TN-SYN-P-000004432,TN-HH-00004432,True,False,ELIGIBLE_ALL_RULES_PASSED,ELIGIBLE_ALL_RULES_PASSED,R_AGE;R_INCOME,,True,SELECTED,180000.0,2160000.0,2280331.73
TN-SYN-P-000004435,Thiruvallur,01,Urban,72,Female,2,2,2,Others,Literate,Secondary,Not in labour force,Not in labour force,0.0,20433.0,Other Backward Class,1.0,1.0223852304,1.02189038143,1.02189038143,1.02189038143,TN-HH-00004435,tn_elderly_pension_001,1.0,POLICY-RUN-8C351476BB,TN-SYN-P-000004435,TN-HH-00004435,True,False,ELIGIBLE_ALL_RULES_PASSED,ELIGIBLE_ALL_RULES_PASSED,R_AGE;R_INCOME,,True,SELECTED,180000.0,2160000.0,2207283.22
TN-SYN-P-000004449,Madurai,22,Urban,69,Male,2,1,2,Others,Literate,Diploma/Certificate,Not in labour force,Not in labour force,0.0,9478.0,Other Backward Class,1.0,1.0201184824,1.01962499739,1.01962499739,1.01962499739,TN-HH-00004449,tn_elderly_pension_001,1.0,POLICY-RUN-8C351476BB,TN-SYN-P-000004449,TN-HH-00004449,True,False,ELIGIBLE_ALL_RULES_PASSED,ELIGIBLE_ALL_RULES_PASSED,R_AGE;R_INCOME,,True,SELECTED,180000.0,2160000.0,2202389.99
TN-SYN-P-000004450,Tenkasi,33,Rural,80,Female,3,1,1,Others,Illiterate,Not literate,Not in labour force,Not in labour force,0.0,2625.0,Scheduled Caste,1.0,0.88208608392,0.881675656319,0.881675656319,0.881675656319,TN-HH-00004450,tn_elderly_pension_001,1.0,POLICY-RUN-8C351476BB,TN-SYN-P-000004450,TN-HH-00004450,True,False,ELIGIBLE_ALL_RULES_PASSED,ELIGIBLE_ALL_RULES_PASSED,R_AGE;R_INCOME,,True,SELECTED,180000.0,2160000.0,1904419.42
TN-SYN-P-000004451,Coimbatore,31,Urban,67,Female,2,2,3,Regular wage/salary earning,Literate,Diploma/Certificate,Not in labour force,Not in labour force,0.0,10533.0,Other Backward Class,1.0,1.0223852304,1.02189038143,1.02189038143,1.02189038143,TN-HH-00004451,tn_elderly_pension_001,1.0,POLICY-RUN-8C351476BB,TN-SYN-P-000004451,TN-HH-00004451,True,False,ELIGIBLE_ALL_RULES_PASSED,ELIGIBLE_ALL_RULES_PASSED,R_AGE;R_INCOME,,True,SELECTED,180000.0,2160000.0,2207283.22
TN-SYN-P-000004453,Dindigul,11,Rural,60,Female,3,1,1,Others,Literate,Primary,Not in labour force,Not in labour force,0.0,4831.0,Other Backward Class,1.0,1.05622434506,1.05570913428,1.05570913428,1.05570913428,TN-HH-00004453,tn_elderly_pension_001,1.0,POLICY-RUN-8C351476BB,TN-SYN-P-000004453,TN-HH-00004453,True,False,ELIGIBLE_ALL_RULES_PASSED,ELIGIBLE_ALL_RULES_PASSED,R_AGE;R_INCOME,,True,SELECTED,180000.0,2160000.0,2280331.73
TN-SYN-P-000004460,Thanjavur,19,Urban,66,Male,2,1,3,Self-employed in agriculture,Literate,Below Primary,Employed,Employed,0.0,17816.0,Other Backward Class,1.0,1.0201184824,1.01962499739,1.01962499739,1.01962499739,TN-HH-00004460,tn_elderly_pension_001,1.0,POLICY-RUN-8C351476BB,TN-SYN-P-000004460,TN-HH-00004460,True,False,ELIGIBLE_ALL_RULES_PASSED,ELIGIBLE_ALL_RULES_PASSED,R_AGE;R_INCOME,,True,SELECTED,180000.0,2160000.0,2202389.99
TN-SYN-P-000004464,Salem,07,Rural,70,Female,3,1,1,Others,Illiterate,Not literate,Not in labour force,Not in labour force,0.0,3283.0,Other Backward Class,1.0,1.05622434506,1.05570913428,1.05570913428,1.05570913428,TN-HH-00004464,tn_elderly_pension_001,1.0,POLICY-RUN-8C351476BB,TN-SYN-P-000004464,TN-HH-00004464,True,False,ELIGIBLE_ALL_RULES_PASSED,ELIGIBLE_ALL_RULES_PASSED,R_AGE;R_INCOME,,True,SELECTED,180000.0,2160000.0,2280331.73
TN-SYN-P-000004467,Virudhunagar,24,Urban,75,Male,3,1,2,Self-employed in non-agriculture,Literate,Secondary,Not in labour force,Not in labour force,0.0,13752.0,Other Backward Class,1.0,1.0201184824,1.01962499739,1.01962499739,1.01962499739,TN-HH-00004467,tn_elderly_pension_001,1.0,POLICY-RUN-8C351476BB,TN-SYN-P-000004467,TN-HH-00004467,True,False,ELIGIBLE_ALL_RULES_PASSED,ELIGIBLE_ALL_RULES_PASSED,R_AGE;R_INCOME,,True,SELECTED,180000.0,2160000.0,2202389.99
TN-SYN-P-000004474,Salem,07,Rural,71,Female,3,7,6,Casual labour in non-agriculture,Illiterate,Not literate,Not in labour force,Not in labour force,0.0,9942.0,Other Backward Class,1.0,1.05622434506,1.05570913428,1.05570913428,1.05570913428,TN-HH-00004474,tn_elderly_pension_001,1.0,POLICY-RUN-8C351476BB,TN-SYN-P-000004474,TN-HH-00004474,True,False,ELIGIBLE_ALL_RULES_PASSED,ELIGIBLE_ALL_RULES_PASSED,R_AGE;R_INCOME,,True,SELECTED,180000.0,2160000.0,2280331.73
TN-SYN-P-000004486,Namakkal,08,Rural,65,Female,3,7,5,Casual labour in non-agriculture,Illiterate,Not literate,Employed,Employed,0.0,13108.0,Other Backward Class,1.0,1.05622434506,1.05570913428,1.05570913428,1.05570913428,TN-HH-00004486,tn_elderly_pension_001,1.0,POLICY-RUN-8C351476BB,TN-SYN-P-000004486,TN-HH-00004486,True,False,ELIGIBLE_ALL_RULES_PASSED,ELIGIBLE_ALL_RULES_PASSED,R_AGE;R_INCOME,,True,SELECTED,180000.0,2160000.0,2280331.73
TN-SYN-P-000004487,The Nilgiris,10,Rural,69,Female,3,7,6,Regular wage/salary earning,Illiterate,Not literate,Not in labour force,Not in labour force,0.0,19417.0,Other Backward Class,1.0,1.05622434506,1.05570913428,1.05570913428,1.05570913428,TN-HH-00004487,tn_elderly_pension_001,1.0,POLICY-RUN-8C351476BB,TN-SYN-P-000004487,TN-HH-00004487,True,False,ELIGIBLE_ALL_RULES_PASSED,ELIGIBLE_ALL_RULES_PASSED,R_AGE;R_INCOME,,True,SELECTED,180000.0,2160000.0,2280331.73
TN-SYN-P-000004506,Cuddalore,16,Urban,60,Male,2,1,4,Regular wage/salary earning,Illiterate,Not literate,Not in labour force,Not in labour force,0.0,10117.0,Other Backward Class,1.0,1.0201184824,1.01962499739,1.01962499739,1.01962499739,TN-HH-00004506,tn_elderly_pension_001,1.0,POLICY-RUN-8C351476BB,TN-SYN-P-000004506,TN-HH-00004506,True,False,ELIGIBLE_ALL_RULES_PASSED,ELIGIBLE_ALL_RULES_PASSED,R_AGE;R_INCOME,,True,SELECTED,180000.0,2160000.0,2202389.99
TN-SYN-P-000004514,Tirunelveli,27,Rural,65,Male,2,1,2,Casual labour in agriculture,Literate,Middle,Employed,Employed,0.0,9400.0,Other Backward Class,1.0,1.05388257177,1.0533687701,1.0533687701,1.0533687701,TN-HH-00004514,tn_elderly_pension_001,1.0,POLICY-RUN-8C351476BB,TN-SYN-P-000004514,TN-HH-00004514,True,False,ELIGIBLE_ALL_RULES_PASSED,ELIGIBLE_ALL_RULES_PASSED,R_AGE;R_INCOME,,True,SELECTED,180000.0,2160000.0,2275276.54
TN-SYN-P-000004523,Tiruchirappalli,13,Rural,65,Male,2,1,4,Casual labour in non-agriculture,Literate,Middle,Not in labour force,Not in labour force,0.0,9850.0,Other Backward Class,1.0,1.05388257177,1.0533687701,1.0533687701,1.0533687701,TN-HH-00004523,tn_elderly_pension_001,1.0,POLICY-RUN-8C351476BB,TN-SYN-P-000004523,TN-HH-00004523,True,False,ELIGIBLE_ALL_RULES_PASSED,ELIGIBLE_ALL_RULES_PASSED,R_AGE;R_INCOME,,True,SELECTED,180000.0,2160000.0,2275276.54
TN-SYN-P-000004525,Tenkasi,33,Rural,79,Male,2,1,2,Others,Literate,Secondary,Not in labour force,Not in labour force,0.0,25680.0,Other Backward Class,1.0,1.05388257177,1.0533687701,1.0533687701,1.0533687701,TN-HH-00004525,tn_elderly_pension_001,1.0,POLICY-RUN-8C351476BB,TN-SYN-P-000004525,TN-HH-00004525,True,False,ELIGIBLE_ALL_RULES_PASSED,ELIGIBLE_ALL_RULES_PASSED,R_AGE;R_INCOME,,True,SELECTED,180000.0,2160000.0,2275276.54
TN-SYN-P-000004528,Chennai,02,Urban,75,Female,3,7,4,Self-employed in agriculture,Literate,Secondary,Not in labour force,Not in labour force,0.0,25330.0,Other Backward Class,1.0,1.0223852304,1.02189038143,1.02189038143,1.02189038143,TN-HH-00004528,tn_elderly_pension_001,1.0,POLICY-RUN-8C351476BB,TN-SYN-P-000004528,TN-HH-00004528,True,False,ELIGIBLE_ALL_RULES_PASSED,ELIGIBLE_ALL_RULES_PASSED,R_AGE;R_INCOME,,True,SELECTED,180000.0,2160000.0,2207283.22
TN-SYN-P-000004531,Kancheepuram,03,Urban,62,Male,2,1,2,Others,Literate,Secondary,Not in labour force,Not in labour force,0.0,12383.0,Other Backward Class,1.0,1.0201184824,1.01962499739,1.01962499739,1.01962499739,TN-HH-00004531,tn_elderly_pension_001,1.0,POLICY-RUN-8C351476BB,TN-SYN-P-000004531,TN-HH-00004531,True,False,ELIGIBLE_ALL_RULES_PASSED,ELIGIBLE_ALL_RULES_PASSED,R_AGE;R_INCOME,,True,SELECTED,180000.0,2160000.0,2202389.99
TN-SYN-P-000004576,Thiruvarur,18,Rural,80,Female,2,2,2,Self-employed in agriculture,Illiterate,Not literate,Not in labour force,Not in labour force,0.0,7710.0,Other Backward Class,1.0,1.05622434506,1.05570913428,1.05570913428,1.05570913428,TN-HH-00004576,tn_elderly_pension_001,1.0,POLICY-RUN-8C351476BB,TN-SYN-P-000004576,TN-HH-00004576,True,False,ELIGIBLE_ALL_RULES_PASSED,ELIGIBLE_ALL_RULES_PASSED,R_AGE;R_INCOME,,True,SELECTED,180000.0,2160000.0,2280331.73
TN-SYN-P-000004589,Thanjavur,19,Rural,68,Male,2,1,2,Self-employed in agriculture,Literate,Middle,Employed,Employed,0.0,6538.0,Other Backward Class,1.0,1.05388257177,1.0533687701,1.0533687701,1.0533687701,TN-HH-00004589,tn_elderly_pension_001,1.0,POLICY-RUN-8C351476BB,TN-SYN-P-000004589,TN-HH-00004589,True,False,ELIGIBLE_ALL_RULES_PASSED,ELIGIBLE_ALL_RULES_PASSED,R_AGE;R_INCOME,,True,SELECTED,180000.0,2160000.0,2275276.54
TN-SYN-P-000004605,Kancheepuram,03,Urban,67,Female,2,2,2,Others,Literate,Diploma/Certificate,Not in labour force,Not in labour force,0.0,18632.0,Scheduled Caste,1.0,0.853825977746,0.853432554931,0.853432554931,0.853432554931,TN-HH-00004605,tn_elderly_pension_001,1.0,POLICY-RUN-8C351476BB,TN-SYN-P-000004605,TN-HH-00004605,True,False,ELIGIBLE_ALL_RULES_PASSED,ELIGIBLE_ALL_RULES_PASSED,R_AGE;R_INCOME,,True,SELECTED,180000.0,2160000.0,1843414.32
TN-SYN-P-000004606,Kallakurichi,34,Rural,60,Female,2,2,5,Regular wage/salary earning,Illiterate,Not literate,Employed,Employed,0.0,13842.0,Other Backward Class,1.0,1.05622434506,1.05570913428,1.05570913428,1.05570913428,TN-HH-00004606,tn_elderly_pension_001,1.0,POLICY-RUN-8C351476BB,TN-SYN-P-000004606,TN-HH-00004606,True,False,ELIGIBLE_ALL_RULES_PASSED,ELIGIBLE_ALL_RULES_PASSED,R_AGE;R_INCOME,,True,SELECTED,180000.0,2160000.0,2280331.73
TN-SYN-P-000004609,Thiruvallur,01,Urban,72,Female,2,2,2,Others,Literate,Secondary,Not in labour force,Not in labour force,0.0,20433.0,Other Backward Class,1.0,1.0223852304,1.02189038143,1.02189038143,1.02189038143,TN-HH-00004609,tn_elderly_pension_001,1.0,POLICY-RUN-8C351476BB,TN-SYN-P-000004609,TN-HH-00004609,True,False,ELIGIBLE_ALL_RULES_PASSED,ELIGIBLE_ALL_RULES_PASSED,R_AGE;R_INCOME,,True,SELECTED,180000.0,2160000.0,2207283.22
TN-SYN-P-000004624,Tiruvannamalai,05,Rural,70,Female,2,2,3,Self-employed in non-agriculture,Illiterate,Not literate,Not in labour force,Not in labour force,0.0,3475.0,Other Backward Class,1.0,1.05622434506,1.05570913428,1.05570913428,1.05570913428,TN-HH-00004624,tn_elderly_pension_001,1.0,POLICY-RUN-8C351476BB,TN-SYN-P-000004624,TN-HH-00004624,True,False,ELIGIBLE_ALL_RULES_PASSED,ELIGIBLE_ALL_RULES_PASSED,R_AGE;R_INCOME,,True,SELECTED,180000.0,2160000.0,2280331.73
TN-SYN-P-000004626,Thoothukudi,26,Urban,70,Female,3,1,1,Others,Literate,Primary,Not in labour force,Not in labour force,0.0,5083.0,Other Backward Class,1.0,1.0223852304,1.02189038143,1.02189038143,1.02189038143,TN-HH-00004626,tn_elderly_pension_001,1.0,POLICY-RUN-8C351476BB,TN-SYN-P-000004626,TN-HH-00004626,True,False,ELIGIBLE_ALL_RULES_PASSED,ELIGIBLE_ALL_RULES_PASSED,R_AGE;R_INCOME,,True,SELECTED,180000.0,2160000.0,2207283.22
TN-SYN-P-000004636,Vellore,04,Rural,71,Female,2,2,2,Others,Literate,Primary,Not in labour force,Not in labour force,0.0,4120.0,Other Backward Class,1.0,1.05622434506,1.05570913428,1.05570913428,1.05570913428,TN-HH-00004636,tn_elderly_pension_001,1.0,POLICY-RUN-8C351476BB,TN-SYN-P-000004636,TN-HH-00004636,True,False,ELIGIBLE_ALL_RULES_PASSED,ELIGIBLE_ALL_RULES_PASSED,R_AGE;R_INCOME,,True,SELECTED,180000.0,2160000.0,2280331.73
TN-SYN-P-000004654,Thiruvallur,01,Urban,75,Female,3,7,6,Regular wage/salary earning,Illiterate,Not literate,Not in labour force,Not in labour force,0.0,18786.0,Other Backward Class,1.0,1.0223852304,1.02189038143,1.02189038143,1.02189038143,TN-HH-00004654,tn_elderly_pension_001,1.0,POLICY-RUN-8C351476BB,TN-SYN-P-000004654,TN-HH-00004654,True,False,ELIGIBLE_ALL_RULES_PASSED,ELIGIBLE_ALL_RULES_PASSED,R_AGE;R_INCOME,,True,SELECTED,180000.0,2160000.0,2207283.22
TN-SYN-P-000004657,Virudhunagar,24,Urban,64,Male,2,1,4,Others,Literate,Primary,Not in labour force,Not in labour force,0.0,16750.0,Other Backward Class,1.0,1.0201184824,1.01962499739,1.01962499739,1.01962499739,TN-HH-00004657,tn_elderly_pension_001,1.0,POLICY-RUN-8C351476BB,TN-SYN-P-000004657,TN-HH-00004657,True,False,ELIGIBLE_ALL_RULES_PASSED,ELIGIBLE_ALL_RULES_PASSED,R_AGE;R_INCOME,,True,SELECTED,180000.0,2160000.0,2202389.99
TN-SYN-P-000004659,Salem,07,Rural,60,Male,2,7,8,Self-employed in non-agriculture,Illiterate,Not literate,Employed,Employed,0.0,18563.0,Other Backward Class,1.0,1.05388257177,1.0533687701,1.0533687701,1.0533687701,TN-HH-00004659,tn_elderly_pension_001,1.0,POLICY-RUN-8C351476BB,TN-SYN-P-000004659,TN-HH-00004659,True,False,ELIGIBLE_ALL_RULES_PASSED,ELIGIBLE_ALL_RULES_PASSED,R_AGE;R_INCOME,,True,SELECTED,180000.0,2160000.0,2275276.54
TN-SYN-P-000004661,Dharmapuri,29,Rural,76,Male,2,1,2,Others,Illiterate,Not literate,Not in labour force,Not in labour force,0.0,3773.0,Other Backward Class,1.0,1.05388257177,1.0533687701,1.0533687701,1.0533687701,TN-HH-00004661,tn_elderly_pension_001,1.0,POLICY-RUN-8C351476BB,TN-SYN-P-000004661,TN-HH-00004661,True,False,ELIGIBLE_ALL_RULES_PASSED,ELIGIBLE_ALL_RULES_PASSED,R_AGE;R_INCOME,,True,SELECTED,180000.0,2160000.0,2275276.54
TN-SYN-P-000004667,Krishnagiri,30,Rural,61,Female,3,1,1,Casual labour in non-agriculture,Literate,Below Primary,Not in labour force,Not in labour force,0.0,3271.0,Other Backward Class,1.0,1.05622434506,1.05570913428,1.05570913428,1.05570913428,TN-HH-00004667,tn_elderly_pension_001,1.0,POLICY-RUN-8C351476BB,TN-SYN-P-000004667,TN-HH-00004667,True,False,ELIGIBLE_ALL_RULES_PASSED,ELIGIBLE_ALL_RULES_PASSED,R_AGE;R_INCOME,,True,SELECTED,180000.0,2160000.0,2280331.73
TN-SYN-P-000004672,Thanjavur,19,Rural,70,Female,3,7,5,Self-employed in non-agriculture,Illiterate,Not literate,Not in labour force,Not in labour force,0.0,15034.0,Other Backward Class,1.0,1.05622434506,1.05570913428,1.05570913428,1.05570913428,TN-HH-00004672,tn_elderly_pension_001,1.0,POLICY-RUN-8C351476BB,TN-SYN-P-000004672,TN-HH-00004672,True,False,ELIGIBLE_ALL_RULES_PASSED,ELIGIBLE_ALL_RULES_PASSED,R_AGE;R_INCOME,,True,SELECTED,180000.0,2160000.0,2280331.73
TN-SYN-P-000004674,Kallakurichi,34,Urban,61,Male,2,1,6,Self-employed in non-agriculture,Illiterate,Not literate,Employed,Employed,7000.0,14233.0,Other Backward Class,1.0,1.0201184824,1.01962499739,1.01962499739,1.01962499739,TN-HH-00004674,tn_elderly_pension_001,1.0,POLICY-RUN-8C351476BB,TN-SYN-P-000004674,TN-HH-00004674,True,False,ELIGIBLE_ALL_RULES_PASSED,ELIGIBLE_ALL_RULES_PASSED,R_AGE;R_INCOME,,True,SELECTED,180000.0,2160000.0,2202389.99
TN-SYN-P-000004683,Tenkasi,33,Urban,68,Male,2,1,2,Self-employed in non-agriculture,Literate,Middle,Employed,Employed,7500.0,8943.0,Other Backward Class,1.0,1.0201184824,1.01962499739,1.01962499739,1.01962499739,TN-HH-00004683,tn_elderly_pension_001,1.0,POLICY-RUN-8C351476BB,TN-SYN-P-000004683,TN-HH-00004683,True,False,ELIGIBLE_ALL_RULES_PASSED,ELIGIBLE_ALL_RULES_PASSED,R_AGE;R_INCOME,,True,SELECTED,180000.0,2160000.0,2202389.99
TN-SYN-P-000004684,Cuddalore,16,Rural,62,Female,2,1,2,Casual labour in agriculture,Illiterate,Not literate,Employed,Employed,0.0,3483.0,Scheduled Caste,1.0,0.88208608392,0.881675656319,0.881675656319,0.881675656319,TN-HH-00004684,tn_elderly_pension_001,1.0,POLICY-RUN-8C351476BB,TN-SYN-P-000004684,TN-HH-00004684,True,False,ELIGIBLE_ALL_RULES_PASSED,ELIGIBLE_ALL_RULES_PASSED,R_AGE;R_INCOME,,True,SELECTED,180000.0,2160000.0,1904419.42
TN-SYN-P-000004689,Tiruppur,32,Rural,70,Male,2,1,3,Regular wage/salary earning,Illiterate,Not literate,Employed,Employed,0.0,7693.0,Scheduled Caste,1.0,0.88013039559,0.879721144774,0.879721144774,0.879721144774,TN-HH-00004689,tn_elderly_pension_001,1.0,POLICY-RUN-8C351476BB,TN-SYN-P-000004689,TN-HH-00004689,True,False,ELIGIBLE_ALL_RULES_PASSED,ELIGIBLE_ALL_RULES_PASSED,R_AGE;R_INCOME,,True,SELECTED,180000.0,2160000.0,1900197.67
TN-SYN-P-000004699,Salem,07,Urban,74,Male,2,1,2,Others,Illiterate,Not literate,Not in labour force,Not in labour force,0.0,5483.0,Other Backward Class,1.0,1.0201184824,1.01962499739,1.01962499739,1.01962499739,TN-HH-00004699,tn_elderly_pension_001,1.0,POLICY-RUN-8C351476BB,TN-SYN-P-000004699,TN-HH-00004699,True,False,ELIGIBLE_ALL_RULES_PASSED,ELIGIBLE_ALL_RULES_PASSED,R_AGE;R_INCOME,,True,SELECTED,180000.0,2160000.0,2202389.99
TN-SYN-P-000004706,Tiruvannamalai,05,Urban,77,Male,2,1,6,Self-employed in agriculture,Literate,Secondary,Employed,Employed,0.0,16129.0,Other Backward Class,1.0,1.0201184824,1.01962499739,1.01962499739,1.01962499739,TN-HH-00004706,tn_elderly_pension_001,1.0,POLICY-RUN-8C351476BB,TN-SYN-P-000004706,TN-HH-00004706,True,False,ELIGIBLE_ALL_RULES_PASSED,ELIGIBLE_ALL_RULES_PASSED,R_AGE;R_INCOME,,True,SELECTED,180000.0,2160000.0,2202389.99
TN-SYN-P-000004710,Tiruppur,32,Urban,62,Male,2,1,5,Self-employed in agriculture,Literate,Below Primary,Not in labour force,Not in labour force,0.0,15892.0,Other Backward Class,1.0,1.0201184824,1.01962499739,1.01962499739,1.01962499739,TN-HH-00004710,tn_elderly_pension_001,1.0,POLICY-RUN-8C351476BB,TN-SYN-P-000004710,TN-HH-00004710,True,False,ELIGIBLE_ALL_RULES_PASSED,ELIGIBLE_ALL_RULES_PASSED,R_AGE;R_INCOME,,True,SELECTED,180000.0,2160000.0,2202389.99
TN-SYN-P-000004721,Virudhunagar,24,Rural,62,Female,3,1,2,Casual labour in non-agriculture,Illiterate,Not literate,Employed,Employed,0.0,8268.0,Other Backward Class,1.0,1.05622434506,1.05570913428,1.05570913428,1.05570913428,TN-HH-00004721,tn_elderly_pension_001,1.0,POLICY-RUN-8C351476BB,TN-SYN-P-000004721,TN-HH-00004721,True,False,ELIGIBLE_ALL_RULES_PASSED,ELIGIBLE_ALL_RULES_PASSED,R_AGE;R_INCOME,,True,SELECTED,180000.0,2160000.0,2280331.73
TN-SYN-P-000004724,Ramanathapuram,25,Rural,75,Female,2,2,2,Others,Illiterate,Not literate,Not in labour force,Not in labour force,0.0,8942.0,Other Backward Class,1.0,1.05622434506,1.05570913428,1.05570913428,1.05570913428,TN-HH-00004724,tn_elderly_pension_001,1.0,POLICY-RUN-8C351476BB,TN-SYN-P-000004724,TN-HH-00004724,True,False,ELIGIBLE_ALL_RULES_PASSED,ELIGIBLE_ALL_RULES_PASSED,R_AGE;R_INCOME,,True,SELECTED,180000.0,2160000.0,2280331.73
TN-SYN-P-000004727,Chennai,02,Urban,66,Female,2,1,3,Self-employed in non-agriculture,Literate,Secondary,Not in labour force,Not in labour force,0.0,20442.0,Other Backward Class,1.0,1.0223852304,1.02189038143,1.02189038143,1.02189038143,TN-HH-00004727,tn_elderly_pension_001,1.0,POLICY-RUN-8C351476BB,TN-SYN-P-000004727,TN-HH-00004727,True,False,ELIGIBLE_ALL_RULES_PASSED,ELIGIBLE_ALL_RULES_PASSED,R_AGE;R_INCOME,,True,SELECTED,180000.0,2160000.0,2207283.22
TN-SYN-P-000004733,Tiruvannamalai,05,Rural,75,Male,2,1,3,Self-employed in non-agriculture,Illiterate,Not literate,Not in labour force,Not in labour force,0.0,3475.0,Other Backward Class,1.0,1.05388257177,1.0533687701,1.0533687701,1.0533687701,TN-HH-00004733,tn_elderly_pension_001,1.0,POLICY-RUN-8C351476BB,TN-SYN-P-000004733,TN-HH-00004733,True,False,ELIGIBLE_ALL_RULES_PASSED,ELIGIBLE_ALL_RULES_PASSED,R_AGE;R_INCOME,,True,SELECTED,180000.0,2160000.0,2275276.54
TN-SYN-P-000004735,Madurai,22,Urban,60,Female,2,2,2,Self-employed in non-agriculture,Literate,Higher Secondary,Not in labour force,Not in labour force,0.0,10957.0,Other Backward Class,1.0,1.0223852304,1.02189038143,1.02189038143,1.02189038143,TN-HH-00004735,tn_elderly_pension_001,1.0,POLICY-RUN-8C351476BB,TN-SYN-P-000004735,TN-HH-00004735,True,False,ELIGIBLE_ALL_RULES_PASSED,ELIGIBLE_ALL_RULES_PASSED,R_AGE;R_INCOME,,True,SELECTED,180000.0,2160000.0,2207283.22
TN-SYN-P-000004738,Thoothukudi,26,Rural,61,Female,3,1,1,Casual labour in agriculture,Illiterate,Not literate,Employed,Employed,0.0,4107.0,Other Backward Class,1.0,1.05622434506,1.05570913428,1.05570913428,1.05570913428,TN-HH-00004738,tn_elderly_pension_001,1.0,POLICY-RUN-8C351476BB,TN-SYN-P-000004738,TN-HH-00004738,True,False,ELIGIBLE_ALL_RULES_PASSED,ELIGIBLE_ALL_RULES_PASSED,R_AGE;R_INCOME,,True,SELECTED,180000.0,2160000.0,2280331.73
TN-SYN-P-000004763,Kancheepuram,03,Rural,60,Female,2,7,6,Regular wage/salary earning,Illiterate,Not literate,Not in labour force,Not in labour force,0.0,23318.0,Scheduled Caste,1.0,0.88208608392,0.881675656319,0.881675656319,0.881675656319,TN-HH-00004763,tn_elderly_pension_001,1.0,POLICY-RUN-8C351476BB,TN-SYN-P-000004763,TN-HH-00004763,True,False,ELIGIBLE_ALL_RULES_PASSED,ELIGIBLE_ALL_RULES_PASSED,R_AGE;R_INCOME,,True,SELECTED,180000.0,2160000.0,1904419.42
TN-SYN-P-000004766,Cuddalore,16,Rural,73,Male,3,1,1,Others,Illiterate,Not literate,Not in labour force,Not in labour force,0.0,2975.0,Other Backward Class,1.0,1.05388257177,1.0533687701,1.0533687701,1.0533687701,TN-HH-00004766,tn_elderly_pension_001,1.0,POLICY-RUN-8C351476BB,TN-SYN-P-000004766,TN-HH-00004766,True,False,ELIGIBLE_ALL_RULES_PASSED,ELIGIBLE_ALL_RULES_PASSED,R_AGE;R_INCOME,,True,SELECTED,180000.0,2160000.0,2275276.54
TN-SYN-P-000004767,Thiruvarur,18,Rural,63,Male,2,1,3,Casual labour in agriculture,Illiterate,Not literate,Employed,Employed,0.0,10405.0,Scheduled Caste,1.0,0.88013039559,0.879721144774,0.879721144774,0.879721144774,TN-HH-00004767,tn_elderly_pension_001,1.0,POLICY-RUN-8C351476BB,TN-SYN-P-000004767,TN-HH-00004767,True,False,ELIGIBLE_ALL_RULES_PASSED,ELIGIBLE_ALL_RULES_PASSED,R_AGE;R_INCOME,,True,SELECTED,180000.0,2160000.0,1900197.67
TN-SYN-P-000004776,Tiruvannamalai,05,Rural,62,Male,2,1,2,Self-employed in agriculture,Literate,Primary,Employed,Employed,0.0,5040.0,Other Backward Class,1.0,1.05388257177,1.0533687701,1.0533687701,1.0533687701,TN-HH-00004776,tn_elderly_pension_001,1.0,POLICY-RUN-8C351476BB,TN-SYN-P-000004776,TN-HH-00004776,True,False,ELIGIBLE_ALL_RULES_PASSED,ELIGIBLE_ALL_RULES_PASSED,R_AGE;R_INCOME,,True,SELECTED,180000.0,2160000.0,2275276.54
TN-SYN-P-000004779,Coimbatore,31,Rural,75,Female,3,7,3,Casual labour in agriculture,Illiterate,Not literate,Not in labour force,Not in labour force,0.0,5858.0,Scheduled Caste,1.0,0.88208608392,0.881675656319,0.881675656319,0.881675656319,TN-HH-00004779,tn_elderly_pension_001,1.0,POLICY-RUN-8C351476BB,TN-SYN-P-000004779,TN-HH-00004779,True,False,ELIGIBLE_ALL_RULES_PASSED,ELIGIBLE_ALL_RULES_PASSED,R_AGE;R_INCOME,,True,SELECTED,180000.0,2160000.0,1904419.42
TN-SYN-P-000004780,Tiruvannamalai,05,Rural,72,Female,2,2,3,Self-employed in agriculture,Literate,Middle,Not in labour force,Not in labour force,0.0,15747.0,Other Backward Class,1.0,1.05622434506,1.05570913428,1.05570913428,1.05570913428,TN-HH-00004780,tn_elderly_pension_001,1.0,POLICY-RUN-8C351476BB,TN-SYN-P-000004780,TN-HH-00004780,True,False,ELIGIBLE_ALL_RULES_PASSED,ELIGIBLE_ALL_RULES_PASSED,R_AGE;R_INCOME,,True,SELECTED,180000.0,2160000.0,2280331.73
TN-SYN-P-000004791,Unknown,37,Rural,85,Female,3,1,1,Others,Illiterate,Not literate,Not in labour force,Not in labour force,0.0,2333.0,Other Backward Class,1.0,1.05622434506,1.05570913428,1.05570913428,1.05570913428,TN-HH-00004791,tn_elderly_pension_001,1.0,POLICY-RUN-8C351476BB,TN-SYN-P-000004791,TN-HH-00004791,True,False,ELIGIBLE_ALL_RULES_PASSED,ELIGIBLE_ALL_RULES_PASSED,R_AGE;R_INCOME,,True,SELECTED,180000.0,2160000.0,2280331.73
TN-SYN-P-000004793,Chennai,02,Urban,60,Male,2,1,7,Self-employed in agriculture,Literate,Middle,Employed,Employed,0.0,11966.0,Other Backward Class,1.0,1.0201184824,1.01962499739,1.01962499739,1.01962499739,TN-HH-00004793,tn_elderly_pension_001,1.0,POLICY-RUN-8C351476BB,TN-SYN-P-000004793,TN-HH-00004793,True,False,ELIGIBLE_ALL_RULES_PASSED,ELIGIBLE_ALL_RULES_PASSED,R_AGE;R_INCOME,,True,SELECTED,180000.0,2160000.0,2202389.99
TN-SYN-P-000004794,Thanjavur,19,Urban,102,Female,3,7,5,Others,Illiterate,Not literate,Not in labour force,Not in labour force,0.0,33156.0,Other Backward Class,1.0,1.0223852304,1.02189038143,1.02189038143,1.02189038143,TN-HH-00004794,tn_elderly_pension_001,1.0,POLICY-RUN-8C351476BB,TN-SYN-P-000004794,TN-HH-00004794,True,False,ELIGIBLE_ALL_RULES_PASSED,ELIGIBLE_ALL_RULES_PASSED,R_AGE;R_INCOME,,True,SELECTED,180000.0,2160000.0,2207283.22
TN-SYN-P-000004796,Ranipet,35,Rural,62,Male,2,1,5,Regular wage/salary earning,Literate,Primary,Not in labour force,Not in labour force,0.0,11170.0,Other Backward Class,1.0,1.05388257177,1.0533687701,1.0533687701,1.0533687701,TN-HH-00004796,tn_elderly_pension_001,1.0,POLICY-RUN-8C351476BB,TN-SYN-P-000004796,TN-HH-00004796,True,False,ELIGIBLE_ALL_RULES_PASSED,ELIGIBLE_ALL_RULES_PASSED,R_AGE;R_INCOME,,True,SELECTED,180000.0,2160000.0,2275276.54
TN-SYN-P-000004804,Theni,23,Rural,75,Male,2,1,2,Others,Literate,Below Primary,Not in labour force,Not in labour force,0.0,8685.0,Other Backward Class,1.0,1.05388257177,1.0533687701,1.0533687701,1.0533687701,TN-HH-00004804,tn_elderly_pension_001,1.0,POLICY-RUN-8C351476BB,TN-SYN-P-000004804,TN-HH-00004804,True,False,ELIGIBLE_ALL_RULES_PASSED,ELIGIBLE_ALL_RULES_PASSED,R_AGE;R_INCOME,,True,SELECTED,180000.0,2160000.0,2275276.54
TN-SYN-P-000004805,Tiruvannamalai,05,Rural,65,Female,3,1,1,Casual labour in agriculture,Illiterate,Not literate,Employed,Employed,0.0,2037.0,Other Backward Class,1.0,1.05622434506,1.05570913428,1.05570913428,1.05570913428,TN-HH-00004805,tn_elderly_pension_001,1.0,POLICY-RUN-8C351476BB,TN-SYN-P-000004805,TN-HH-00004805,True,False,ELIGIBLE_ALL_RULES_PASSED,ELIGIBLE_ALL_RULES_PASSED,R_AGE;R_INCOME,,True,SELECTED,180000.0,2160000.0,2280331.73
TN-SYN-P-000004808,Coimbatore,31,Urban,79,Female,3,7,5,Self-employed in non-agriculture,Literate,Secondary,Not in labour force,Not in labour force,0.0,52618.0,Others,1.0,1.0223852304,1.02189038143,1.02189038143,1.02189038143,TN-HH-00004808,tn_elderly_pension_001,1.0,POLICY-RUN-8C351476BB,TN-SYN-P-000004808,TN-HH-00004808,True,False,ELIGIBLE_ALL_RULES_PASSED,ELIGIBLE_ALL_RULES_PASSED,R_AGE;R_INCOME,,True,SELECTED,180000.0,2160000.0,2207283.22
TN-SYN-P-000004811,Erode,09,Urban,80,Female,3,7,6,Self-employed in agriculture,Illiterate,Not literate,Not in labour force,Not in labour force,0.0,19367.0,Other Backward Class,1.0,1.0223852304,1.02189038143,1.02189038143,1.02189038143,TN-HH-00004811,tn_elderly_pension_001,1.0,POLICY-RUN-8C351476BB,TN-SYN-P-000004811,TN-HH-00004811,True,False,ELIGIBLE_ALL_RULES_PASSED,ELIGIBLE_ALL_RULES_PASSED,R_AGE;R_INCOME,,True,SELECTED,180000.0,2160000.0,2207283.22
TN-SYN-P-000004813,Salem,07,Urban,74,Female,3,7,5,Self-employed in agriculture,Literate,Middle,Not in labour force,Not in labour force,0.0,20792.0,Other Backward Class,1.0,1.0223852304,1.02189038143,1.02189038143,1.02189038143,TN-HH-00004813,tn_elderly_pension_001,1.0,POLICY-RUN-8C351476BB,TN-SYN-P-000004813,TN-HH-00004813,True,False,ELIGIBLE_ALL_RULES_PASSED,ELIGIBLE_ALL_RULES_PASSED,R_AGE;R_INCOME,,True,SELECTED,180000.0,2160000.0,2207283.22
TN-SYN-P-000004815,Thiruvallur,01,Urban,66,Female,3,7,4,Regular wage/salary earning,Literate,Below Primary,Not in labour force,Not in labour force,0.0,12350.0,Other Backward Class,1.0,1.0223852304,1.02189038143,1.02189038143,1.02189038143,TN-HH-00004815,tn_elderly_pension_001,1.0,POLICY-RUN-8C351476BB,TN-SYN-P-000004815,TN-HH-00004815,True,False,ELIGIBLE_ALL_RULES_PASSED,ELIGIBLE_ALL_RULES_PASSED,R_AGE;R_INCOME,,True,SELECTED,180000.0,2160000.0,2207283.22
TN-SYN-P-000004816,Cuddalore,16,Rural,69,Female,3,7,5,Casual labour in agriculture,Illiterate,Not literate,Not in labour force,Not in labour force,0.0,8392.0,Scheduled Caste,1.0,0.88208608392,0.881675656319,0.881675656319,0.881675656319,TN-HH-00004816,tn_elderly_pension_001,1.0,POLICY-RUN-8C351476BB,TN-SYN-P-000004816,TN-HH-00004816,True,False,ELIGIBLE_ALL_RULES_PASSED,ELIGIBLE_ALL_RULES_PASSED,R_AGE;R_INCOME,,True,SELECTED,180000.0,2160000.0,1904419.42
TN-SYN-P-000004818,Viluppuram,06,Rural,69,Female,2,2,2,Self-employed in agriculture,Illiterate,Not literate,Employed,Employed,0.0,3050.0,Scheduled Caste,1.0,0.88208608392,0.881675656319,0.881675656319,0.881675656319,TN-HH-00004818,tn_elderly_pension_001,1.0,POLICY-RUN-8C351476BB,TN-SYN-P-000004818,TN-HH-00004818,True,False,ELIGIBLE_ALL_RULES_PASSED,ELIGIBLE_ALL_RULES_PASSED,R_AGE;R_INCOME,,True,SELECTED,180000.0,2160000.0,1904419.42
TN-SYN-P-000004827,Namakkal,08,Urban,65,Other,1,1,1,Others,Illiterate,Not literate,Not in labour force,Not in labour force,0.0,1842.0,Scheduled Caste,1.0,0.852466221249,0.852073616632,0.852073616632,0.852073616632,TN-HH-00004827,tn_elderly_pension_001,1.0,POLICY-RUN-8C351476BB,TN-SYN-P-000004827,TN-HH-00004827,True,False,ELIGIBLE_ALL_RULES_PASSED,ELIGIBLE_ALL_RULES_PASSED,R_AGE;R_INCOME,,True,SELECTED,180000.0,2160000.0,1840479.01
TN-SYN-P-000004828,Ramanathapuram,25,Urban,62,Female,2,2,6,Self-employed in agriculture,Literate,Below Primary,Not in labour force,Not in labour force,0.0,11733.0,Other Backward Class,1.0,1.0223852304,1.02189038143,1.02189038143,1.02189038143,TN-HH-00004828,tn_elderly_pension_001,1.0,POLICY-RUN-8C351476BB,TN-SYN-P-000004828,TN-HH-00004828,True,False,ELIGIBLE_ALL_RULES_PASSED,ELIGIBLE_ALL_RULES_PASSED,R_AGE;R_INCOME,,True,SELECTED,180000.0,2160000.0,2207283.22
TN-SYN-P-000004857,Salem,07,Urban,60,Female,2,2,6,Self-employed in agriculture,Illiterate,Not literate,Not in labour force,Not in labour force,0.0,19550.0,Scheduled Caste,1.0,0.853825977746,0.853432554931,0.853432554931,0.853432554931,TN-HH-00004857,tn_elderly_pension_001,1.0,POLICY-RUN-8C351476BB,TN-SYN-P-000004857,TN-HH-00004857,True,False,ELIGIBLE_ALL_RULES_PASSED,ELIGIBLE_ALL_RULES_PASSED,R_AGE;R_INCOME,,True,SELECTED,180000.0,2160000.0,1843414.32
TN-SYN-P-000004866,Kancheepuram,03,Urban,74,Female,3,1,2,Self-employed in non-agriculture,Literate,Higher Secondary,Not in labour force,Not in labour force,0.0,24920.0,Other Backward Class,1.0,1.0223852304,1.02189038143,1.02189038143,1.02189038143,TN-HH-00004866,tn_elderly_pension_001,1.0,POLICY-RUN-8C351476BB,TN-SYN-P-000004866,TN-HH-00004866,True,False,ELIGIBLE_ALL_RULES_PASSED,ELIGIBLE_ALL_RULES_PASSED,R_AGE;R_INCOME,,True,SELECTED,180000.0,2160000.0,2207283.22
TN-SYN-P-000004872,Virudhunagar,24,Rural,75,Male,2,1,4,Regular wage/salary earning,Illiterate,Not literate,Not in labour force,Not in labour force,0.0,15891.0,Other Backward Class,1.0,1.05388257177,1.0533687701,1.0533687701,1.0533687701,TN-HH-00004872,tn_elderly_pension_001,1.0,POLICY-RUN-8C351476BB,TN-SYN-P-000004872,TN-HH-00004872,True,False,ELIGIBLE_ALL_RULES_PASSED,ELIGIBLE_ALL_RULES_PASSED,R_AGE;R_INCOME,,True,SELECTED,180000.0,2160000.0,2275276.54
TN-SYN-P-000004894,Mayiladuthurai,38,Rural,76,Female,3,7,5,Self-employed in agriculture,Literate,Primary,Employed,Employed,0.0,25775.0,Other Backward Class,1.0,1.05622434506,1.05570913428,1.05570913428,1.05570913428,TN-HH-00004894,tn_elderly_pension_001,1.0,POLICY-RUN-8C351476BB,TN-SYN-P-000004894,TN-HH-00004894,True,False,ELIGIBLE_ALL_RULES_PASSED,ELIGIBLE_ALL_RULES_PASSED,R_AGE;R_INCOME,,True,SELECTED,180000.0,2160000.0,2280331.73
TN-SYN-P-000004897,Thiruvallur,01,Urban,62,Male,2,1,5,Self-employed in agriculture,Literate,Primary,Not in labour force,Not in labour force,0.0,21500.0,Other Backward Class,1.0,1.0201184824,1.01962499739,1.01962499739,1.01962499739,TN-HH-00004897,tn_elderly_pension_001,1.0,POLICY-RUN-8C351476BB,TN-SYN-P-000004897,TN-HH-00004897,True,False,ELIGIBLE_ALL_RULES_PASSED,ELIGIBLE_ALL_RULES_PASSED,R_AGE;R_INCOME,,True,SELECTED,180000.0,2160000.0,2202389.99
TN-SYN-P-000004901,Dindigul,11,Rural,60,Female,2,2,3,Others,Literate,Below Primary,Not in labour force,Not in labour force,0.0,5330.0,Scheduled Caste,1.0,0.88208608392,0.881675656319,0.881675656319,0.881675656319,TN-HH-00004901,tn_elderly_pension_001,1.0,POLICY-RUN-8C351476BB,TN-SYN-P-000004901,TN-HH-00004901,True,False,ELIGIBLE_ALL_RULES_PASSED,ELIGIBLE_ALL_RULES_PASSED,R_AGE;R_INCOME,,True,SELECTED,180000.0,2160000.0,1904419.42
TN-SYN-P-000004923,Thiruvallur,01,Rural,62,Female,2,1,2,Casual labour in non-agriculture,Illiterate,Not literate,Not in labour force,Not in labour force,0.0,6403.0,Scheduled Caste,1.0,0.88208608392,0.881675656319,0.881675656319,0.881675656319,TN-HH-00004923,tn_elderly_pension_001,1.0,POLICY-RUN-8C351476BB,TN-SYN-P-000004923,TN-HH-00004923,True,False,ELIGIBLE_ALL_RULES_PASSED,ELIGIBLE_ALL_RULES_PASSED,R_AGE;R_INCOME,,True,SELECTED,180000.0,2160000.0,1904419.42
TN-SYN-P-000004927,Tiruvannamalai,05,Urban,65,Male,2,1,2,Self-employed in non-agriculture,Literate,Middle,Employed,Employed,7500.0,5533.0,Other Backward Class,1.0,1.0201184824,1.01962499739,1.01962499739,1.01962499739,TN-HH-00004927,tn_elderly_pension_001,1.0,POLICY-RUN-8C351476BB,TN-SYN-P-000004927,TN-HH-00004927,True,False,ELIGIBLE_ALL_RULES_PASSED,ELIGIBLE_ALL_RULES_PASSED,R_AGE;R_INCOME,,True,SELECTED,180000.0,2160000.0,2202389.99
TN-SYN-P-000004928,Salem,07,Urban,66,Female,3,7,5,Self-employed in agriculture,Illiterate,Not literate,Not in labour force,Not in labour force,0.0,20204.0,Other Backward Class,1.0,1.0223852304,1.02189038143,1.02189038143,1.02189038143,TN-HH-00004928,tn_elderly_pension_001,1.0,POLICY-RUN-8C351476BB,TN-SYN-P-000004928,TN-HH-00004928,True,False,ELIGIBLE_ALL_RULES_PASSED,ELIGIBLE_ALL_RULES_PASSED,R_AGE;R_INCOME,,True,SELECTED,180000.0,2160000.0,2207283.22
TN-SYN-P-000004930,Tenkasi,33,Urban,79,Male,2,1,2,Self-employed in non-agriculture,Literate,Secondary,Not in labour force,Not in labour force,0.0,5666.0,Other Backward Class,1.0,1.0201184824,1.01962499739,1.01962499739,1.01962499739,TN-HH-00004930,tn_elderly_pension_001,1.0,POLICY-RUN-8C351476BB,TN-SYN-P-000004930,TN-HH-00004930,True,False,ELIGIBLE_ALL_RULES_PASSED,ELIGIBLE_ALL_RULES_PASSED,R_AGE;R_INCOME,,True,SELECTED,180000.0,2160000.0,2202389.99
TN-SYN-P-000004932,Ranipet,35,Rural,81,Female,3,1,2,Casual labour in non-agriculture,Illiterate,Not literate,Not in labour force,Not in labour force,0.0,4135.0,Other Backward Class,1.0,1.05622434506,1.05570913428,1.05570913428,1.05570913428,TN-HH-00004932,tn_elderly_pension_001,1.0,POLICY-RUN-8C351476BB,TN-SYN-P-000004932,TN-HH-00004932,True,False,ELIGIBLE_ALL_RULES_PASSED,ELIGIBLE_ALL_RULES_PASSED,R_AGE;R_INCOME,,True,SELECTED,180000.0,2160000.0,2280331.73
TN-SYN-P-000004944,Coimbatore,31,Rural,60,Female,3,1,4,Casual labour in agriculture,Illiterate,Not literate,Not in labour force,Not in labour force,0.0,5792.0,Scheduled Caste,1.0,0.88208608392,0.881675656319,0.881675656319,0.881675656319,TN-HH-00004944,tn_elderly_pension_001,1.0,POLICY-RUN-8C351476BB,TN-SYN-P-000004944,TN-HH-00004944,True,False,ELIGIBLE_ALL_RULES_PASSED,ELIGIBLE_ALL_RULES_PASSED,R_AGE;R_INCOME,,True,SELECTED,180000.0,2160000.0,1904419.42
TN-SYN-P-000004949,Thanjavur,19,Rural,61,Female,2,2,2,Self-employed in agriculture,Literate,Below Primary,Not in labour force,Not in labour force,0.0,7624.0,Other Backward Class,1.0,1.05622434506,1.05570913428,1.05570913428,1.05570913428,TN-HH-00004949,tn_elderly_pension_001,1.0,POLICY-RUN-8C351476BB,TN-SYN-P-000004949,TN-HH-00004949,True,False,ELIGIBLE_ALL_RULES_PASSED,ELIGIBLE_ALL_RULES_PASSED,R_AGE;R_INCOME,,True,SELECTED,180000.0,2160000.0,2280331.73
TN-SYN-P-000004950,Tiruvannamalai,05,Rural,82,Female,3,7,2,Casual labour in non-agriculture,Illiterate,Not literate,Not in labour force,Not in labour force,0.0,2240.0,Scheduled Caste,1.0,0.88208608392,0.881675656319,0.881675656319,0.881675656319,TN-HH-00004950,tn_elderly_pension_001,1.0,POLICY-RUN-8C351476BB,TN-SYN-P-000004950,TN-HH-00004950,True,False,ELIGIBLE_ALL_RULES_PASSED,ELIGIBLE_ALL_RULES_PASSED,R_AGE;R_INCOME,,True,SELECTED,180000.0,2160000.0,1904419.42
TN-SYN-P-000004955,Krishnagiri,30,Rural,66,Male,2,1,3,Regular wage/salary earning,Illiterate,Not literate,Employed,Employed,0.0,10286.0,Scheduled Caste,1.0,0.88013039559,0.879721144774,0.879721144774,0.879721144774,TN-HH-00004955,tn_elderly_pension_001,1.0,POLICY-RUN-8C351476BB,TN-SYN-P-000004955,TN-HH-00004955,True,False,ELIGIBLE_ALL_RULES_PASSED,ELIGIBLE_ALL_RULES_PASSED,R_AGE;R_INCOME,,True,SELECTED,180000.0,2160000.0,1900197.67
TN-SYN-P-000004956,Tenkasi,33,Rural,80,Female,3,1,1,Others,Illiterate,Not literate,Not in labour force,Not in labour force,0.0,2625.0,Scheduled Caste,1.0,0.88208608392,0.881675656319,0.881675656319,0.881675656319,TN-HH-00004956,tn_elderly_pension_001,1.0,POLICY-RUN-8C351476BB,TN-SYN-P-000004956,TN-HH-00004956,True,False,ELIGIBLE_ALL_RULES_PASSED,ELIGIBLE_ALL_RULES_PASSED,R_AGE;R_INCOME,,True,SELECTED,180000.0,2160000.0,1904419.42
TN-SYN-P-000004957,Thanjavur,19,Urban,69,Female,3,7,6,Self-employed in agriculture,Illiterate,Not literate,Employed,Employed,3000.0,13292.0,Other Backward Class,1.0,1.0223852304,1.02189038143,1.02189038143,1.02189038143,TN-HH-00004957,tn_elderly_pension_001,1.0,POLICY-RUN-8C351476BB,TN-SYN-P-000004957,TN-HH-00004957,True,False,ELIGIBLE_ALL_RULES_PASSED,ELIGIBLE_ALL_RULES_PASSED,R_AGE;R_INCOME,,True,SELECTED,180000.0,2160000.0,2207283.22
TN-SYN-P-000004959,Kallakurichi,34,Rural,77,Male,2,1,2,Casual labour in non-agriculture,Literate,Middle,Not in labour force,Not in labour force,0.0,5667.0,Other Backward Class,1.0,1.05388257177,1.0533687701,1.0533687701,1.0533687701,TN-HH-00004959,tn_elderly_pension_001,1.0,POLICY-RUN-8C351476BB,TN-SYN-P-000004959,TN-HH-00004959,True,False,ELIGIBLE_ALL_RULES_PASSED,ELIGIBLE_ALL_RULES_PASSED,R_AGE;R_INCOME,,True,SELECTED,180000.0,2160000.0,2275276.54
TN-SYN-P-000004975,Coimbatore,31,Urban,64,Female,3,8,2,Others,Literate,Middle,Not in labour force,Not in labour force,0.0,7883.0,Other Backward Class,1.0,1.0223852304,1.02189038143,1.02189038143,1.02189038143,TN-HH-00004975,tn_elderly_pension_001,1.0,POLICY-RUN-8C351476BB,TN-SYN-P-000004975,TN-HH-00004975,True,False,ELIGIBLE_ALL_RULES_PASSED,ELIGIBLE_ALL_RULES_PASSED,R_AGE;R_INCOME,,True,SELECTED,180000.0,2160000.0,2207283.22
TN-SYN-P-000004995,Tiruvannamalai,05,Rural,75,Female,3,7,4,Self-employed in agriculture,Illiterate,Not literate,Not in labour force,Not in labour force,0.0,9491.0,Other Backward Class,1.0,1.05622434506,1.05570913428,1.05570913428,1.05570913428,TN-HH-00004995,tn_elderly_pension_001,1.0,POLICY-RUN-8C351476BB,TN-SYN-P-000004995,TN-HH-00004995,True,False,ELIGIBLE_ALL_RULES_PASSED,ELIGIBLE_ALL_RULES_PASSED,R_AGE;R_INCOME,,True,SELECTED,180000.0,2160000.0,2280331.73
TN-SYN-P-000005001,Vellore,04,Urban,66,Male,2,1,7,Self-employed in non-agriculture,Literate,Secondary,Employed,Employed,0.0,10639.0,Other Backward Class,1.0,1.0201184824,1.01962499739,1.01962499739,1.01962499739,TN-HH-00005001,tn_elderly_pension_001,1.0,POLICY-RUN-8C351476BB,TN-SYN-P-000005001,TN-HH-00005001,True,False,ELIGIBLE_ALL_RULES_PASSED,ELIGIBLE_ALL_RULES_PASSED,R_AGE;R_INCOME,,True,SELECTED,180000.0,2160000.0,2202389.99
TN-SYN-P-000005013,Pudukkottai,20,Rural,70,Male,2,7,6,Regular wage/salary earning,Illiterate,Not literate,Not in labour force,Not in labour force,0.0,13763.0,Other Backward Class,1.0,1.05388257177,1.0533687701,1.0533687701,1.0533687701,TN-HH-00005013,tn_elderly_pension_001,1.0,POLICY-RUN-8C351476BB,TN-SYN-P-000005013,TN-HH-00005013,True,False,ELIGIBLE_ALL_RULES_PASSED,ELIGIBLE_ALL_RULES_PASSED,R_AGE;R_INCOME,,True,SELECTED,180000.0,2160000.0,2275276.54
TN-SYN-P-000005020,Ramanathapuram,25,Urban,70,Male,2,1,5,Regular wage/salary earning,Illiterate,Not literate,Not in labour force,Not in labour force,0.0,14896.0,Other Backward Class,1.0,1.0201184824,1.01962499739,1.01962499739,1.01962499739,TN-HH-00005020,tn_elderly_pension_001,1.0,POLICY-RUN-8C351476BB,TN-SYN-P-000005020,TN-HH-00005020,True,False,ELIGIBLE_ALL_RULES_PASSED,ELIGIBLE_ALL_RULES_PASSED,R_AGE;R_INCOME,,True,SELECTED,180000.0,2160000.0,2202389.99
TN-SYN-P-000005021,Madurai,22,Urban,72,Male,2,1,2,Others,Literate,Diploma/Certificate,Not in labour force,Not in labour force,0.0,18707.0,Other Backward Class,1.0,1.0201184824,1.01962499739,1.01962499739,1.01962499739,TN-HH-00005021,tn_elderly_pension_001,1.0,POLICY-RUN-8C351476BB,TN-SYN-P-000005021,TN-HH-00005021,True,False,ELIGIBLE_ALL_RULES_PASSED,ELIGIBLE_ALL_RULES_PASSED,R_AGE;R_INCOME,,True,SELECTED,180000.0,2160000.0,2202389.99
TN-SYN-P-000005030,Tiruchirappalli,13,Rural,60,Female,2,2,2,Self-employed in agriculture,Literate,Primary,Employed,Employed,0.0,10202.0,Scheduled Caste,1.0,0.88208608392,0.881675656319,0.881675656319,0.881675656319,TN-HH-00005030,tn_elderly_pension_001,1.0,POLICY-RUN-8C351476BB,TN-SYN-P-000005030,TN-HH-00005030,True,False,ELIGIBLE_ALL_RULES_PASSED,ELIGIBLE_ALL_RULES_PASSED,R_AGE;R_INCOME,,True,SELECTED,180000.0,2160000.0,1904419.42
TN-SYN-P-000005031,Thiruvallur,01,Urban,69,Female,3,1,1,Others,Literate,Middle,Not in labour force,Not in labour force,0.0,8276.0,Other Backward Class,1.0,1.0223852304,1.02189038143,1.02189038143,1.02189038143,TN-HH-00005031,tn_elderly_pension_001,1.0,POLICY-RUN-8C351476BB,TN-SYN-P-000005031,TN-HH-00005031,True,False,ELIGIBLE_ALL_RULES_PASSED,ELIGIBLE_ALL_RULES_PASSED,R_AGE;R_INCOME,,True,SELECTED,180000.0,2160000.0,2207283.22
TN-SYN-P-000005036,Pudukkottai,20,Rural,70,Male,2,7,5,Regular wage/salary earning,Literate,Primary,Not in labour force,Not in labour force,0.0,8831.0,Other Backward Class,1.0,1.05388257177,1.0533687701,1.0533687701,1.0533687701,TN-HH-00005036,tn_elderly_pension_001,1.0,POLICY-RUN-8C351476BB,TN-SYN-P-000005036,TN-HH-00005036,True,False,ELIGIBLE_ALL_RULES_PASSED,ELIGIBLE_ALL_RULES_PASSED,R_AGE;R_INCOME,,True,SELECTED,180000.0,2160000.0,2275276.54
TN-SYN-P-000005040,Ranipet,35,Urban,65,Female,3,7,6,Self-employed in non-agriculture,Literate,Middle,Not in labour force,Not in labour force,0.0,10730.0,Other Backward Class,1.0,1.0223852304,1.02189038143,1.02189038143,1.02189038143,TN-HH-00005040,tn_elderly_pension_001,1.0,POLICY-RUN-8C351476BB,TN-SYN-P-000005040,TN-HH-00005040,True,False,ELIGIBLE_ALL_RULES_PASSED,ELIGIBLE_ALL_RULES_PASSED,R_AGE;R_INCOME,,True,SELECTED,180000.0,2160000.0,2207283.22
TN-SYN-P-000005043,Chennai,02,Urban,60,Male,2,1,4,Self-employed in agriculture,Literate,Diploma/Certificate,Not in labour force,Not in labour force,0.0,22843.0,Other Backward Class,1.0,1.0201184824,1.01962499739,1.01962499739,1.01962499739,TN-HH-00005043,tn_elderly_pension_001,1.0,POLICY-RUN-8C351476BB,TN-SYN-P-000005043,TN-HH-00005043,True,False,ELIGIBLE_ALL_RULES_PASSED,ELIGIBLE_ALL_RULES_PASSED,R_AGE;R_INCOME,,True,SELECTED,180000.0,2160000.0,2202389.99
TN-SYN-P-000005047,Namakkal,08,Rural,60,Female,2,7,6,Regular wage/salary earning,Literate,Middle,Employed,Employed,0.0,10158.0,Other Backward Class,1.0,1.05622434506,1.05570913428,1.05570913428,1.05570913428,TN-HH-00005047,tn_elderly_pension_001,1.0,POLICY-RUN-8C351476BB,TN-SYN-P-000005047,TN-HH-00005047,True,False,ELIGIBLE_ALL_RULES_PASSED,ELIGIBLE_ALL_RULES_PASSED,R_AGE;R_INCOME,,True,SELECTED,180000.0,2160000.0,2280331.73
TN-SYN-P-000005048,Madurai,22,Urban,65,Male,3,1,3,Self-employed in non-agriculture,Illiterate,Not literate,Not in labour force,Not in labour force,0.0,31417.0,Other Backward Class,1.0,1.0201184824,1.01962499739,1.01962499739,1.01962499739,TN-HH-00005048,tn_elderly_pension_001,1.0,POLICY-RUN-8C351476BB,TN-SYN-P-000005048,TN-HH-00005048,True,False,ELIGIBLE_ALL_RULES_PASSED,ELIGIBLE_ALL_RULES_PASSED,R_AGE;R_INCOME,,True,SELECTED,180000.0,2160000.0,2202389.99
TN-SYN-P-000005051,Krishnagiri,30,Rural,75,Female,3,7,3,Self-employed in agriculture,Illiterate,Not literate,Not in labour force,Not in labour force,0.0,9648.0,Scheduled Caste,1.0,0.88208608392,0.881675656319,0.881675656319,0.881675656319,TN-HH-00005051,tn_elderly_pension_001,1.0,POLICY-RUN-8C351476BB,TN-SYN-P-000005051,TN-HH-00005051,True,False,ELIGIBLE_ALL_RULES_PASSED,ELIGIBLE_ALL_RULES_PASSED,R_AGE;R_INCOME,,True,SELECTED,180000.0,2160000.0,1904419.42
TN-SYN-P-000005055,Madurai,22,Urban,75,Female,3,7,6,Regular wage/salary earning,Literate,Diploma/Certificate,Not in labour force,Not in labour force,0.0,15043.0,Other Backward Class,1.0,1.0223852304,1.02189038143,1.02189038143,1.02189038143,TN-HH-00005055,tn_elderly_pension_001,1.0,POLICY-RUN-8C351476BB,TN-SYN-P-000005055,TN-HH-00005055,True,False,ELIGIBLE_ALL_RULES_PASSED,ELIGIBLE_ALL_RULES_PASSED,R_AGE;R_INCOME,,True,SELECTED,180000.0,2160000.0,2207283.22
TN-SYN-P-000005057,Thiruvarur,18,Rural,85,Female,3,1,2,Others,Literate,Primary,Not in labour force,Not in labour force,0.0,8347.0,Other Backward Class,1.0,1.05622434506,1.05570913428,1.05570913428,1.05570913428,TN-HH-00005057,tn_elderly_pension_001,1.0,POLICY-RUN-8C351476BB,TN-SYN-P-000005057,TN-HH-00005057,True,False,ELIGIBLE_ALL_RULES_PASSED,ELIGIBLE_ALL_RULES_PASSED,R_AGE;R_INCOME,,True,SELECTED,180000.0,2160000.0,2280331.73
TN-SYN-P-000005063,Tiruchirappalli,13,Urban,74,Male,2,1,6,Self-employed in non-agriculture,Literate,Diploma/Certificate,Not in labour force,Not in labour force,0.0,13248.0,Other Backward Class,1.0,1.0201184824,1.01962499739,1.01962499739,1.01962499739,TN-HH-00005063,tn_elderly_pension_001,1.0,POLICY-RUN-8C351476BB,TN-SYN-P-000005063,TN-HH-00005063,True,False,ELIGIBLE_ALL_RULES_PASSED,ELIGIBLE_ALL_RULES_PASSED,R_AGE;R_INCOME,,True,SELECTED,180000.0,2160000.0,2202389.99
TN-SYN-P-000005064,Tenkasi,33,Rural,65,Male,2,1,2,Others,Literate,Secondary,Not in labour force,Not in labour force,0.0,5367.0,Scheduled Caste,1.0,0.88013039559,0.879721144774,0.879721144774,0.879721144774,TN-HH-00005064,tn_elderly_pension_001,1.0,POLICY-RUN-8C351476BB,TN-SYN-P-000005064,TN-HH-00005064,True,False,ELIGIBLE_ALL_RULES_PASSED,ELIGIBLE_ALL_RULES_PASSED,R_AGE;R_INCOME,,True,SELECTED,180000.0,2160000.0,1900197.67
TN-SYN-P-000005066,Viluppuram,06,Urban,63,Female,2,2,5,Self-employed in agriculture,Illiterate,Not literate,Not in labour force,Not in labour force,0.0,19842.0,Other Backward Class,1.0,1.0223852304,1.02189038143,1.02189038143,1.02189038143,TN-HH-00005066,tn_elderly_pension_001,1.0,POLICY-RUN-8C351476BB,TN-SYN-P-000005066,TN-HH-00005066,True,False,ELIGIBLE_ALL_RULES_PASSED,ELIGIBLE_ALL_RULES_PASSED,R_AGE;R_INCOME,,True,SELECTED,180000.0,2160000.0,2207283.22
TN-SYN-P-000005071,Sivaganga,21,Rural,62,Female,3,1,1,Others,Illiterate,Not literate,Not in labour force,Not in labour force,0.0,8475.0,Scheduled Caste,1.0,0.88208608392,0.881675656319,0.881675656319,0.881675656319,TN-HH-00005071,tn_elderly_pension_001,1.0,POLICY-RUN-8C351476BB,TN-SYN-P-000005071,TN-HH-00005071,True,False,ELIGIBLE_ALL_RULES_PASSED,ELIGIBLE_ALL_RULES_PASSED,R_AGE;R_INCOME,,True,SELECTED,180000.0,2160000.0,1904419.42
TN-SYN-P-000005075,Sivaganga,21,Urban,64,Female,3,7,6,Self-employed in agriculture,Literate,Primary,Not in labour force,Not in labour force,0.0,13500.0,Other Backward Class,1.0,1.0223852304,1.02189038143,1.02189038143,1.02189038143,TN-HH-00005075,tn_elderly_pension_001,1.0,POLICY-RUN-8C351476BB,TN-SYN-P-000005075,TN-HH-00005075,True,False,ELIGIBLE_ALL_RULES_PASSED,ELIGIBLE_ALL_RULES_PASSED,R_AGE;R_INCOME,,True,SELECTED,180000.0,2160000.0,2207283.22
TN-SYN-P-000005077,Tenkasi,33,Urban,65,Female,2,2,6,Self-employed in non-agriculture,Literate,Below Primary,Not in labour force,Not in labour force,0.0,15500.0,Scheduled Caste,1.0,0.853825977746,0.853432554931,0.853432554931,0.853432554931,TN-HH-00005077,tn_elderly_pension_001,1.0,POLICY-RUN-8C351476BB,TN-SYN-P-000005077,TN-HH-00005077,True,False,ELIGIBLE_ALL_RULES_PASSED,ELIGIBLE_ALL_RULES_PASSED,R_AGE;R_INCOME,,True,SELECTED,180000.0,2160000.0,1843414.32
TN-SYN-P-000005080,Pudukkottai,20,Rural,70,Male,2,7,5,Regular wage/salary earning,Literate,Primary,Not in labour force,Not in labour force,0.0,8831.0,Other Backward Class,1.0,1.05388257177,1.0533687701,1.0533687701,1.0533687701,TN-HH-00005080,tn_elderly_pension_001,1.0,POLICY-RUN-8C351476BB,TN-SYN-P-000005080,TN-HH-00005080,True,False,ELIGIBLE_ALL_RULES_PASSED,ELIGIBLE_ALL_RULES_PASSED,R_AGE;R_INCOME,,True,SELECTED,180000.0,2160000.0,2275276.54
TN-SYN-P-000005094,Viluppuram,06,Rural,63,Male,2,1,5,Casual labour in non-agriculture,Illiterate,Not literate,Not in labour force,Not in labour force,0.0,12897.0,Scheduled Caste,1.0,0.88013039559,0.879721144774,0.879721144774,0.879721144774,TN-HH-00005094,tn_elderly_pension_001,1.0,POLICY-RUN-8C351476BB,TN-SYN-P-000005094,TN-HH-00005094,True,False,ELIGIBLE_ALL_RULES_PASSED,ELIGIBLE_ALL_RULES_PASSED,R_AGE;R_INCOME,,True,SELECTED,180000.0,2160000.0,1900197.67
TN-SYN-P-000005101,Thiruvarur,18,Rural,63,Male,3,1,12,Regular wage/salary earning,Literate,Secondary,Employed,Employed,0.0,58995.0,Scheduled Caste,1.0,0.88013039559,0.879721144774,0.879721144774,0.879721144774,TN-HH-00005101,tn_elderly_pension_001,1.0,POLICY-RUN-8C351476BB,TN-SYN-P-000005101,TN-HH-00005101,True,False,ELIGIBLE_ALL_RULES_PASSED,ELIGIBLE_ALL_RULES_PASSED,R_AGE;R_INCOME,,True,SELECTED,180000.0,2160000.0,1900197.67
TN-SYN-P-000005103,Coimbatore,31,Rural,70,Male,2,1,2,Others,Literate,Below Primary,Not in labour force,Not in labour force,0.0,3725.0,Other Backward Class,1.0,1.05388257177,1.0533687701,1.0533687701,1.0533687701,TN-HH-00005103,tn_elderly_pension_001,1.0,POLICY-RUN-8C351476BB,TN-SYN-P-000005103,TN-HH-00005103,True,False,ELIGIBLE_ALL_RULES_PASSED,ELIGIBLE_ALL_RULES_PASSED,R_AGE;R_INCOME,,True,SELECTED,180000.0,2160000.0,2275276.54
TN-SYN-P-000005110,Tenkasi,33,Rural,60,Male,2,1,3,Regular wage/salary earning,Illiterate,Not literate,Not in labour force,Not in labour force,0.0,9232.0,Scheduled Caste,1.0,0.88013039559,0.879721144774,0.879721144774,0.879721144774,TN-HH-00005110,tn_elderly_pension_001,1.0,POLICY-RUN-8C351476BB,TN-SYN-P-000005110,TN-HH-00005110,True,False,ELIGIBLE_ALL_RULES_PASSED,ELIGIBLE_ALL_RULES_PASSED,R_AGE;R_INCOME,,True,SELECTED,180000.0,2160000.0,1900197.67
TN-SYN-P-000005113,Ariyalur,15,Rural,67,Female,2,2,2,Self-employed in agriculture,Literate,Below Primary,Employed,Employed,0.0,6670.0,Other Backward Class,1.0,1.05622434506,1.05570913428,1.05570913428,1.05570913428,TN-HH-00005113,tn_elderly_pension_001,1.0,POLICY-RUN-8C351476BB,TN-SYN-P-000005113,TN-HH-00005113,True,False,ELIGIBLE_ALL_RULES_PASSED,ELIGIBLE_ALL_RULES_PASSED,R_AGE;R_INCOME,,True,SELECTED,180000.0,2160000.0,2280331.73
TN-SYN-P-000005123,Sivaganga,21,Rural,65,Male,2,7,7,Casual labour in non-agriculture,Illiterate,Not literate,Not in labour force,Not in labour force,0.0,10013.0,Other Backward Class,1.0,1.05388257177,1.0533687701,1.0533687701,1.0533687701,TN-HH-00005123,tn_elderly_pension_001,1.0,POLICY-RUN-8C351476BB,TN-SYN-P-000005123,TN-HH-00005123,True,False,ELIGIBLE_ALL_RULES_PASSED,ELIGIBLE_ALL_RULES_PASSED,R_AGE;R_INCOME,,True,SELECTED,180000.0,2160000.0,2275276.54
TN-SYN-P-000005130,Mayiladuthurai,38,Rural,86,Female,3,1,2,Self-employed in non-agriculture,Illiterate,Not literate,Not in labour force,Not in labour force,0.0,9550.0,Other Backward Class,1.0,1.05622434506,1.05570913428,1.05570913428,1.05570913428,TN-HH-00005130,tn_elderly_pension_001,1.0,POLICY-RUN-8C351476BB,TN-SYN-P-000005130,TN-HH-00005130,True,False,ELIGIBLE_ALL_RULES_PASSED,ELIGIBLE_ALL_RULES_PASSED,R_AGE;R_INCOME,,True,SELECTED,180000.0,2160000.0,2280331.73
TN-SYN-P-000005134,Dharmapuri,29,Urban,68,Female,3,7,5,Self-employed in agriculture,Literate,Secondary,Not in labour force,Not in labour force,0.0,16581.0,Other Backward Class,1.0,1.0223852304,1.02189038143,1.02189038143,1.02189038143,TN-HH-00005134,tn_elderly_pension_001,1.0,POLICY-RUN-8C351476BB,TN-SYN-P-000005134,TN-HH-00005134,True,False,ELIGIBLE_ALL_RULES_PASSED,ELIGIBLE_ALL_RULES_PASSED,R_AGE;R_INCOME,,True,SELECTED,180000.0,2160000.0,2207283.22
TN-SYN-P-000005136,Tiruchirappalli,13,Rural,65,Male,2,1,4,Casual labour in non-agriculture,Literate,Middle,Not in labour force,Not in labour force,0.0,9850.0,Other Backward Class,1.0,1.05388257177,1.0533687701,1.0533687701,1.0533687701,TN-HH-00005136,tn_elderly_pension_001,1.0,POLICY-RUN-8C351476BB,TN-SYN-P-000005136,TN-HH-00005136,True,False,ELIGIBLE_ALL_RULES_PASSED,ELIGIBLE_ALL_RULES_PASSED,R_AGE;R_INCOME,,True,SELECTED,180000.0,2160000.0,2275276.54
TN-SYN-P-000005138,Ranipet,35,Rural,62,Female,2,2,3,Self-employed in agriculture,Literate,Below Primary,Employed,Employed,0.0,7768.0,Other Backward Class,1.0,1.05622434506,1.05570913428,1.05570913428,1.05570913428,TN-HH-00005138,tn_elderly_pension_001,1.0,POLICY-RUN-8C351476BB,TN-SYN-P-000005138,TN-HH-00005138,True,False,ELIGIBLE_ALL_RULES_PASSED,ELIGIBLE_ALL_RULES_PASSED,R_AGE;R_INCOME,,True,SELECTED,180000.0,2160000.0,2280331.73
TN-SYN-P-000005155,Kallakurichi,34,Urban,70,Female,3,1,1,Others,Literate,Below Primary,Not in labour force,Not in labour force,0.0,3442.0,Other Backward Class,1.0,1.0223852304,1.02189038143,1.02189038143,1.02189038143,TN-HH-00005155,tn_elderly_pension_001,1.0,POLICY-RUN-8C351476BB,TN-SYN-P-000005155,TN-HH-00005155,True,False,ELIGIBLE_ALL_RULES_PASSED,ELIGIBLE_ALL_RULES_PASSED,R_AGE;R_INCOME,,True,SELECTED,180000.0,2160000.0,2207283.22
TN-SYN-P-000005157,Dindigul,11,Rural,65,Male,2,1,2,Self-employed in non-agriculture,Literate,Primary,Employed,Employed,0.0,4354.0,Scheduled Caste,1.0,0.88013039559,0.879721144774,0.879721144774,0.879721144774,TN-HH-00005157,tn_elderly_pension_001,1.0,POLICY-RUN-8C351476BB,TN-SYN-P-000005157,TN-HH-00005157,True,False,ELIGIBLE_ALL_RULES_PASSED,ELIGIBLE_ALL_RULES_PASSED,R_AGE;R_INCOME,,True,SELECTED,180000.0,2160000.0,1900197.67
TN-SYN-P-000005161,Sivaganga,21,Rural,69,Female,3,7,3,Casual labour in non-agriculture,Illiterate,Not literate,Not in labour force,Not in labour force,0.0,8517.0,Scheduled Caste,1.0,0.88208608392,0.881675656319,0.881675656319,0.881675656319,TN-HH-00005161,tn_elderly_pension_001,1.0,POLICY-RUN-8C351476BB,TN-SYN-P-000005161,TN-HH-00005161,True,False,ELIGIBLE_ALL_RULES_PASSED,ELIGIBLE_ALL_RULES_PASSED,R_AGE;R_INCOME,,True,SELECTED,180000.0,2160000.0,1904419.42
TN-SYN-P-000005172,Namakkal,08,Urban,70,Female,3,1,1,Regular wage/salary earning,Illiterate,Not literate,Employed,Employed,0.0,1658.0,Scheduled Caste,1.0,0.853825977746,0.853432554931,0.853432554931,0.853432554931,TN-HH-00005172,tn_elderly_pension_001,1.0,POLICY-RUN-8C351476BB,TN-SYN-P-000005172,TN-HH-00005172,True,False,ELIGIBLE_ALL_RULES_PASSED,ELIGIBLE_ALL_RULES_PASSED,R_AGE;R_INCOME,,True,SELECTED,180000.0,2160000.0,1843414.32
TN-SYN-P-000005176,Thoothukudi,26,Urban,80,Male,2,1,2,Others,Illiterate,Not literate,Not in labour force,Not in labour force,0.0,8278.0,Other Backward Class,1.0,1.0201184824,1.01962499739,1.01962499739,1.01962499739,TN-HH-00005176,tn_elderly_pension_001,1.0,POLICY-RUN-8C351476BB,TN-SYN-P-000005176,TN-HH-00005176,True,False,ELIGIBLE_ALL_RULES_PASSED,ELIGIBLE_ALL_RULES_PASSED,R_AGE;R_INCOME,,True,SELECTED,180000.0,2160000.0,2202389.99
TN-SYN-P-000005185,Kallakurichi,34,Urban,70,Female,3,1,1,Others,Literate,Below Primary,Not in labour force,Not in labour force,0.0,3442.0,Other Backward Class,1.0,1.0223852304,1.02189038143,1.02189038143,1.02189038143,TN-HH-00005185,tn_elderly_pension_001,1.0,POLICY-RUN-8C351476BB,TN-SYN-P-000005185,TN-HH-00005185,True,False,ELIGIBLE_ALL_RULES_PASSED,ELIGIBLE_ALL_RULES_PASSED,R_AGE;R_INCOME,,True,SELECTED,180000.0,2160000.0,2207283.22
TN-SYN-P-000005186,Thiruvarur,18,Rural,60,Female,3,3,2,Others,Literate,Middle,Not in labour force,Not in labour force,0.0,8347.0,Other Backward Class,1.0,1.05622434506,1.05570913428,1.05570913428,1.05570913428,TN-HH-00005186,tn_elderly_pension_001,1.0,POLICY-RUN-8C351476BB,TN-SYN-P-000005186,TN-HH-00005186,True,False,ELIGIBLE_ALL_RULES_PASSED,ELIGIBLE_ALL_RULES_PASSED,R_AGE;R_INCOME,,True,SELECTED,180000.0,2160000.0,2280331.73
TN-SYN-P-000005193,Thoothukudi,26,Rural,65,Male,2,1,9,Self-employed in non-agriculture,Illiterate,Not literate,Employed,Employed,17000.0,21540.0,Other Backward Class,1.0,1.05388257177,1.0533687701,1.0533687701,1.0533687701,TN-HH-00005193,tn_elderly_pension_001,1.0,POLICY-RUN-8C351476BB,TN-SYN-P-000005193,TN-HH-00005193,True,False,ELIGIBLE_ALL_RULES_PASSED,ELIGIBLE_ALL_RULES_PASSED,R_AGE;R_INCOME,,True,SELECTED,180000.0,2160000.0,2275276.54
TN-SYN-P-000005196,Sivaganga,21,Rural,61,Female,3,1,4,Casual labour in non-agriculture,Literate,Below Primary,Employed,Employed,0.0,10828.0,Scheduled Caste,1.0,0.88208608392,0.881675656319,0.881675656319,0.881675656319,TN-HH-00005196,tn_elderly_pension_001,1.0,POLICY-RUN-8C351476BB,TN-SYN-P-000005196,TN-HH-00005196,True,False,ELIGIBLE_ALL_RULES_PASSED,ELIGIBLE_ALL_RULES_PASSED,R_AGE;R_INCOME,,True,SELECTED,180000.0,2160000.0,1904419.42
TN-SYN-P-000005205,Madurai,22,Urban,74,Female,3,7,4,Self-employed in non-agriculture,Literate,Primary,Not in labour force,Not in labour force,0.0,10365.0,Other Backward Class,1.0,1.0223852304,1.02189038143,1.02189038143,1.02189038143,TN-HH-00005205,tn_elderly_pension_001,1.0,POLICY-RUN-8C351476BB,TN-SYN-P-000005205,TN-HH-00005205,True,False,ELIGIBLE_ALL_RULES_PASSED,ELIGIBLE_ALL_RULES_PASSED,R_AGE;R_INCOME,,True,SELECTED,180000.0,2160000.0,2207283.22
TN-SYN-P-000005206,Tiruppur,32,Urban,64,Male,2,1,2,Self-employed in non-agriculture,Literate,Secondary,Not in labour force,Not in labour force,0.0,11404.0,Other Backward Class,1.0,1.0201184824,1.01962499739,1.01962499739,1.01962499739,TN-HH-00005206,tn_elderly_pension_001,1.0,POLICY-RUN-8C351476BB,TN-SYN-P-000005206,TN-HH-00005206,True,False,ELIGIBLE_ALL_RULES_PASSED,ELIGIBLE_ALL_RULES_PASSED,R_AGE;R_INCOME,,True,SELECTED,180000.0,2160000.0,2202389.99
TN-SYN-P-000005215,Coimbatore,31,Urban,70,Female,3,7,4,Self-employed in non-agriculture,Illiterate,Not literate,Employed,Employed,9000.0,17977.0,Other Backward Class,1.0,1.0223852304,1.02189038143,1.02189038143,1.02189038143,TN-HH-00005215,tn_elderly_pension_001,1.0,POLICY-RUN-8C351476BB,TN-SYN-P-000005215,TN-HH-00005215,True,False,ELIGIBLE_ALL_RULES_PASSED,ELIGIBLE_ALL_RULES_PASSED,R_AGE;R_INCOME,,True,SELECTED,180000.0,2160000.0,2207283.22
TN-SYN-P-000005217,Kanniyakumari,28,Urban,86,Female,3,7,5,Self-employed in non-agriculture,Literate,Primary,Not in labour force,Not in labour force,0.0,13438.0,Other Backward Class,1.0,1.0223852304,1.02189038143,1.02189038143,1.02189038143,TN-HH-00005217,tn_elderly_pension_001,1.0,POLICY-RUN-8C351476BB,TN-SYN-P-000005217,TN-HH-00005217,True,False,ELIGIBLE_ALL_RULES_PASSED,ELIGIBLE_ALL_RULES_PASSED,R_AGE;R_INCOME,,True,SELECTED,180000.0,2160000.0,2207283.22
TN-SYN-P-000005222,Mayiladuthurai,38,Rural,66,Male,2,1,7,Self-employed in non-agriculture,Literate,Secondary,Not in labour force,Not in labour force,0.0,27109.0,Other Backward Class,1.0,1.05388257177,1.0533687701,1.0533687701,1.0533687701,TN-HH-00005222,tn_elderly_pension_001,1.0,POLICY-RUN-8C351476BB,TN-SYN-P-000005222,TN-HH-00005222,True,False,ELIGIBLE_ALL_RULES_PASSED,ELIGIBLE_ALL_RULES_PASSED,R_AGE;R_INCOME,,True,SELECTED,180000.0,2160000.0,2275276.54
TN-SYN-P-000005223,Chennai,02,Urban,71,Female,2,2,2,Others,Literate,Below Primary,Not in labour force,Not in labour force,0.0,4233.0,Other Backward Class,1.0,1.0223852304,1.02189038143,1.02189038143,1.02189038143,TN-HH-00005223,tn_elderly_pension_001,1.0,POLICY-RUN-8C351476BB,TN-SYN-P-000005223,TN-HH-00005223,True,False,ELIGIBLE_ALL_RULES_PASSED,ELIGIBLE_ALL_RULES_PASSED,R_AGE;R_INCOME,,True,SELECTED,180000.0,2160000.0,2207283.22
TN-SYN-P-000005225,Ariyalur,15,Rural,65,Female,3,1,1,Casual labour in agriculture,Illiterate,Not literate,Employed,Employed,0.0,5325.0,Scheduled Caste,1.0,0.88208608392,0.881675656319,0.881675656319,0.881675656319,TN-HH-00005225,tn_elderly_pension_001,1.0,POLICY-RUN-8C351476BB,TN-SYN-P-000005225,TN-HH-00005225,True,False,ELIGIBLE_ALL_RULES_PASSED,ELIGIBLE_ALL_RULES_PASSED,R_AGE;R_INCOME,,True,SELECTED,180000.0,2160000.0,1904419.42
TN-SYN-P-000005226,Salem,07,Urban,65,Male,2,1,6,Self-employed in agriculture,Illiterate,Not literate,Employed,Employed,0.0,14650.0,Other Backward Class,1.0,1.0201184824,1.01962499739,1.01962499739,1.01962499739,TN-HH-00005226,tn_elderly_pension_001,1.0,POLICY-RUN-8C351476BB,TN-SYN-P-000005226,TN-HH-00005226,True,False,ELIGIBLE_ALL_RULES_PASSED,ELIGIBLE_ALL_RULES_PASSED,R_AGE;R_INCOME,,True,SELECTED,180000.0,2160000.0,2202389.99
TN-SYN-P-000005228,Ranipet,35,Rural,78,Female,3,1,1,Others,Literate,Below Primary,Not in labour force,Not in labour force,0.0,2480.0,Scheduled Caste,1.0,0.88208608392,0.881675656319,0.881675656319,0.881675656319,TN-HH-00005228,tn_elderly_pension_001,1.0,POLICY-RUN-8C351476BB,TN-SYN-P-000005228,TN-HH-00005228,True,False,ELIGIBLE_ALL_RULES_PASSED,ELIGIBLE_ALL_RULES_PASSED,R_AGE;R_INCOME,,True,SELECTED,180000.0,2160000.0,1904419.42
TN-SYN-P-000005232,Kancheepuram,03,Urban,71,Male,2,7,7,Regular wage/salary earning,Illiterate,Not literate,Employed,Employed,8500.0,26430.0,Others,1.0,1.0201184824,1.01962499739,1.01962499739,1.01962499739,TN-HH-00005232,tn_elderly_pension_001,1.0,POLICY-RUN-8C351476BB,TN-SYN-P-000005232,TN-HH-00005232,True,False,ELIGIBLE_ALL_RULES_PASSED,ELIGIBLE_ALL_RULES_PASSED,R_AGE;R_INCOME,,True,SELECTED,180000.0,2160000.0,2202389.99
TN-SYN-P-000005235,Thiruvallur,01,Urban,67,Female,2,2,6,Self-employed in non-agriculture,Literate,Secondary,Not in labour force,Not in labour force,0.0,16120.0,Others,1.0,1.0223852304,1.02189038143,1.02189038143,1.02189038143,TN-HH-00005235,tn_elderly_pension_001,1.0,POLICY-RUN-8C351476BB,TN-SYN-P-000005235,TN-HH-00005235,True,False,ELIGIBLE_ALL_RULES_PASSED,ELIGIBLE_ALL_RULES_PASSED,R_AGE;R_INCOME,,True,SELECTED,180000.0,2160000.0,2207283.22
TN-SYN-P-000005236,Kallakurichi,34,Urban,70,Female,3,1,1,Others,Literate,Below Primary,Not in labour force,Not in labour force,0.0,3442.0,Other Backward Class,1.0,1.0223852304,1.02189038143,1.02189038143,1.02189038143,TN-HH-00005236,tn_elderly_pension_001,1.0,POLICY-RUN-8C351476BB,TN-SYN-P-000005236,TN-HH-00005236,True,False,ELIGIBLE_ALL_RULES_PASSED,ELIGIBLE_ALL_RULES_PASSED,R_AGE;R_INCOME,,True,SELECTED,180000.0,2160000.0,2207283.22
TN-SYN-P-000005245,Ariyalur,15,Rural,65,Female,2,2,2,Others,Illiterate,Not literate,Not in labour force,Not in labour force,0.0,3958.0,Other Backward Class,1.0,1.05622434506,1.05570913428,1.05570913428,1.05570913428,TN-HH-00005245,tn_elderly_pension_001,1.0,POLICY-RUN-8C351476BB,TN-SYN-P-000005245,TN-HH-00005245,True,False,ELIGIBLE_ALL_RULES_PASSED,ELIGIBLE_ALL_RULES_PASSED,R_AGE;R_INCOME,,True,SELECTED,180000.0,2160000.0,2280331.73
TN-SYN-P-000005254,Salem,07,Urban,84,Male,3,7,6,Self-employed in agriculture,Illiterate,Not literate,Not in labour force,Not in labour force,0.0,14650.0,Other Backward Class,1.0,1.0201184824,1.01962499739,1.01962499739,1.01962499739,TN-HH-00005254,tn_elderly_pension_001,1.0,POLICY-RUN-8C351476BB,TN-SYN-P-000005254,TN-HH-00005254,True,False,ELIGIBLE_ALL_RULES_PASSED,ELIGIBLE_ALL_RULES_PASSED,R_AGE;R_INCOME,,True,SELECTED,180000.0,2160000.0,2202389.99
TN-SYN-P-000005261,Tiruppur,32,Rural,60,Female,3,1,4,Regular wage/salary earning,Illiterate,Not literate,Not in labour force,Not in labour force,0.0,6758.0,Scheduled Caste,1.0,0.88208608392,0.881675656319,0.881675656319,0.881675656319,TN-HH-00005261,tn_elderly_pension_001,1.0,POLICY-RUN-8C351476BB,TN-SYN-P-000005261,TN-HH-00005261,True,False,ELIGIBLE_ALL_RULES_PASSED,ELIGIBLE_ALL_RULES_PASSED,R_AGE;R_INCOME,,True,SELECTED,180000.0,2160000.0,1904419.42
TN-SYN-P-000005267,Pudukkottai,20,Rural,64,Female,2,7,5,Regular wage/salary earning,Literate,Secondary,Not in labour force,Not in labour force,0.0,8831.0,Other Backward Class,1.0,1.05622434506,1.05570913428,1.05570913428,1.05570913428,TN-HH-00005267,tn_elderly_pension_001,1.0,POLICY-RUN-8C351476BB,TN-SYN-P-000005267,TN-HH-00005267,True,False,ELIGIBLE_ALL_RULES_PASSED,ELIGIBLE_ALL_RULES_PASSED,R_AGE;R_INCOME,,True,SELECTED,180000.0,2160000.0,2280331.73
TN-SYN-P-000005275,Thiruvarur,18,Rural,72,Male,3,1,4,Self-employed in agriculture,Literate,Below Primary,Employed,Employed,0.0,12029.0,Other Backward Class,1.0,1.05388257177,1.0533687701,1.0533687701,1.0533687701,TN-HH-00005275,tn_elderly_pension_001,1.0,POLICY-RUN-8C351476BB,TN-SYN-P-000005275,TN-HH-00005275,True,False,ELIGIBLE_ALL_RULES_PASSED,ELIGIBLE_ALL_RULES_PASSED,R_AGE;R_INCOME,,True,SELECTED,180000.0,2160000.0,2275276.54
TN-SYN-P-000005281,Krishnagiri,30,Urban,76,Male,3,1,3,Self-employed in non-agriculture,Literate,Diploma/Certificate,Not in labour force,Not in labour force,0.0,19895.0,Other Backward Class,1.0,1.0201184824,1.01962499739,1.01962499739,1.01962499739,TN-HH-00005281,tn_elderly_pension_001,1.0,POLICY-RUN-8C351476BB,TN-SYN-P-000005281,TN-HH-00005281,True,False,ELIGIBLE_ALL_RULES_PASSED,ELIGIBLE_ALL_RULES_PASSED,R_AGE;R_INCOME,,True,SELECTED,180000.0,2160000.0,2202389.99
TN-SYN-P-000005292,Thiruvarur,18,Rural,68,Male,3,7,5,Self-employed in non-agriculture,Literate,Middle,Employed,Employed,0.0,17208.0,Other Backward Class,1.0,1.05388257177,1.0533687701,1.0533687701,1.0533687701,TN-HH-00005292,tn_elderly_pension_001,1.0,POLICY-RUN-8C351476BB,TN-SYN-P-000005292,TN-HH-00005292,True,False,ELIGIBLE_ALL_RULES_PASSED,ELIGIBLE_ALL_RULES_PASSED,R_AGE;R_INCOME,,True,SELECTED,180000.0,2160000.0,2275276.54
TN-SYN-P-000005297,Pudukkottai,20,Rural,64,Female,2,7,5,Regular wage/salary earning,Literate,Secondary,Not in labour force,Not in labour force,0.0,8831.0,Other Backward Class,1.0,1.05622434506,1.05570913428,1.05570913428,1.05570913428,TN-HH-00005297,tn_elderly_pension_001,1.0,POLICY-RUN-8C351476BB,TN-SYN-P-000005297,TN-HH-00005297,True,False,ELIGIBLE_ALL_RULES_PASSED,ELIGIBLE_ALL_RULES_PASSED,R_AGE;R_INCOME,,True,SELECTED,180000.0,2160000.0,2280331.73
TN-SYN-P-000005310,Kancheepuram,03,Rural,60,Male,2,1,8,Regular wage/salary earning,Literate,Middle,Employed,Employed,8000.0,35417.0,Scheduled Caste,1.0,0.88013039559,0.879721144774,0.879721144774,0.879721144774,TN-HH-00005310,tn_elderly_pension_001,1.0,POLICY-RUN-8C351476BB,TN-SYN-P-000005310,TN-HH-00005310,True,False,ELIGIBLE_ALL_RULES_PASSED,ELIGIBLE_ALL_RULES_PASSED,R_AGE;R_INCOME,,True,SELECTED,180000.0,2160000.0,1900197.67
TN-SYN-P-000005315,Tenkasi,33,Rural,65,Female,3,1,1,Others,Literate,Primary,Not in labour force,Not in labour force,0.0,2133.0,Scheduled Caste,1.0,0.88208608392,0.881675656319,0.881675656319,0.881675656319,TN-HH-00005315,tn_elderly_pension_001,1.0,POLICY-RUN-8C351476BB,TN-SYN-P-000005315,TN-HH-00005315,True,False,ELIGIBLE_ALL_RULES_PASSED,ELIGIBLE_ALL_RULES_PASSED,R_AGE;R_INCOME,,True,SELECTED,180000.0,2160000.0,1904419.42
TN-SYN-P-000005326,Krishnagiri,30,Urban,61,Female,2,2,4,Self-employed in non-agriculture,Literate,Higher Secondary,Not in labour force,Not in labour force,0.0,19566.0,Other Backward Class,1.0,1.0223852304,1.02189038143,1.02189038143,1.02189038143,TN-HH-00005326,tn_elderly_pension_001,1.0,POLICY-RUN-8C351476BB,TN-SYN-P-000005326,TN-HH-00005326,True,False,ELIGIBLE_ALL_RULES_PASSED,ELIGIBLE_ALL_RULES_PASSED,R_AGE;R_INCOME,,True,SELECTED,180000.0,2160000.0,2207283.22
TN-SYN-P-000005332,The Nilgiris,10,Urban,63,Female,2,2,2,Others,Literate,Primary,Not in labour force,Not in labour force,0.0,10067.0,Other Backward Class,1.0,1.0223852304,1.02189038143,1.02189038143,1.02189038143,TN-HH-00005332,tn_elderly_pension_001,1.0,POLICY-RUN-8C351476BB,TN-SYN-P-000005332,TN-HH-00005332,True,False,ELIGIBLE_ALL_RULES_PASSED,ELIGIBLE_ALL_RULES_PASSED,R_AGE;R_INCOME,,True,SELECTED,180000.0,2160000.0,2207283.22
TN-SYN-P-000005333,Theni,23,Urban,60,Male,2,1,2,Others,Literate,Diploma/Certificate,Not in labour force,Not in labour force,0.0,17781.0,Other Backward Class,1.0,1.0201184824,1.01962499739,1.01962499739,1.01962499739,TN-HH-00005333,tn_elderly_pension_001,1.0,POLICY-RUN-8C351476BB,TN-SYN-P-000005333,TN-HH-00005333,True,False,ELIGIBLE_ALL_RULES_PASSED,ELIGIBLE_ALL_RULES_PASSED,R_AGE;R_INCOME,,True,SELECTED,180000.0,2160000.0,2202389.99
TN-SYN-P-000005340,Dharmapuri,29,Rural,70,Male,2,1,2,Self-employed in agriculture,Literate,Primary,Employed,Employed,0.0,7194.0,Other Backward Class,1.0,1.05388257177,1.0533687701,1.0533687701,1.0533687701,TN-HH-00005340,tn_elderly_pension_001,1.0,POLICY-RUN-8C351476BB,TN-SYN-P-000005340,TN-HH-00005340,True,False,ELIGIBLE_ALL_RULES_PASSED,ELIGIBLE_ALL_RULES_PASSED,R_AGE;R_INCOME,,True,SELECTED,180000.0,2160000.0,2275276.54
TN-SYN-P-000005343,Chennai,02,Urban,74,Male,2,1,2,Others,Literate,Diploma/Certificate,Not in labour force,Not in labour force,0.0,15008.0,Other Backward Class,1.0,1.0201184824,1.01962499739,1.01962499739,1.01962499739,TN-HH-00005343,tn_elderly_pension_001,1.0,POLICY-RUN-8C351476BB,TN-SYN-P-000005343,TN-HH-00005343,True,False,ELIGIBLE_ALL_RULES_PASSED,ELIGIBLE_ALL_RULES_PASSED,R_AGE;R_INCOME,,True,SELECTED,180000.0,2160000.0,2202389.99
TN-SYN-P-000005355,Tiruvannamalai,05,Rural,60,Male,2,1,3,Casual labour in non-agriculture,Illiterate,Not literate,Not in labour force,Not in labour force,0.0,4644.0,Other Backward Class,1.0,1.05388257177,1.0533687701,1.0533687701,1.0533687701,TN-HH-00005355,tn_elderly_pension_001,1.0,POLICY-RUN-8C351476BB,TN-SYN-P-000005355,TN-HH-00005355,True,False,ELIGIBLE_ALL_RULES_PASSED,ELIGIBLE_ALL_RULES_PASSED,R_AGE;R_INCOME,,True,SELECTED,180000.0,2160000.0,2275276.54
TN-SYN-P-000005368,Tiruvannamalai,05,Rural,61,Male,2,1,4,Self-employed in agriculture,Literate,Primary,Employed,Employed,0.0,7854.0,Other Backward Class,1.0,1.05388257177,1.0533687701,1.0533687701,1.0533687701,TN-HH-00005368,tn_elderly_pension_001,1.0,POLICY-RUN-8C351476BB,TN-SYN-P-000005368,TN-HH-00005368,True,False,ELIGIBLE_ALL_RULES_PASSED,ELIGIBLE_ALL_RULES_PASSED,R_AGE;R_INCOME,,True,SELECTED,180000.0,2160000.0,2275276.54
TN-SYN-P-000005373,Salem,07,Urban,73,Male,2,1,2,Others,Literate,Higher Secondary,Not in labour force,Not in labour force,0.0,17133.0,Other Backward Class,1.0,1.0201184824,1.01962499739,1.01962499739,1.01962499739,TN-HH-00005373,tn_elderly_pension_001,1.0,POLICY-RUN-8C351476BB,TN-SYN-P-000005373,TN-HH-00005373,True,False,ELIGIBLE_ALL_RULES_PASSED,ELIGIBLE_ALL_RULES_PASSED,R_AGE;R_INCOME,,True,SELECTED,180000.0,2160000.0,2202389.99
TN-SYN-P-000005376,Chennai,02,Urban,68,Male,2,1,2,Others,Literate,Middle,Not in labour force,Not in labour force,0.0,7283.0,Other Backward Class,1.0,1.0201184824,1.01962499739,1.01962499739,1.01962499739,TN-HH-00005376,tn_elderly_pension_001,1.0,POLICY-RUN-8C351476BB,TN-SYN-P-000005376,TN-HH-00005376,True,False,ELIGIBLE_ALL_RULES_PASSED,ELIGIBLE_ALL_RULES_PASSED,R_AGE;R_INCOME,,True,SELECTED,180000.0,2160000.0,2202389.99
TN-SYN-P-000005388,Coimbatore,31,Urban,64,Female,2,2,6,Self-employed in non-agriculture,Illiterate,Not literate,Employed,Employed,7500.0,25167.0,Other Backward Class,1.0,1.0223852304,1.02189038143,1.02189038143,1.02189038143,TN-HH-00005388,tn_elderly_pension_001,1.0,POLICY-RUN-8C351476BB,TN-SYN-P-000005388,TN-HH-00005388,True,False,ELIGIBLE_ALL_RULES_PASSED,ELIGIBLE_ALL_RULES_PASSED,R_AGE;R_INCOME,,True,SELECTED,180000.0,2160000.0,2207283.22
TN-SYN-P-000005406,Krishnagiri,30,Rural,62,Male,2,1,6,Self-employed in agriculture,Literate,Primary,Employed,Employed,0.0,15943.0,Other Backward Class,1.0,1.05388257177,1.0533687701,1.0533687701,1.0533687701,TN-HH-00005406,tn_elderly_pension_001,1.0,POLICY-RUN-8C351476BB,TN-SYN-P-000005406,TN-HH-00005406,True,False,ELIGIBLE_ALL_RULES_PASSED,ELIGIBLE_ALL_RULES_PASSED,R_AGE;R_INCOME,,True,SELECTED,180000.0,2160000.0,2275276.54
TN-SYN-P-000005407,Erode,09,Urban,61,Female,3,1,2,Self-employed in non-agriculture,Illiterate,Not literate,Not in labour force,Not in labour force,0.0,10203.0,Scheduled Caste,1.0,0.853825977746,0.853432554931,0.853432554931,0.853432554931,TN-HH-00005407,tn_elderly_pension_001,1.0,POLICY-RUN-8C351476BB,TN-SYN-P-000005407,TN-HH-00005407,True,False,ELIGIBLE_ALL_RULES_PASSED,ELIGIBLE_ALL_RULES_PASSED,R_AGE;R_INCOME,,True,SELECTED,180000.0,2160000.0,1843414.32
TN-SYN-P-000005412,Sivaganga,21,Rural,65,Male,2,1,2,Self-employed in non-agriculture,Literate,Primary,Employed,Employed,0.0,5383.0,Other Backward Class,1.0,1.05388257177,1.0533687701,1.0533687701,1.0533687701,TN-HH-00005412,tn_elderly_pension_001,1.0,POLICY-RUN-8C351476BB,TN-SYN-P-000005412,TN-HH-00005412,True,False,ELIGIBLE_ALL_RULES_PASSED,ELIGIBLE_ALL_RULES_PASSED,R_AGE;R_INCOME,,True,SELECTED,180000.0,2160000.0,2275276.54
TN-SYN-P-000005422,Thiruvarur,18,Rural,69,Female,2,7,4,Others,Literate,Below Primary,Not in labour force,Not in labour force,0.0,15038.0,Other Backward Class,1.0,1.05622434506,1.05570913428,1.05570913428,1.05570913428,TN-HH-00005422,tn_elderly_pension_001,1.0,POLICY-RUN-8C351476BB,TN-SYN-P-000005422,TN-HH-00005422,True,False,ELIGIBLE_ALL_RULES_PASSED,ELIGIBLE_ALL_RULES_PASSED,R_AGE;R_INCOME,,True,SELECTED,180000.0,2160000.0,2280331.73
TN-SYN-P-000005426,Coimbatore,31,Urban,65,Female,2,2,3,Others,Literate,Primary,Not in labour force,Not in labour force,0.0,8460.0,Other Backward Class,1.0,1.0223852304,1.02189038143,1.02189038143,1.02189038143,TN-HH-00005426,tn_elderly_pension_001,1.0,POLICY-RUN-8C351476BB,TN-SYN-P-000005426,TN-HH-00005426,True,False,ELIGIBLE_ALL_RULES_PASSED,ELIGIBLE_ALL_RULES_PASSED,R_AGE;R_INCOME,,True,SELECTED,180000.0,2160000.0,2207283.22
TN-SYN-P-000005455,Salem,07,Rural,60,Male,2,1,3,Regular wage/salary earning,Literate,Middle,Employed,Employed,8000.0,9083.0,Other Backward Class,1.0,1.05388257177,1.0533687701,1.0533687701,1.0533687701,TN-HH-00005455,tn_elderly_pension_001,1.0,POLICY-RUN-8C351476BB,TN-SYN-P-000005455,TN-HH-00005455,True,False,ELIGIBLE_ALL_RULES_PASSED,ELIGIBLE_ALL_RULES_PASSED,R_AGE;R_INCOME,,True,SELECTED,180000.0,2160000.0,2275276.54
TN-SYN-P-000005457,Madurai,22,Urban,74,Female,3,7,5,Self-employed in agriculture,Illiterate,Not literate,Not in labour force,Not in labour force,0.0,16000.0,Other Backward Class,1.0,1.0223852304,1.02189038143,1.02189038143,1.02189038143,TN-HH-00005457,tn_elderly_pension_001,1.0,POLICY-RUN-8C351476BB,TN-SYN-P-000005457,TN-HH-00005457,True,False,ELIGIBLE_ALL_RULES_PASSED,ELIGIBLE_ALL_RULES_PASSED,R_AGE;R_INCOME,,True,SELECTED,180000.0,2160000.0,2207283.22
TN-SYN-P-000005472,Tiruvannamalai,05,Rural,70,Female,2,2,3,Self-employed in non-agriculture,Illiterate,Not literate,Not in labour force,Not in labour force,0.0,3475.0,Other Backward Class,1.0,1.05622434506,1.05570913428,1.05570913428,1.05570913428,TN-HH-00005472,tn_elderly_pension_001,1.0,POLICY-RUN-8C351476BB,TN-SYN-P-000005472,TN-HH-00005472,True,False,ELIGIBLE_ALL_RULES_PASSED,ELIGIBLE_ALL_RULES_PASSED,R_AGE;R_INCOME,,True,SELECTED,180000.0,2160000.0,2280331.73
TN-SYN-P-000005475,Coimbatore,31,Urban,75,Male,2,1,6,Self-employed in non-agriculture,Illiterate,Not literate,Not in labour force,Not in labour force,0.0,25167.0,Other Backward Class,1.0,1.0201184824,1.01962499739,1.01962499739,1.01962499739,TN-HH-00005475,tn_elderly_pension_001,1.0,POLICY-RUN-8C351476BB,TN-SYN-P-000005475,TN-HH-00005475,True,False,ELIGIBLE_ALL_RULES_PASSED,ELIGIBLE_ALL_RULES_PASSED,R_AGE;R_INCOME,,True,SELECTED,180000.0,2160000.0,2202389.99
TN-SYN-P-000005483,Salem,07,Rural,71,Female,3,7,6,Casual labour in non-agriculture,Illiterate,Not literate,Not in labour force,Not in labour force,0.0,9942.0,Other Backward Class,1.0,1.05622434506,1.05570913428,1.05570913428,1.05570913428,TN-HH-00005483,tn_elderly_pension_001,1.0,POLICY-RUN-8C351476BB,TN-SYN-P-000005483,TN-HH-00005483,True,False,ELIGIBLE_ALL_RULES_PASSED,ELIGIBLE_ALL_RULES_PASSED,R_AGE;R_INCOME,,True,SELECTED,180000.0,2160000.0,2280331.73
TN-SYN-P-000005488,Tenkasi,33,Urban,69,Female,3,1,4,Self-employed in non-agriculture,Literate,Middle,Not in labour force,Not in labour force,0.0,11828.0,Scheduled Caste,1.0,0.853825977746,0.853432554931,0.853432554931,0.853432554931,TN-HH-00005488,tn_elderly_pension_001,1.0,POLICY-RUN-8C351476BB,TN-SYN-P-000005488,TN-HH-00005488,True,False,ELIGIBLE_ALL_RULES_PASSED,ELIGIBLE_ALL_RULES_PASSED,R_AGE;R_INCOME,,True,SELECTED,180000.0,2160000.0,1843414.32
TN-SYN-P-000005492,Tiruvannamalai,05,Rural,70,Female,2,2,3,Self-employed in non-agriculture,Illiterate,Not literate,Not in labour force,Not in labour force,0.0,3475.0,Other Backward Class,1.0,1.05622434506,1.05570913428,1.05570913428,1.05570913428,TN-HH-00005492,tn_elderly_pension_001,1.0,POLICY-RUN-8C351476BB,TN-SYN-P-000005492,TN-HH-00005492,True,False,ELIGIBLE_ALL_RULES_PASSED,ELIGIBLE_ALL_RULES_PASSED,R_AGE;R_INCOME,,True,SELECTED,180000.0,2160000.0,2280331.73
TN-SYN-P-000005494,Chennai,02,Urban,63,Female,2,2,2,Self-employed in non-agriculture,Literate,Diploma/Certificate,Not in labour force,Not in labour force,0.0,9418.0,Others,1.0,1.0223852304,1.02189038143,1.02189038143,1.02189038143,TN-HH-00005494,tn_elderly_pension_001,1.0,POLICY-RUN-8C351476BB,TN-SYN-P-000005494,TN-HH-00005494,True,False,ELIGIBLE_ALL_RULES_PASSED,ELIGIBLE_ALL_RULES_PASSED,R_AGE;R_INCOME,,True,SELECTED,180000.0,2160000.0,2207283.22
TN-SYN-P-000005499,Ramanathapuram,25,Urban,71,Male,2,1,6,Self-employed in agriculture,Literate,Below Primary,Not in labour force,Not in labour force,0.0,11733.0,Other Backward Class,1.0,1.0201184824,1.01962499739,1.01962499739,1.01962499739,TN-HH-00005499,tn_elderly_pension_001,1.0,POLICY-RUN-8C351476BB,TN-SYN-P-000005499,TN-HH-00005499,True,False,ELIGIBLE_ALL_RULES_PASSED,ELIGIBLE_ALL_RULES_PASSED,R_AGE;R_INCOME,,True,SELECTED,180000.0,2160000.0,2202389.99
TN-SYN-P-000005501,Thanjavur,19,Urban,64,Male,2,1,2,Others,Illiterate,Not literate,Not in labour force,Not in labour force,0.0,5085.0,Other Backward Class,1.0,1.0201184824,1.01962499739,1.01962499739,1.01962499739,TN-HH-00005501,tn_elderly_pension_001,1.0,POLICY-RUN-8C351476BB,TN-SYN-P-000005501,TN-HH-00005501,True,False,ELIGIBLE_ALL_RULES_PASSED,ELIGIBLE_ALL_RULES_PASSED,R_AGE;R_INCOME,,True,SELECTED,180000.0,2160000.0,2202389.99
TN-SYN-P-000005503,Tiruvannamalai,05,Rural,69,Male,2,1,6,Self-employed in agriculture,Illiterate,Not literate,Not in labour force,Not in labour force,0.0,10682.0,Other Backward Class,1.0,1.05388257177,1.0533687701,1.0533687701,1.0533687701,TN-HH-00005503,tn_elderly_pension_001,1.0,POLICY-RUN-8C351476BB,TN-SYN-P-000005503,TN-HH-00005503,True,False,ELIGIBLE_ALL_RULES_PASSED,ELIGIBLE_ALL_RULES_PASSED,R_AGE;R_INCOME,,True,SELECTED,180000.0,2160000.0,2275276.54
TN-SYN-P-000005505,Thiruvallur,01,Rural,70,Male,2,2,2,Casual labour in non-agriculture,Illiterate,Not literate,Not in labour force,Not in labour force,0.0,6403.0,Scheduled Caste,1.0,0.88013039559,0.879721144774,0.879721144774,0.879721144774,TN-HH-00005505,tn_elderly_pension_001,1.0,POLICY-RUN-8C351476BB,TN-SYN-P-000005505,TN-HH-00005505,True,False,ELIGIBLE_ALL_RULES_PASSED,ELIGIBLE_ALL_RULES_PASSED,R_AGE;R_INCOME,,True,SELECTED,180000.0,2160000.0,1900197.67
TN-SYN-P-000005510,Salem,07,Urban,81,Male,2,1,4,Self-employed in non-agriculture,Literate,Secondary,Not in labour force,Not in labour force,0.0,29217.0,Other Backward Class,1.0,1.0201184824,1.01962499739,1.01962499739,1.01962499739,TN-HH-00005510,tn_elderly_pension_001,1.0,POLICY-RUN-8C351476BB,TN-SYN-P-000005510,TN-HH-00005510,True,False,ELIGIBLE_ALL_RULES_PASSED,ELIGIBLE_ALL_RULES_PASSED,R_AGE;R_INCOME,,True,SELECTED,180000.0,2160000.0,2202389.99
TN-SYN-P-000005517,Ramanathapuram,25,Rural,72,Male,3,7,6,Self-employed in non-agriculture,Illiterate,Not literate,Not in labour force,Not in labour force,0.0,15753.0,Other Backward Class,1.0,1.05388257177,1.0533687701,1.0533687701,1.0533687701,TN-HH-00005517,tn_elderly_pension_001,1.0,POLICY-RUN-8C351476BB,TN-SYN-P-000005517,TN-HH-00005517,True,False,ELIGIBLE_ALL_RULES_PASSED,ELIGIBLE_ALL_RULES_PASSED,R_AGE;R_INCOME,,True,SELECTED,180000.0,2160000.0,2275276.54
TN-SYN-P-000005524,Pudukkottai,20,Rural,60,Male,2,1,2,Self-employed in non-agriculture,Literate,Below Primary,Employed,Employed,0.0,5158.0,Other Backward Class,1.0,1.05388257177,1.0533687701,1.0533687701,1.0533687701,TN-HH-00005524,tn_elderly_pension_001,1.0,POLICY-RUN-8C351476BB,TN-SYN-P-000005524,TN-HH-00005524,True,False,ELIGIBLE_ALL_RULES_PASSED,ELIGIBLE_ALL_RULES_PASSED,R_AGE;R_INCOME,,True,SELECTED,180000.0,2160000.0,2275276.54
TN-SYN-P-000005525,Tiruvannamalai,05,Urban,75,Female,3,1,1,Others,Illiterate,Not literate,Not in labour force,Not in labour force,0.0,1970.0,Other Backward Class,1.0,1.0223852304,1.02189038143,1.02189038143,1.02189038143,TN-HH-00005525,tn_elderly_pension_001,1.0,POLICY-RUN-8C351476BB,TN-SYN-P-000005525,TN-HH-00005525,True,False,ELIGIBLE_ALL_RULES_PASSED,ELIGIBLE_ALL_RULES_PASSED,R_AGE;R_INCOME,,True,SELECTED,180000.0,2160000.0,2207283.22
TN-SYN-P-000005526,Madurai,22,Urban,73,Female,3,1,5,Self-employed in non-agriculture,Literate,Middle,Not in labour force,Not in labour force,0.0,19665.0,Other Backward Class,1.0,1.0223852304,1.02189038143,1.02189038143,1.02189038143,TN-HH-00005526,tn_elderly_pension_001,1.0,POLICY-RUN-8C351476BB,TN-SYN-P-000005526,TN-HH-00005526,True,False,ELIGIBLE_ALL_RULES_PASSED,ELIGIBLE_ALL_RULES_PASSED,R_AGE;R_INCOME,,True,SELECTED,180000.0,2160000.0,2207283.22
TN-SYN-P-000005549,Kallakurichi,34,Rural,74,Male,2,1,7,Casual labour in agriculture,Illiterate,Not literate,Not in labour force,Not in labour force,0.0,10888.0,Scheduled Tribe,1.0,1.19808106179,1.19748049242,1.19748049242,1.19748049242,TN-HH-00005549,tn_elderly_pension_001,1.0,POLICY-RUN-8C351476BB,TN-SYN-P-000005549,TN-HH-00005549,True,False,ELIGIBLE_ALL_RULES_PASSED,ELIGIBLE_ALL_RULES_PASSED,R_AGE;R_INCOME,,True,SELECTED,180000.0,2160000.0,2586557.86
TN-SYN-P-000005557,Ramanathapuram,25,Urban,62,Female,2,2,6,Self-employed in agriculture,Literate,Below Primary,Not in labour force,Not in labour force,0.0,11733.0,Other Backward Class,1.0,1.0223852304,1.02189038143,1.02189038143,1.02189038143,TN-HH-00005557,tn_elderly_pension_001,1.0,POLICY-RUN-8C351476BB,TN-SYN-P-000005557,TN-HH-00005557,True,False,ELIGIBLE_ALL_RULES_PASSED,ELIGIBLE_ALL_RULES_PASSED,R_AGE;R_INCOME,,True,SELECTED,180000.0,2160000.0,2207283.22
TN-SYN-P-000005579,Chennai,02,Urban,60,Female,2,2,2,Others,Literate,Primary,Not in labour force,Not in labour force,0.0,10267.0,Others,1.0,1.0223852304,1.02189038143,1.02189038143,1.02189038143,TN-HH-00005579,tn_elderly_pension_001,1.0,POLICY-RUN-8C351476BB,TN-SYN-P-000005579,TN-HH-00005579,True,False,ELIGIBLE_ALL_RULES_PASSED,ELIGIBLE_ALL_RULES_PASSED,R_AGE;R_INCOME,,True,SELECTED,180000.0,2160000.0,2207283.22
TN-SYN-P-000005581,Tirunelveli,27,Urban,69,Female,3,1,1,Others,Literate,Middle,Not in labour force,Not in labour force,0.0,5650.0,Other Backward Class,1.0,1.0223852304,1.02189038143,1.02189038143,1.02189038143,TN-HH-00005581,tn_elderly_pension_001,1.0,POLICY-RUN-8C351476BB,TN-SYN-P-000005581,TN-HH-00005581,True,False,ELIGIBLE_ALL_RULES_PASSED,ELIGIBLE_ALL_RULES_PASSED,R_AGE;R_INCOME,,True,SELECTED,180000.0,2160000.0,2207283.22
TN-SYN-P-000005594,Thiruvallur,01,Urban,68,Male,2,1,3,Self-employed in non-agriculture,Literate,Below Primary,Not in labour force,Not in labour force,0.0,8663.0,Others,1.0,1.0201184824,1.01962499739,1.01962499739,1.01962499739,TN-HH-00005594,tn_elderly_pension_001,1.0,POLICY-RUN-8C351476BB,TN-SYN-P-000005594,TN-HH-00005594,True,False,ELIGIBLE_ALL_RULES_PASSED,ELIGIBLE_ALL_RULES_PASSED,R_AGE;R_INCOME,,True,SELECTED,180000.0,2160000.0,2202389.99
TN-SYN-P-000005608,Tiruchirappalli,13,Urban,60,Male,2,1,6,Self-employed in non-agriculture,Literate,Middle,Not in labour force,Not in labour force,0.0,16161.0,Other Backward Class,1.0,1.0201184824,1.01962499739,1.01962499739,1.01962499739,TN-HH-00005608,tn_elderly_pension_001,1.0,POLICY-RUN-8C351476BB,TN-SYN-P-000005608,TN-HH-00005608,True,False,ELIGIBLE_ALL_RULES_PASSED,ELIGIBLE_ALL_RULES_PASSED,R_AGE;R_INCOME,,True,SELECTED,180000.0,2160000.0,2202389.99
TN-SYN-P-000005614,Tiruvannamalai,05,Rural,75,Male,2,1,3,Self-employed in non-agriculture,Illiterate,Not literate,Not in labour force,Not in labour force,0.0,3475.0,Other Backward Class,1.0,1.05388257177,1.0533687701,1.0533687701,1.0533687701,TN-HH-00005614,tn_elderly_pension_001,1.0,POLICY-RUN-8C351476BB,TN-SYN-P-000005614,TN-HH-00005614,True,False,ELIGIBLE_ALL_RULES_PASSED,ELIGIBLE_ALL_RULES_PASSED,R_AGE;R_INCOME,,True,SELECTED,180000.0,2160000.0,2275276.54
TN-SYN-P-000005633,Pudukkottai,20,Rural,60,Female,3,1,4,Casual labour in agriculture,Literate,Below Primary,Employed,Employed,0.0,12427.0,Other Backward Class,1.0,1.05622434506,1.05570913428,1.05570913428,1.05570913428,TN-HH-00005633,tn_elderly_pension_001,1.0,POLICY-RUN-8C351476BB,TN-SYN-P-000005633,TN-HH-00005633,True,False,ELIGIBLE_ALL_RULES_PASSED,ELIGIBLE_ALL_RULES_PASSED,R_AGE;R_INCOME,,True,SELECTED,180000.0,2160000.0,2280331.73
TN-SYN-P-000005634,Namakkal,08,Rural,61,Female,2,2,2,Others,Literate,Below Primary,Not in labour force,Not in labour force,0.0,10256.0,Other Backward Class,1.0,1.05622434506,1.05570913428,1.05570913428,1.05570913428,TN-HH-00005634,tn_elderly_pension_001,1.0,POLICY-RUN-8C351476BB,TN-SYN-P-000005634,TN-HH-00005634,True,False,ELIGIBLE_ALL_RULES_PASSED,ELIGIBLE_ALL_RULES_PASSED,R_AGE;R_INCOME,,True,SELECTED,180000.0,2160000.0,2280331.73
TN-SYN-P-000005647,Salem,07,Urban,64,Male,2,1,4,Self-employed in agriculture,Literate,Secondary,Employed,Employed,0.0,17467.0,Other Backward Class,1.0,1.0201184824,1.01962499739,1.01962499739,1.01962499739,TN-HH-00005647,tn_elderly_pension_001,1.0,POLICY-RUN-8C351476BB,TN-SYN-P-000005647,TN-HH-00005647,True,False,ELIGIBLE_ALL_RULES_PASSED,ELIGIBLE_ALL_RULES_PASSED,R_AGE;R_INCOME,,True,SELECTED,180000.0,2160000.0,2202389.99
TN-SYN-P-000005648,Dindigul,11,Rural,69,Male,3,8,3,Others,Illiterate,Not literate,Not in labour force,Not in labour force,0.0,5330.0,Scheduled Caste,1.0,0.88013039559,0.879721144774,0.879721144774,0.879721144774,TN-HH-00005648,tn_elderly_pension_001,1.0,POLICY-RUN-8C351476BB,TN-SYN-P-000005648,TN-HH-00005648,True,False,ELIGIBLE_ALL_RULES_PASSED,ELIGIBLE_ALL_RULES_PASSED,R_AGE;R_INCOME,,True,SELECTED,180000.0,2160000.0,1900197.67
TN-SYN-P-000005655,Pudukkottai,20,Rural,60,Female,2,7,6,Self-employed in agriculture,Illiterate,Not literate,Employed,Employed,0.0,9368.0,Other Backward Class,1.0,1.05622434506,1.05570913428,1.05570913428,1.05570913428,TN-HH-00005655,tn_elderly_pension_001,1.0,POLICY-RUN-8C351476BB,TN-SYN-P-000005655,TN-HH-00005655,True,False,ELIGIBLE_ALL_RULES_PASSED,ELIGIBLE_ALL_RULES_PASSED,R_AGE;R_INCOME,,True,SELECTED,180000.0,2160000.0,2280331.73
TN-SYN-P-000005669,Thiruvallur,01,Urban,75,Female,3,1,4,Self-employed in non-agriculture,Literate,Middle,Not in labour force,Not in labour force,0.0,25013.0,Scheduled Caste,1.0,0.853825977746,0.853432554931,0.853432554931,0.853432554931,TN-HH-00005669,tn_elderly_pension_001,1.0,POLICY-RUN-8C351476BB,TN-SYN-P-000005669,TN-HH-00005669,True,False,ELIGIBLE_ALL_RULES_PASSED,ELIGIBLE_ALL_RULES_PASSED,R_AGE;R_INCOME,,True,SELECTED,180000.0,2160000.0,1843414.32
TN-SYN-P-000005673,Kancheepuram,03,Urban,62,Male,2,1,2,Others,Literate,Secondary,Not in labour force,Not in labour force,0.0,12383.0,Other Backward Class,1.0,1.0201184824,1.01962499739,1.01962499739,1.01962499739,TN-HH-00005673,tn_elderly_pension_001,1.0,POLICY-RUN-8C351476BB,TN-SYN-P-000005673,TN-HH-00005673,True,False,ELIGIBLE_ALL_RULES_PASSED,ELIGIBLE_ALL_RULES_PASSED,R_AGE;R_INCOME,,True,SELECTED,180000.0,2160000.0,2202389.99
TN-SYN-P-000005678,Ariyalur,15,Rural,67,Female,2,2,2,Self-employed in agriculture,Literate,Below Primary,Employed,Employed,0.0,6670.0,Other Backward Class,1.0,1.05622434506,1.05570913428,1.05570913428,1.05570913428,TN-HH-00005678,tn_elderly_pension_001,1.0,POLICY-RUN-8C351476BB,TN-SYN-P-000005678,TN-HH-00005678,True,False,ELIGIBLE_ALL_RULES_PASSED,ELIGIBLE_ALL_RULES_PASSED,R_AGE;R_INCOME,,True,SELECTED,180000.0,2160000.0,2280331.73
TN-SYN-P-000005690,Madurai,22,Urban,60,Male,2,1,4,Others,Literate,Secondary,Not in labour force,Not in labour force,0.0,20328.0,Other Backward Class,1.0,1.0201184824,1.01962499739,1.01962499739,1.01962499739,TN-HH-00005690,tn_elderly_pension_001,1.0,POLICY-RUN-8C351476BB,TN-SYN-P-000005690,TN-HH-00005690,True,False,ELIGIBLE_ALL_RULES_PASSED,ELIGIBLE_ALL_RULES_PASSED,R_AGE;R_INCOME,,True,SELECTED,180000.0,2160000.0,2202389.99
TN-SYN-P-000005692,Krishnagiri,30,Urban,78,Female,3,1,1,Others,Illiterate,Not literate,Not in labour force,Not in labour force,0.0,3013.0,Scheduled Caste,1.0,0.853825977746,0.853432554931,0.853432554931,0.853432554931,TN-HH-00005692,tn_elderly_pension_001,1.0,POLICY-RUN-8C351476BB,TN-SYN-P-000005692,TN-HH-00005692,True,False,ELIGIBLE_ALL_RULES_PASSED,ELIGIBLE_ALL_RULES_PASSED,R_AGE;R_INCOME,,True,SELECTED,180000.0,2160000.0,1843414.32
TN-SYN-P-000005693,Thiruvarur,18,Rural,75,Male,2,1,5,Regular wage/salary earning,Literate,Secondary,Employed,Employed,6500.0,17192.0,Other Backward Class,1.0,1.05388257177,1.0533687701,1.0533687701,1.0533687701,TN-HH-00005693,tn_elderly_pension_001,1.0,POLICY-RUN-8C351476BB,TN-SYN-P-000005693,TN-HH-00005693,True,False,ELIGIBLE_ALL_RULES_PASSED,ELIGIBLE_ALL_RULES_PASSED,R_AGE;R_INCOME,,True,SELECTED,180000.0,2160000.0,2275276.54
TN-SYN-P-000005705,Sivaganga,21,Rural,65,Male,2,1,2,Self-employed in non-agriculture,Literate,Primary,Employed,Employed,0.0,5383.0,Other Backward Class,1.0,1.05388257177,1.0533687701,1.0533687701,1.0533687701,TN-HH-00005705,tn_elderly_pension_001,1.0,POLICY-RUN-8C351476BB,TN-SYN-P-000005705,TN-HH-00005705,True,False,ELIGIBLE_ALL_RULES_PASSED,ELIGIBLE_ALL_RULES_PASSED,R_AGE;R_INCOME,,True,SELECTED,180000.0,2160000.0,2275276.54
TN-SYN-P-000005707,Salem,07,Rural,64,Male,3,7,8,Self-employed in non-agriculture,Illiterate,Not literate,Not in labour force,Not in labour force,0.0,18563.0,Other Backward Class,1.0,1.05388257177,1.0533687701,1.0533687701,1.0533687701,TN-HH-00005707,tn_elderly_pension_001,1.0,POLICY-RUN-8C351476BB,TN-SYN-P-000005707,TN-HH-00005707,True,False,ELIGIBLE_ALL_RULES_PASSED,ELIGIBLE_ALL_RULES_PASSED,R_AGE;R_INCOME,,True,SELECTED,180000.0,2160000.0,2275276.54
TN-SYN-P-000005728,Thanjavur,19,Rural,61,Female,2,2,2,Self-employed in agriculture,Literate,Below Primary,Not in labour force,Not in labour force,0.0,7624.0,Other Backward Class,1.0,1.05622434506,1.05570913428,1.05570913428,1.05570913428,TN-HH-00005728,tn_elderly_pension_001,1.0,POLICY-RUN-8C351476BB,TN-SYN-P-000005728,TN-HH-00005728,True,False,ELIGIBLE_ALL_RULES_PASSED,ELIGIBLE_ALL_RULES_PASSED,R_AGE;R_INCOME,,True,SELECTED,180000.0,2160000.0,2280331.73
TN-SYN-P-000005746,Namakkal,08,Rural,62,Male,2,1,5,Regular wage/salary earning,Illiterate,Not literate,Employed,Employed,0.0,22717.0,Other Backward Class,1.0,1.05388257177,1.0533687701,1.0533687701,1.0533687701,TN-HH-00005746,tn_elderly_pension_001,1.0,POLICY-RUN-8C351476BB,TN-SYN-P-000005746,TN-HH-00005746,True,False,ELIGIBLE_ALL_RULES_PASSED,ELIGIBLE_ALL_RULES_PASSED,R_AGE;R_INCOME,,True,SELECTED,180000.0,2160000.0,2275276.54
TN-SYN-P-000005747,Dharmapuri,29,Rural,70,Female,3,7,6,Casual labour in non-agriculture,Illiterate,Not literate,Not in labour force,Not in labour force,0.0,16754.0,Other Backward Class,1.0,1.05622434506,1.05570913428,1.05570913428,1.05570913428,TN-HH-00005747,tn_elderly_pension_001,1.0,POLICY-RUN-8C351476BB,TN-SYN-P-000005747,TN-HH-00005747,True,False,ELIGIBLE_ALL_RULES_PASSED,ELIGIBLE_ALL_RULES_PASSED,R_AGE;R_INCOME,,True,SELECTED,180000.0,2160000.0,2280331.73
TN-SYN-P-000005756,Salem,07,Rural,70,Female,3,1,1,Casual labour in non-agriculture,Illiterate,Not literate,Employed,Employed,0.0,3083.0,Scheduled Caste,1.0,0.88208608392,0.881675656319,0.881675656319,0.881675656319,TN-HH-00005756,tn_elderly_pension_001,1.0,POLICY-RUN-8C351476BB,TN-SYN-P-000005756,TN-HH-00005756,True,False,ELIGIBLE_ALL_RULES_PASSED,ELIGIBLE_ALL_RULES_PASSED,R_AGE;R_INCOME,,True,SELECTED,180000.0,2160000.0,1904419.42
TN-SYN-P-000005761,Tiruvannamalai,05,Rural,80,Male,2,1,2,Others,Literate,Below Primary,Not in labour force,Not in labour force,0.0,3480.0,Other Backward Class,1.0,1.05388257177,1.0533687701,1.0533687701,1.0533687701,TN-HH-00005761,tn_elderly_pension_001,1.0,POLICY-RUN-8C351476BB,TN-SYN-P-000005761,TN-HH-00005761,True,False,ELIGIBLE_ALL_RULES_PASSED,ELIGIBLE_ALL_RULES_PASSED,R_AGE;R_INCOME,,True,SELECTED,180000.0,2160000.0,2275276.54
TN-SYN-P-000005762,Madurai,22,Urban,60,Male,2,1,4,Others,Literate,Secondary,Not in labour force,Not in labour force,0.0,20328.0,Other Backward Class,1.0,1.0201184824,1.01962499739,1.01962499739,1.01962499739,TN-HH-00005762,tn_elderly_pension_001,1.0,POLICY-RUN-8C351476BB,TN-SYN-P-000005762,TN-HH-00005762,True,False,ELIGIBLE_ALL_RULES_PASSED,ELIGIBLE_ALL_RULES_PASSED,R_AGE;R_INCOME,,True,SELECTED,180000.0,2160000.0,2202389.99
TN-SYN-P-000005769,Mayiladuthurai,38,Rural,92,Male,2,1,2,Others,Literate,Secondary,Not in labour force,Not in labour force,0.0,11644.0,Other Backward Class,1.0,1.05388257177,1.0533687701,1.0533687701,1.0533687701,TN-HH-00005769,tn_elderly_pension_001,1.0,POLICY-RUN-8C351476BB,TN-SYN-P-000005769,TN-HH-00005769,True,False,ELIGIBLE_ALL_RULES_PASSED,ELIGIBLE_ALL_RULES_PASSED,R_AGE;R_INCOME,,True,SELECTED,180000.0,2160000.0,2275276.54
TN-SYN-P-000005771,Mayiladuthurai,38,Urban,71,Female,3,1,1,Others,Literate,Middle,Not in labour force,Not in labour force,0.0,5720.0,Other Backward Class,1.0,1.0223852304,1.02189038143,1.02189038143,1.02189038143,TN-HH-00005771,tn_elderly_pension_001,1.0,POLICY-RUN-8C351476BB,TN-SYN-P-000005771,TN-HH-00005771,True,False,ELIGIBLE_ALL_RULES_PASSED,ELIGIBLE_ALL_RULES_PASSED,R_AGE;R_INCOME,,True,SELECTED,180000.0,2160000.0,2207283.22
TN-SYN-P-000005783,Theni,23,Rural,61,Male,2,1,2,Self-employed in agriculture,Literate,Secondary,Employed,Employed,0.0,9193.0,Other Backward Class,1.0,1.05388257177,1.0533687701,1.0533687701,1.0533687701,TN-HH-00005783,tn_elderly_pension_001,1.0,POLICY-RUN-8C351476BB,TN-SYN-P-000005783,TN-HH-00005783,True,False,ELIGIBLE_ALL_RULES_PASSED,ELIGIBLE_ALL_RULES_PASSED,R_AGE;R_INCOME,,True,SELECTED,180000.0,2160000.0,2275276.54
TN-SYN-P-000005785,Thiruvallur,01,Urban,68,Male,2,1,2,Others,Literate,Primary,Not in labour force,Not in labour force,0.0,7460.0,Other Backward Class,1.0,1.0201184824,1.01962499739,1.01962499739,1.01962499739,TN-HH-00005785,tn_elderly_pension_001,1.0,POLICY-RUN-8C351476BB,TN-SYN-P-000005785,TN-HH-00005785,True,False,ELIGIBLE_ALL_RULES_PASSED,ELIGIBLE_ALL_RULES_PASSED,R_AGE;R_INCOME,,True,SELECTED,180000.0,2160000.0,2202389.99
TN-SYN-P-000005792,Chennai,02,Urban,69,Male,2,1,2,Others,Literate,Diploma/Certificate,Not in labour force,Not in labour force,0.0,19053.0,Other Backward Class,1.0,1.0201184824,1.01962499739,1.01962499739,1.01962499739,TN-HH-00005792,tn_elderly_pension_001,1.0,POLICY-RUN-8C351476BB,TN-SYN-P-000005792,TN-HH-00005792,True,False,ELIGIBLE_ALL_RULES_PASSED,ELIGIBLE_ALL_RULES_PASSED,R_AGE;R_INCOME,,True,SELECTED,180000.0,2160000.0,2202389.99
TN-SYN-P-000005793,Thiruvarur,18,Urban,73,Male,2,7,5,Self-employed in agriculture,Literate,Secondary,Employed,Employed,0.0,35332.0,Other Backward Class,1.0,1.0201184824,1.01962499739,1.01962499739,1.01962499739,TN-HH-00005793,tn_elderly_pension_001,1.0,POLICY-RUN-8C351476BB,TN-SYN-P-000005793,TN-HH-00005793,True,False,ELIGIBLE_ALL_RULES_PASSED,ELIGIBLE_ALL_RULES_PASSED,R_AGE;R_INCOME,,True,SELECTED,180000.0,2160000.0,2202389.99
