synthetic_person_id,district,district_code,urban_rural,age,gender,marital_status,relationship_to_head,household_size,household_type,literacy_status,education_level,labour_force_status,employment_status,individual_income,consumption_expenditure,social_group
TN-SYN-P-000000001,Thanjavur,19,Urban,15,Female,1,5,4,Self-employed in agriculture,Literate,Secondary,Not in labour force,Not in labour force,0.0,15683.0,Other Backward Class
TN-SYN-P-000000002,Krishnagiri,30,Rural,48,Female,2,2,4,Regular wage/salary earning,Literate,Primary,Not in labour force,Not in labour force,0.0,11086.0,Scheduled Caste
TN-SYN-P-000000003,Chennai,02,Urban,77,Female,2,2,2,Self-employed in agriculture,Literate,Diploma/Certificate,Not in labour force,Not in labour force,0.0,33925.0,Other Backward Class
TN-SYN-P-000000004,Ranipet,35,Rural,9,Male,1,5,4,Casual labour in non-agriculture,Literate,Below Primary,Not in labour force,Not in labour force,0.0,8961.0,Other Backward Class
TN-SYN-P-000000005,Dindigul,11,Rural,41,Female,2,2,5,Casual labour in non-agriculture,Literate,Higher Secondary,Employed,Employed,0.0,16097.0,Scheduled Caste
TN-SYN-P-000000006,Thiruvallur,01,Rural,62,Male,2,1,2,Self-employed in agriculture,Illiterate,Not literate,Employed,Employed,0.0,9783.0,Scheduled Caste
TN-SYN-P-000000007,Salem,07,Rural,6,Male,1,6,7,Casual labour in non-agriculture,Illiterate,Not literate,Not in labour force,Not in labour force,0.0,21017.0,Scheduled Caste
TN-SYN-P-000000008,Dharmapuri,29,Urban,48,Male,2,1,5,Self-employed in agriculture,Literate,Middle,Employed,Employed,0.0,14889.0,Scheduled Caste
TN-SYN-P-000000009,Tirupathur,36,Urban,37,Female,4,3,5,Self-employed in non-agriculture,Literate,Primary,Employed,Employed,8000.0,9469.0,Other Backward Class
TN-SYN-P-000000010,Tenkasi,33,Urban,18,Male,1,5,4,Self-employed in non-agriculture,Literate,Higher Secondary,Not in labour force,Not in labour force,0.0,15755.0,Other Backward Class
TN-SYN-P-000000011,Thanjavur,19,Urban,66,Male,3,1,4,Self-employed in agriculture,Literate,Secondary,Employed,Employed,0.0,32644.0,Other Backward Class
TN-SYN-P-000000012,Chennai,02,Urban,60,Male,2,1,2,Others,Literate,Primary,Not in labour force,Not in labour force,0.0,10267.0,Others
TN-SYN-P-000000013,Dharmapuri,29,Urban,40,Female,2,2,4,Self-employed in non-agriculture,Literate,Middle,Employed,Employed,0.0,13113.0,Other Backward Class
TN-SYN-P-000000014,Salem,07,Rural,62,Male,2,1,3,Others,Literate,Middle,Not in labour force,Not in labour force,0.0,10883.0,Scheduled Caste
TN-SYN-P-000000015,Coimbatore,31,Urban,54,Male,2,1,5,Self-employed in non-agriculture,Literate,Diploma/Certificate,Employed,Employed,95800.0,41120.0,Other Backward Class
TN-SYN-P-000000016,The Nilgiris,10,Rural,79,Male,2,1,5,Self-employed in agriculture,Literate,Primary,Not in labour force,Not in labour force,0.0,13558.0,Scheduled Caste
TN-SYN-P-000000017,Kallakurichi,34,Urban,16,Female,1,5,6,Self-employed in agriculture,Literate,Secondary,Not in labour force,Not in labour force,0.0,16483.0,Other Backward Class
TN-SYN-P-000000018,Ariyalur,15,Rural,65,Female,3,1,1,Casual labour in agriculture,Illiterate,Not literate,Employed,Employed,0.0,5325.0,Scheduled Caste
TN-SYN-P-000000019,Krishnagiri,30,Rural,24,Female,2,4,8,Regular wage/salary earning,Literate,Diploma/Certificate,Not in labour force,Not in labour force,0.0,17230.0,Other Backward Class
TN-SYN-P-000000020,Krishnagiri,30,Rural,56,Female,2,1,2,Casual labour in agriculture,Illiterate,Not literate,Employed,Employed,0.0,4053.0,Other Backward Class
TN-SYN-P-000000021,Tirunelveli,27,Urban,60,Female,3,1,9,Self-employed in agriculture,Literate,Primary,Not in labour force,Not in labour force,0.0,37205.0,Other Backward Class
TN-SYN-P-000000022,Krishnagiri,30,Rural,20,Female,1,5,3,Self-employed in agriculture,Literate,Higher Secondary,Not in labour force,Not in labour force,0.0,5019.0,Other Backward Class
TN-SYN-P-000000023,Viluppuram,06,Rural,42,Female,2,2,3,Regular wage/salary earning,Literate,Secondary,Not in labour force,Not in labour force,0.0,15458.0,Other Backward Class
TN-SYN-P-000000024,Thiruvallur,01,Urban,28,Female,2,2,3,Self-employed in non-agriculture,Literate,Diploma/Certificate,Not in labour force,Not in labour force,0.0,15650.0,Other Backward Class
TN-SYN-P-000000025,Thiruvallur,01,Urban,29,Male,1,5,5,Self-employed in non-agriculture,Literate,Diploma/Certificate,Employed,Employed,45000.0,16110.0,Other Backward Class
TN-SYN-P-000000026,Kallakurichi,34,Rural,25,Female,2,2,4,Self-employed in non-agriculture,Literate,Middle,Not in labour force,Not in labour force,0.0,8733.0,Other Backward Class
TN-SYN-P-000000027,Tiruchirappalli,13,Rural,61,Female,3,1,2,Casual labour in agriculture,Literate,Below Primary,Employed,Employed,0.0,7265.0,Other Backward Class
TN-SYN-P-000000028,Tirunelveli,27,Rural,56,Female,3,1,6,Regular wage/salary earning,Literate,Primary,Employed,Employed,8000.0,19575.0,Other Backward Class
TN-SYN-P-000000029,Tiruvannamalai,05,Rural,70,Female,3,1,1,Others,Illiterate,Not literate,Not in labour force,Not in labour force,0.0,2617.0,Scheduled Caste
TN-SYN-P-000000030,Kallakurichi,34,Rural,16,Male,1,6,7,Casual labour in agriculture,Literate,Secondary,Not in labour force,Not in labour force,0.0,10888.0,Scheduled Tribe
TN-SYN-P-000000031,Namakkal,08,Urban,70,Female,3,1,1,Regular wage/salary earning,Illiterate,Not literate,Employed,Employed,0.0,1658.0,Scheduled Caste
TN-SYN-P-000000032,Thoothukudi,26,Urban,37,Male,2,1,4,Self-employed in agriculture,Literate,Diploma/Certificate,Employed,Employed,0.0,17147.0,Scheduled Tribe
TN-SYN-P-000000033,Salem,07,Rural,35,Male,2,1,6,Casual labour in non-agriculture,Literate,Middle,Employed,Employed,0.0,9942.0,Other Backward Class
TN-SYN-P-000000034,Namakkal,08,Urban,79,Female,3,7,7,Regular wage/salary earning,Illiterate,Not literate,Not in labour force,Not in labour force,0.0,11802.0,Other Backward Class
TN-SYN-P-000000035,Tenkasi,33,Urban,65,Male,2,1,1,Others,Literate,Secondary,Not in labour force,Not in labour force,0.0,8862.0,Other Backward Class
TN-SYN-P-000000036,Cuddalore,16,Rural,2,Male,1,5,4,Self-employed in non-agriculture,Illiterate,Not literate,Not in labour force,Not in labour force,0.0,10808.0,Scheduled Caste
TN-SYN-P-000000037,Madurai,22,Rural,73,Male,2,1,2,Others,Illiterate,Not literate,Not in labour force,Not in labour force,0.0,4247.0,Other Backward Class
TN-SYN-P-000000038,Tenkasi,33,Rural,45,Male,2,2,5,Regular wage/salary earning,Literate,Below Primary,Employed,Employed,0.0,11152.0,Scheduled Caste
TN-SYN-P-000000039,Thiruvarur,18,Rural,56,Female,2,7,4,Others,Literate,Primary,Not in labour force,Not in labour force,0.0,22000.0,Other Backward Class
TN-SYN-P-000000040,Theni,23,Rural,37,Female,2,2,5,Casual labour in non-agriculture,Literate,Secondary,Not in labour force,Not in labour force,0.0,10843.0,Other Backward Class
TN-SYN-P-000000041,Thiruvallur,01,Urban,75,Female,3,1,4,Self-employed in non-agriculture,Literate,Secondary,Not in labour force,Not in labour force,0.0,12953.0,Other Backward Class
TN-SYN-P-000000042,Salem,07,Urban,22,Female,2,2,2,Self-employed in agriculture,Literate,Higher Secondary,Employed,Employed,0.0,6692.0,Other Backward Class
TN-SYN-P-000000043,Madurai,22,Urban,50,Female,2,2,4,Self-employed in non-agriculture,Literate,Diploma/Certificate,Employed,Employed,20000.0,27750.0,Other Backward Class
TN-SYN-P-000000044,Theni,23,Urban,9,Male,1,5,4,Self-employed in non-agriculture,Literate,Below Primary,Not in labour force,Not in labour force,0.0,10977.0,Other Backward Class
TN-SYN-P-000000045,Krishnagiri,30,Rural,4,Male,1,6,8,Regular wage/salary earning,Illiterate,Not literate,Not in labour force,Not in labour force,0.0,17230.0,Other Backward Class
TN-SYN-P-000000046,Tiruvannamalai,05,Rural,26,Male,1,5,4,Regular wage/salary earning,Literate,Diploma/Certificate,Not in labour force,Not in labour force,0.0,7037.0,Scheduled Caste
TN-SYN-P-000000047,Chennai,02,Urban,73,Female,3,1,1,Others,Literate,Middle,Not in labour force,Not in labour force,0.0,8257.0,Other Backward Class
TN-SYN-P-000000048,Kallakurichi,34,Rural,58,Male,2,1,2,Self-employed in agriculture,Literate,Primary,Employed,Employed,0.0,7933.0,Other Backward Class
TN-SYN-P-000000049,Perambalur,14,Rural,22,Female,2,4,8,Self-employed in non-agriculture,Literate,Diploma/Certificate,Not in labour force,Not in labour force,0.0,16833.0,Other Backward Class
TN-SYN-P-000000050,Tiruchirappalli,13,Urban,4,Female,1,5,5,Self-employed in non-agriculture,Illiterate,Not literate,Not in labour force,Not in labour force,0.0,21114.0,Other Backward Class
TN-SYN-P-000000051,Salem,07,Urban,7,Male,1,5,5,Self-employed in agriculture,Literate,Below Primary,Not in labour force,Not in labour force,0.0,20204.0,Other Backward Class
TN-SYN-P-000000052,Tenkasi,33,Urban,4,Female,1,5,5,Self-employed in non-agriculture,Illiterate,Not literate,Not in labour force,Not in labour force,0.0,12625.0,Other Backward Class
TN-SYN-P-000000053,Perambalur,14,Rural,39,Female,2,1,3,Self-employed in agriculture,Literate,Middle,Employed,Employed,0.0,9251.0,Other Backward Class
TN-SYN-P-000000054,Tirupathur,36,Rural,32,Male,1,5,5,Regular wage/salary earning,Literate,Middle,Employed,Employed,12000.0,9878.0,Other Backward Class
TN-SYN-P-000000055,Chennai,02,Urban,45,Female,2,2,6,Self-employed in non-agriculture,Literate,Middle,Not in labour force,Not in labour force,0.0,24035.0,Other Backward Class
TN-SYN-P-000000056,Viluppuram,06,Rural,1,Female,1,5,6,Regular wage/salary earning,Illiterate,Not literate,Not in labour force,Not in labour force,0.0,16725.0,Scheduled Caste
TN-SYN-P-000000057,Cuddalore,16,Urban,72,Female,3,7,4,Self-employed in non-agriculture,Illiterate,Not literate,Not in labour force,Not in labour force,0.0,9267.0,Other Backward Class
TN-SYN-P-000000058,Dindigul,11,Rural,28,Male,2,1,3,Self-employed in non-agriculture,Literate,Higher Secondary,Employed,Employed,0.0,6408.0,Other Backward Class
TN-SYN-P-000000059,Dindigul,11,Urban,41,Male,2,1,4,Self-employed in non-agriculture,Literate,Diploma/Certificate,Employed,Employed,55000.0,40600.0,Other Backward Class
TN-SYN-P-000000060,Tiruvannamalai,05,Rural,75,Female,3,7,4,Self-employed in agriculture,Illiterate,Not literate,Not in labour force,Not in labour force,0.0,9378.0,Other Backward Class
TN-SYN-P-000000061,Tenkasi,33,Urban,33,Female,2,2,2,Self-employed in agriculture,Literate,Diploma/Certificate,Not in labour force,Not in labour force,0.0,16008.0,Other Backward Class
TN-SYN-P-000000062,Namakkal,08,Urban,11,Male,1,5,4,Regular wage/salary earning,Literate,Primary,Not in labour force,Not in labour force,0.0,15438.0,Other Backward Class
TN-SYN-P-000000063,Tiruppur,32,Rural,40,Female,3,3,4,Regular wage/salary earning,Literate,Below Primary,Employed,Employed,0.0,6758.0,Scheduled Caste
TN-SYN-P-000000064,The Nilgiris,10,Rural,38,Female,2,6,5,Self-employed in agriculture,Literate,Middle,Employed,Employed,0.0,13558.0,Scheduled Caste
TN-SYN-P-000000065,Pudukkottai,20,Rural,25,Male,1,5,3,Self-employed in agriculture,Literate,Middle,Employed,Employed,12000.0,8241.0,Other Backward Class
TN-SYN-P-000000066,Chennai,02,Urban,51,Male,2,1,5,Self-employed in non-agriculture,Literate,Middle,Employed,Employed,16736.0,14403.0,Other Backward Class
TN-SYN-P-000000067,Viluppuram,06,Rural,32,Female,2,4,7,Casual labour in non-agriculture,Literate,Middle,Employed,Employed,0.0,9000.0,Scheduled Caste
TN-SYN-P-000000068,Tenkasi,33,Rural,74,Female,2,2,2,Others,Literate,Middle,Not in labour force,Not in labour force,0.0,25680.0,Other Backward Class
TN-SYN-P-000000069,Erode,09,Rural,7,Male,1,5,4,Self-employed in non-agriculture,Literate,Below Primary,Not in labour force,Not in labour force,0.0,8353.0,Scheduled Caste
TN-SYN-P-000000070,Kallakurichi,34,Rural,50,Female,2,2,2,Self-employed in non-agriculture,Literate,Middle,Employed,Employed,0.0,7183.0,Other Backward Class
TN-SYN-P-000000071,Kancheepuram,03,Urban,37,Male,2,1,4,Self-employed in non-agriculture,Literate,Diploma/Certificate,Employed,Employed,38000.0,30610.0,Other Backward Class
TN-SYN-P-000000072,Virudhunagar,24,Rural,32,Female,2,2,3,Casual labour in non-agriculture,Literate,Middle,Employed,Employed,0.0,8933.0,Other Backward Class
TN-SYN-P-000000073,Ramanathapuram,25,Rural,11,Male,1,5,5,Self-employed in non-agriculture,Literate,Primary,Not in labour force,Not in labour force,0.0,16268.0,Other Backward Class
TN-SYN-P-000000074,Tiruppur,32,Urban,8,Female,1,5,4,Self-employed in agriculture,Literate,Below Primary,Not in labour force,Not in labour force,0.0,14300.0,Other Backward Class
TN-SYN-P-000000075,Coimbatore,31,Rural,5,Male,1,5,4,Regular wage/salary earning,Literate,Below Primary,Not in labour force,Not in labour force,0.0,14477.0,Other Backward Class
TN-SYN-P-000000076,Ranipet,35,Rural,54,Female,2,2,5,Casual labour in non-agriculture,Literate,Middle,Employed,Employed,8000.0,8147.0,Scheduled Caste
TN-SYN-P-000000077,Dindigul,11,Rural,34,Female,2,2,4,Self-employed in agriculture,Illiterate,Not literate,Employed,Employed,0.0,16287.0,Scheduled Caste
TN-SYN-P-000000078,Sivaganga,21,Rural,12,Male,1,5,7,Casual labour in non-agriculture,Literate,Primary,Not in labour force,Not in labour force,0.0,10013.0,Other Backward Class
TN-SYN-P-000000079,Salem,07,Urban,27,Male,1,5,3,Self-employed in non-agriculture,Literate,Diploma/Certificate,Employed,Employed,15000.0,10908.0,Other Backward Class
TN-SYN-P-000000080,Dindigul,11,Rural,9,Female,1,5,4,Self-employed in agriculture,Literate,Below Primary,Not in labour force,Not in labour force,0.0,16287.0,Scheduled Caste
TN-SYN-P-000000081,Salem,07,Urban,53,Male,2,1,4,Self-employed in agriculture,Literate,Higher Secondary,Employed,Employed,0.0,25575.0,Other Backward Class
TN-SYN-P-000000082,Tiruchirappalli,13,Urban,9,Male,1,5,4,Others,Literate,Below Primary,Not in labour force,Not in labour force,0.0,15990.0,Other Backward Class
TN-SYN-P-000000083,Tiruchirappalli,13,Urban,38,Male,2,1,4,Self-employed in agriculture,Literate,Middle,Employed,Employed,0.0,16100.0,Other Backward Class
TN-SYN-P-000000084,Pudukkottai,20,Urban,0,Male,1,6,5,Regular wage/salary earning,Illiterate,Not literate,Not in labour force,Not in labour force,0.0,11569.0,Scheduled Caste
TN-SYN-P-000000085,Virudhunagar,24,Rural,61,Female,3,1,1,Others,Illiterate,Not literate,Not in labour force,Not in labour force,0.0,5165.0,Other Backward Class
TN-SYN-P-000000086,Virudhunagar,24,Rural,9,Male,1,5,4,Self-employed in non-agriculture,Literate,Below Primary,Not in labour force,Not in labour force,0.0,10332.0,Other Backward Class
TN-SYN-P-000000087,Dindigul,11,Urban,2,Female,1,6,5,Self-employed in non-agriculture,Illiterate,Not literate,Not in labour force,Not in labour force,0.0,19537.0,Other Backward Class
TN-SYN-P-000000088,Namakkal,08,Rural,19,Female,1,5,5,Casual labour in non-agriculture,Literate,Higher Secondary,Not in labour force,Not in labour force,0.0,13108.0,Other Backward Class
TN-SYN-P-000000089,Vellore,04,Rural,62,Female,3,1,4,Casual labour in non-agriculture,Illiterate,Not literate,Not in labour force,Not in labour force,0.0,8703.0,Other Backward Class
TN-SYN-P-000000090,Krishnagiri,30,Rural,59,Female,3,7,7,Casual labour in non-agriculture,Illiterate,Not literate,Employed,Employed,0.0,14286.0,Other Backward Class
TN-SYN-P-000000091,Tenkasi,33,Urban,59,Male,2,1,2,Regular wage/salary earning,Literate,Middle,Employed,Employed,0.0,8737.0,Other Backward Class
TN-SYN-P-000000092,Cuddalore,16,Rural,7,Male,1,5,4,Regular wage/salary earning,Literate,Below Primary,Not in labour force,Not in labour force,0.0,11175.0,Other Backward Class
TN-SYN-P-000000093,Salem,07,Urban,5,Female,1,5,4,Self-employed in agriculture,Illiterate,Not literate,Not in labour force,Not in labour force,0.0,16329.0,Other Backward Class
TN-SYN-P-000000094,Chennai,02,Urban,42,Male,2,1,4,Self-employed in non-agriculture,Literate,Diploma/Certificate,Employed,Employed,25000.0,33568.0,Other Backward Class
TN-SYN-P-000000095,Tirunelveli,27,Urban,0,Male,1,6,5,Self-employed in agriculture,Illiterate,Not literate,Not in labour force,Not in labour force,0.0,11833.0,Other Backward Class
TN-SYN-P-000000096,Chennai,02,Urban,9,Female,1,5,4,Self-employed in non-agriculture,Literate,Below Primary,Not in labour force,Not in labour force,0.0,20683.0,Others
TN-SYN-P-000000097,Dharmapuri,29,Rural,62,Male,2,1,6,Self-employed in non-agriculture,Illiterate,Not literate,Employed,Employed,0.0,16809.0,Other Backward Class
TN-SYN-P-000000098,Coimbatore,31,Urban,23,Female,1,5,4,Self-employed in non-agriculture,Literate,Diploma/Certificate,Unemployed,Unemployed,0.0,16710.0,Other Backward Class
TN-SYN-P-000000099,Krishnagiri,30,Rural,30,Female,2,2,4,Regular wage/salary earning,Literate,Middle,Not in labour force,Not in labour force,0.0,10692.0,Other Backward Class
TN-SYN-P-000000100,Thanjavur,19,Urban,34,Female,2,4,8,Self-employed in non-agriculture,Literate,Middle,Not in labour force,Not in labour force,0.0,17220.0,Other Backward Class
TN-SYN-P-000000101,Tenkasi,33,Rural,12,Female,1,5,4,Self-employed in non-agriculture,Literate,Primary,Not in labour force,Not in labour force,0.0,17835.0,Other Backward Class
TN-SYN-P-000000102,The Nilgiris,10,Urban,11,Male,1,5,5,Self-employed in non-agriculture,Literate,Primary,Not in labour force,Not in labour force,0.0,18053.0,Other Backward Class
TN-SYN-P-000000103,Madurai,22,Urban,22,Female,2,4,4,Self-employed in agriculture,Literate,Diploma/Certificate,Not in labour force,Not in labour force,0.0,29517.0,Other Backward Class
TN-SYN-P-000000104,Chennai,02,Urban,8,Male,1,5,5,Regular wage/salary earning,Literate,Below Primary,Not in labour force,Not in labour force,0.0,17847.0,Other Backward Class
TN-SYN-P-000000105,Kancheepuram,03,Urban,45,Male,2,1,3,Regular wage/salary earning,Literate,Primary,Employed,Employed,0.0,15317.0,Other Backward Class
TN-SYN-P-000000106,Coimbatore,31,Urban,54,Male,2,1,6,Self-employed in non-agriculture,Literate,Primary,Not in labour force,Not in labour force,0.0,29382.0,Other Backward Class
TN-SYN-P-000000107,Madurai,22,Urban,50,Male,2,1,3,Self-employed in non-agriculture,Literate,Primary,Employed,Employed,7000.0,20823.0,Other Backward Class
TN-SYN-P-000000108,Ramanathapuram,25,Rural,45,Male,2,3,4,Self-employed in agriculture,Literate,Middle,Employed,Employed,0.0,9750.0,Other Backward Class
TN-SYN-P-000000109,Thiruvallur,01,Rural,50,Female,3,1,4,Regular wage/salary earning,Literate,Middle,Employed,Employed,9000.0,12783.0,Scheduled Caste
TN-SYN-P-000000110,Viluppuram,06,Rural,13,Male,1,5,3,Regular wage/salary earning,Literate,Middle,Not in labour force,Not in labour force,0.0,15458.0,Other Backward Class
TN-SYN-P-000000111,Sivaganga,21,Urban,15,Male,1,5,4,Self-employed in agriculture,Literate,Secondary,Not in labour force,Not in labour force,0.0,11417.0,Other Backward Class
TN-SYN-P-000000112,Tiruchirappalli,13,Rural,60,Female,2,2,2,Self-employed in agriculture,Literate,Primary,Employed,Employed,0.0,10202.0,Scheduled Caste
TN-SYN-P-000000113,Tiruppur,32,Rural,49,Male,2,1,3,Casual labour in agriculture,Literate,Below Primary,Employed,Employed,0.0,11873.0,Scheduled Caste
TN-SYN-P-000000114,Kallakurichi,34,Rural,44,Male,2,1,4,Self-employed in agriculture,Literate,Primary,Employed,Employed,0.0,8317.0,Scheduled Caste
TN-SYN-P-000000115,Pudukkottai,20,Rural,40,Male,2,4,3,Regular wage/salary earning,Literate,Middle,Employed,Employed,10500.0,6276.0,Scheduled Caste
TN-SYN-P-000000116,Thanjavur,19,Urban,19,Male,1,5,4,Self-employed in non-agriculture,Literate,Higher Secondary,Not in labour force,Not in labour force,0.0,15717.0,Other Backward Class
TN-SYN-P-000000117,Salem,07,Urban,4,Male,1,5,4,Self-employed in non-agriculture,Illiterate,Not literate,Not in labour force,Not in labour force,0.0,15377.0,Other Backward Class
TN-SYN-P-000000118,Tirunelveli,27,Urban,15,Female,1,5,5,Self-employed in agriculture,Literate,Middle,Not in labour force,Not in labour force,0.0,15450.0,Other Backward Class
TN-SYN-P-000000119,Thoothukudi,26,Rural,3,Female,1,5,5,Regular wage/salary earning,Illiterate,Not literate,Not in labour force,Not in labour force,0.0,12248.0,Other Backward Class
TN-SYN-P-000000120,Namakkal,08,Rural,42,Female,2,2,3,Casual labour in non-agriculture,Literate,Primary,Employed,Employed,0.0,17625.0,Other Backward Class
TN-SYN-P-000000121,Cuddalore,16,Urban,42,Female,2,3,4,Self-employed in agriculture,Literate,Middle,Not in labour force,Not in labour force,0.0,10200.0,Other Backward Class
TN-SYN-P-000000122,Perambalur,14,Urban,50,Male,2,4,7,Self-employed in non-agriculture,Literate,Middle,Employed,Employed,12000.0,17657.0,Other Backward Class
TN-SYN-P-000000123,Erode,09,Urban,11,Male,1,5,4,Self-employed in non-agriculture,Literate,Primary,Not in labour force,Not in labour force,0.0,22477.0,Other Backward Class
TN-SYN-P-000000124,Tiruppur,32,Urban,21,Female,1,5,3,Self-employed in non-agriculture,Literate,Higher Secondary,Not in labour force,Not in labour force,0.0,15302.0,Other Backward Class
TN-SYN-P-000000125,Chennai,02,Urban,34,Male,2,3,5,Self-employed in non-agriculture,Literate,Middle,Employed,Employed,20000.0,23054.0,Scheduled Caste
TN-SYN-P-000000126,Nagapattinam,17,Urban,28,Female,2,4,5,Self-employed in agriculture,Literate,Diploma/Certificate,Not in labour force,Not in labour force,0.0,16639.0,Other Backward Class
TN-SYN-P-000000127,Kallakurichi,34,Rural,22,Male,1,5,4,Self-employed in agriculture,Literate,Diploma/Certificate,Not in labour force,Not in labour force,0.0,13967.0,Other Backward Class
TN-SYN-P-000000128,Kancheepuram,03,Rural,29,Male,2,3,5,Self-employed in non-agriculture,Literate,Diploma/Certificate,Employed,Employed,0.0,39367.0,Scheduled Caste
TN-SYN-P-000000129,Chennai,02,Urban,7,Female,1,5,4,Self-employed in non-agriculture,Literate,Below Primary,Not in labour force,Not in labour force,0.0,24034.0,Others
TN-SYN-P-000000130,Namakkal,08,Rural,55,Female,2,2,2,Casual labour in agriculture,Illiterate,Not literate,Employed,Employed,0.0,3267.0,Scheduled Caste
TN-SYN-P-000000131,Namakkal,08,Urban,45,Female,2,2,2,Self-employed in non-agriculture,Literate,Middle,Not in labour force,Not in labour force,0.0,7050.0,Scheduled Caste
TN-SYN-P-000000132,Madurai,22,Urban,55,Female,3,8,6,Regular wage/salary earning,Illiterate,Not literate,Not in labour force,Not in labour force,0.0,15043.0,Other Backward Class
TN-SYN-P-000000133,Sivaganga,21,Rural,36,Male,2,1,3,Casual labour in non-agriculture,Literate,Middle,Employed,Employed,0.0,10288.0,Scheduled Caste
TN-SYN-P-000000134,Coimbatore,31,Urban,11,Male,1,5,4,Self-employed in agriculture,Literate,Primary,Not in labour force,Not in labour force,0.0,22013.0,Other Backward Class
TN-SYN-P-000000135,Kancheepuram,03,Rural,43,Female,2,2,4,Regular wage/salary earning,Literate,Below Primary,Employed,Employed,8000.0,22592.0,Other Backward Class
TN-SYN-P-000000136,Tiruvannamalai,05,Rural,46,Male,2,1,2,Self-employed in agriculture,Illiterate,Not literate,Employed,Employed,0.0,9050.0,Scheduled Caste
TN-SYN-P-000000137,Sivaganga,21,Rural,46,Female,2,2,3,Casual labour in non-agriculture,Literate,Middle,Employed,Employed,0.0,8517.0,Scheduled Caste
TN-SYN-P-000000138,Dharmapuri,29,Urban,46,Female,3,1,2,Regular wage/salary earning,Literate,Primary,Employed,Employed,0.0,6903.0,Other Backward Class
TN-SYN-P-000000139,Dindigul,11,Rural,36,Male,2,3,6,Self-employed in agriculture,Literate,Secondary,Employed,Employed,0.0,22437.0,Other Backward Class
TN-SYN-P-000000140,Erode,09,Rural,20,Male,1,5,4,Regular wage/salary earning,Literate,Secondary,Employed,Employed,17500.0,15000.0,Other Backward Class
TN-SYN-P-000000141,Chennai,02,Urban,81,Female,2,2,3,Self-employed in non-agriculture,Literate,Diploma/Certificate,Not in labour force,Not in labour force,0.0,12575.0,Others
TN-SYN-P-000000142,Ariyalur,15,Rural,4,Female,1,5,4,Casual labour in agriculture,Illiterate,Not literate,Not in labour force,Not in labour force,0.0,9037.0,Scheduled Caste
TN-SYN-P-000000143,Tiruvannamalai,05,Rural,75,Male,2,1,3,Self-employed in non-agriculture,Illiterate,Not literate,Not in labour force,Not in labour force,0.0,3475.0,Other Backward Class
TN-SYN-P-000000144,Cuddalore,16,Rural,12,Female,1,5,5,Casual labour in non-agriculture,Literate,Primary,Not in labour force,Not in labour force,0.0,13983.0,Other Backward Class
TN-SYN-P-000000145,Kancheepuram,03,Rural,4,Female,1,6,8,Regular wage/salary earning,Illiterate,Not literate,Not in labour force,Not in labour force,0.0,35417.0,Scheduled Caste
TN-SYN-P-000000146,Tenkasi,33,Urban,25,Male,1,5,4,Self-employed in non-agriculture,Literate,Higher Secondary,Employed,Employed,18500.0,18125.0,Other Backward Class
TN-SYN-P-000000147,Erode,09,Urban,34,Female,2,2,4,Self-employed in agriculture,Literate,Middle,Employed,Employed,0.0,19633.0,Other Backward Class
TN-SYN-P-000000148,Namakkal,08,Rural,55,Male,2,1,4,Regular wage/salary earning,Illiterate,Not literate,Employed,Employed,19000.0,11133.0,Scheduled Caste
TN-SYN-P-000000149,Dharmapuri,29,Rural,22,Male,1,5,4,Regular wage/salary earning,Literate,Diploma/Certificate,Employed,Employed,16400.0,14797.0,Other Backward Class
TN-SYN-P-000000150,Sivaganga,21,Rural,59,Female,3,7,4,Casual labour in non-agriculture,Illiterate,Not literate,Employed,Employed,0.0,8992.0,Other Backward Class
TN-SYN-P-000000151,Kancheepuram,03,Urban,67,Female,2,2,2,Others,Literate,Diploma/Certificate,Not in labour force,Not in labour force,0.0,18632.0,Scheduled Caste
TN-SYN-P-000000152,Viluppuram,06,Rural,4,Male,1,6,7,Casual labour in non-agriculture,Illiterate,Not literate,Not in labour force,Not in labour force,0.0,9800.0,Scheduled Caste
TN-SYN-P-000000153,Mayiladuthurai,38,Rural,65,Female,3,1,1,Others,Illiterate,Not literate,Not in labour force,Not in labour force,0.0,5471.0,Scheduled Caste
TN-SYN-P-000000154,Thanjavur,19,Rural,68,Male,2,1,2,Self-employed in agriculture,Literate,Middle,Employed,Employed,0.0,7624.0,Other Backward Class
TN-SYN-P-000000155,Erode,09,Rural,12,Female,1,5,4,Casual labour in non-agriculture,Literate,Primary,Not in labour force,Not in labour force,0.0,11177.0,Other Backward Class
TN-SYN-P-000000156,Coimbatore,31,Rural,31,Male,2,4,4,Regular wage/salary earning,Literate,Secondary,Employed,Employed,20000.0,14637.0,Other Backward Class
TN-SYN-P-000000157,Krishnagiri,30,Rural,49,Female,3,1,1,Regular wage/salary earning,Literate,Primary,Employed,Employed,7600.0,3728.0,Other Backward Class
TN-SYN-P-000000158,Perambalur,14,Rural,62,Male,2,1,6,Self-employed in agriculture,Literate,Middle,Employed,Employed,0.0,14418.0,Other Backward Class
TN-SYN-P-000000159,Dharmapuri,29,Rural,48,Female,2,1,4,Regular wage/salary earning,Literate,Middle,Employed,Employed,0.0,9660.0,Other Backward Class
TN-SYN-P-000000160,Kancheepuram,03,Urban,33,Female,2,2,2,Self-employed in non-agriculture,Literate,Middle,Employed,Employed,12500.0,9107.0,Other Backward Class
TN-SYN-P-000000161,Perambalur,14,Rural,67,Male,2,1,2,Casual labour in agriculture,Illiterate,Not literate,Employed,Employed,0.0,5480.0,Other Backward Class
TN-SYN-P-000000162,Thoothukudi,26,Urban,46,Male,2,1,4,Self-employed in agriculture,Literate,Middle,Employed,Employed,0.0,11538.0,Scheduled Tribe
TN-SYN-P-000000163,Thanjavur,19,Urban,30,Male,2,1,3,Self-employed in non-agriculture,Literate,Diploma/Certificate,Employed,Employed,28500.0,13730.0,Other Backward Class
TN-SYN-P-000000164,Tiruppur,32,Urban,55,Female,2,2,2,Regular wage/salary earning,Literate,Middle,Not in labour force,Not in labour force,0.0,9487.0,Other Backward Class
TN-SYN-P-000000165,Pudukkottai,20,Rural,23,Female,2,4,8,Regular wage/salary earning,Literate,Higher Secondary,Not in labour force,Not in labour force,0.0,12223.0,Other Backward Class
TN-SYN-P-000000166,Chennai,02,Urban,62,Female,2,3,4,Self-employed in non-agriculture,Literate,Higher Secondary,Not in labour force,Not in labour force,0.0,49333.0,Others
TN-SYN-P-000000167,Krishnagiri,30,Urban,4,Male,1,5,3,Regular wage/salary earning,Illiterate,Not literate,Not in labour force,Not in labour force,0.0,10203.0,Other Backward Class
TN-SYN-P-000000168,Tiruchirappalli,13,Urban,35,Female,2,2,4,Regular wage/salary earning,Literate,Below Primary,Employed,Employed,0.0,8436.0,Other Backward Class
TN-SYN-P-000000169,Thiruvarur,18,Rural,62,Male,2,1,2,Casual labour in agriculture,Literate,Below Primary,Employed,Employed,0.0,7343.0,Scheduled Caste
TN-SYN-P-000000170,Dindigul,11,Rural,55,Female,2,2,2,Self-employed in non-agriculture,Illiterate,Not literate,Employed,Employed,0.0,4354.0,Scheduled Caste
TN-SYN-P-000000171,Sivaganga,21,Urban,48,Male,2,1,4,Self-employed in agriculture,Literate,Middle,Employed,Employed,0.0,10263.0,Other Backward Class
TN-SYN-P-000000172,Chennai,02,Urban,30,Female,2,4,3,Self-employed in non-agriculture,Literate,Diploma/Certificate,Not in labour force,Not in labour force,0.0,20497.0,Other Backward Class
TN-SYN-P-000000173,Tenkasi,33,Rural,32,Female,2,2,4,Regular wage/salary earning,Literate,Secondary,Not in labour force,Not in labour force,0.0,22075.0,Other Backward Class
TN-SYN-P-000000174,Chennai,02,Urban,50,Female,2,2,2,Regular wage/salary earning,Literate,Primary,Employed,Employed,8030.0,7483.0,Other Backward Class
TN-SYN-P-000000175,Thiruvallur,01,Urban,73,Male,2,1,2,Others,Literate,Secondary,Not in labour force,Not in labour force,0.0,20433.0,Other Backward Class
TN-SYN-P-000000176,Tirunelveli,27,Rural,11,Female,1,5,4,Regular wage/salary earning,Literate,Primary,Not in labour force,Not in labour force,0.0,18967.0,Other Backward Class
TN-SYN-P-000000177,Tiruchirappalli,13,Rural,6,Female,1,6,4,Casual labour in non-agriculture,Literate,Below Primary,Not in labour force,Not in labour force,0.0,9850.0,Other Backward Class
TN-SYN-P-000000178,Thiruvallur,01,Urban,45,Male,2,1,4,Self-employed in agriculture,Literate,Higher Secondary,Employed,Employed,0.0,10870.0,Others
TN-SYN-P-000000179,Tiruvannamalai,05,Urban,10,Male,1,5,4,Self-employed in agriculture,Literate,Primary,Not in labour force,Not in labour force,0.0,15489.0,Other Backward Class
TN-SYN-P-000000180,Krishnagiri,30,Rural,27,Male,1,1,1,Casual labour in non-agriculture,Literate,Higher Secondary,Employed,Employed,0.0,3334.0,Scheduled Caste
TN-SYN-P-000000181,Salem,07,Rural,35,Female,2,4,5,Self-employed in non-agriculture,Literate,Middle,Not in labour force,Not in labour force,0.0,11433.0,Other Backward Class
TN-SYN-P-000000182,Tiruvannamalai,05,Rural,75,Female,3,8,5,Casual labour in non-agriculture,Illiterate,Not literate,Not in labour force,Not in labour force,0.0,8005.0,Scheduled Caste
TN-SYN-P-000000183,Kanniyakumari,28,Urban,61,Female,2,2,5,Self-employed in non-agriculture,Literate,Diploma/Certificate,Not in labour force,Not in labour force,0.0,22202.0,Other Backward Class
TN-SYN-P-000000184,Thiruvallur,01,Rural,54,Female,2,2,2,Others,Illiterate,Not literate,Not in labour force,Not in labour force,0.0,5367.0,Other Backward Class
TN-SYN-P-000000185,Ranipet,35,Rural,38,Female,2,2,3,Self-employed in agriculture,Illiterate,Not literate,Employed,Employed,0.0,5528.0,Other Backward Class
TN-SYN-P-000000186,Karur,12,Rural,63,Male,3,1,3,Self-employed in agriculture,Literate,Higher Secondary,Employed,Employed,0.0,11850.0,Other Backward Class
TN-SYN-P-000000187,Kancheepuram,03,Rural,52,Male,2,1,2,Self-employed in non-agriculture,Literate,Primary,Employed,Employed,0.0,4133.0,Other Backward Class
TN-SYN-P-000000188,Karur,12,Urban,49,Male,2,1,3,Self-employed in agriculture,Literate,Secondary,Employed,Employed,0.0,13172.0,Other Backward Class
TN-SYN-P-000000189,Thoothukudi,26,Rural,11,Female,1,5,3,Casual labour in non-agriculture,Literate,Primary,Not in labour force,Not in labour force,0.0,11283.0,Other Backward Class
TN-SYN-P-000000190,Vellore,04,Rural,40,Male,2,1,6,Self-employed in agriculture,Literate,Secondary,Employed,Employed,0.0,12988.0,Other Backward Class
TN-SYN-P-000000191,Cuddalore,16,Rural,15,Male,1,5,4,Regular wage/salary earning,Literate,Secondary,Not in labour force,Not in labour force,0.0,11417.0,Other Backward Class
TN-SYN-P-000000192,Karur,12,Rural,56,Male,2,1,3,Casual labour in agriculture,Literate,Below Primary,Employed,Employed,0.0,11178.0,Other Backward Class
TN-SYN-P-000000193,Tirupathur,36,Urban,3,Female,1,5,5,Self-employed in non-agriculture,Illiterate,Not literate,Not in labour force,Not in labour force,0.0,10842.0,Other Backward Class
TN-SYN-P-000000194,Madurai,22,Rural,65,Female,2,2,4,Casual labour in non-agriculture,Illiterate,Not literate,Not in labour force,Not in labour force,0.0,9845.0,Scheduled Caste
TN-SYN-P-000000195,Tirupathur,36,Urban,27,Male,1,5,5,Self-employed in non-agriculture,Literate,Diploma/Certificate,Employed,Employed,12000.0,9469.0,Other Backward Class
TN-SYN-P-000000196,Thiruvallur,01,Urban,27,Female,1,5,5,Self-employed in non-agriculture,Literate,Diploma/Certificate,Employed,Employed,20000.0,26167.0,Scheduled Caste
TN-SYN-P-000000197,Sivaganga,21,Rural,1,Female,1,6,4,Casual labour in non-agriculture,Illiterate,Not literate,Not in labour force,Not in labour force,0.0,7842.0,Other Backward Class
TN-SYN-P-000000198,Sivaganga,21,Rural,68,Female,3,1,6,Others,Literate,Below Primary,Not in labour force,Not in labour force,0.0,19033.0,Other Backward Class
TN-SYN-P-000000199,Chennai,02,Urban,61,Female,3,1,2,Self-employed in non-agriculture,Literate,Diploma/Certificate,Not in labour force,Not in labour force,0.0,31247.0,Other Backward Class
TN-SYN-P-000000200,Erode,09,Urban,55,Female,2,3,3,Regular wage/salary earning,Literate,Higher Secondary,Not in labour force,Not in labour force,0.0,10023.0,Other Backward Class
TN-SYN-P-000000201,Thiruvarur,18,Rural,4,Male,1,5,4,Self-employed in agriculture,Illiterate,Not literate,Not in labour force,Not in labour force,0.0,12975.0,Scheduled Caste
TN-SYN-P-000000202,Krishnagiri,30,Rural,16,Male,1,5,4,Casual labour in non-agriculture,Literate,Secondary,Not in labour force,Not in labour force,0.0,9885.0,Other Backward Class
TN-SYN-P-000000203,Viluppuram,06,Urban,43,Male,2,1,4,Self-employed in non-agriculture,Literate,Higher Secondary,Employed,Employed,15000.0,13442.0,Other Backward Class
TN-SYN-P-000000204,Tiruppur,32,Rural,64,Male,2,7,6,Casual labour in agriculture,Illiterate,Not literate,Not in labour force,Not in labour force,0.0,9727.0,Scheduled Caste
TN-SYN-P-000000205,Madurai,22,Urban,27,Male,1,5,4,Regular wage/salary earning,Literate,Secondary,Employed,Employed,0.0,16763.0,Scheduled Caste
TN-SYN-P-000000206,Vellore,04,Rural,62,Female,3,1,4,Casual labour in non-agriculture,Illiterate,Not literate,Not in labour force,Not in labour force,0.0,8703.0,Other Backward Class
TN-SYN-P-000000207,Ramanathapuram,25,Rural,18,Female,1,5,5,Self-employed in agriculture,Literate,Higher Secondary,Not in labour force,Not in labour force,0.0,10042.0,Other Backward Class
TN-SYN-P-000000208,Ariyalur,15,Rural,12,Male,1,5,4,Regular wage/salary earning,Literate,Primary,Not in labour force,Not in labour force,0.0,12783.0,Other Backward Class
TN-SYN-P-000000209,Chennai,02,Urban,28,Male,1,5,4,Self-employed in non-agriculture,Literate,Diploma/Certificate,Unemployed,Unemployed,0.0,28117.0,Other Backward Class
TN-SYN-P-000000210,Ranipet,35,Rural,42,Male,2,1,4,Casual labour in non-agriculture,Literate,Secondary,Employed,Employed,0.0,8961.0,Other Backward Class
TN-SYN-P-000000211,Tirunelveli,27,Rural,39,Male,2,1,4,Regular wage/salary earning,Literate,Diploma/Certificate,Employed,Employed,22000.0,18967.0,Other Backward Class
TN-SYN-P-000000212,Salem,07,Urban,70,Female,3,1,2,Self-employed in non-agriculture,Illiterate,Not literate,Not in labour force,Not in labour force,0.0,6288.0,Other Backward Class
TN-SYN-P-000000213,Pudukkottai,20,Rural,18,Male,1,5,5,Casual labour in non-agriculture,Literate,Higher Secondary,Not in labour force,Not in labour force,0.0,7513.0,Scheduled Caste
TN-SYN-P-000000214,Salem,07,Rural,39,Female,2,2,3,Regular wage/salary earning,Literate,Primary,Employed,Employed,8000.0,8758.0,Other Backward Class
TN-SYN-P-000000215,Cuddalore,16,Urban,69,Female,3,1,1,Others,Literate,Primary,Not in labour force,Not in labour force,0.0,1908.0,Other Backward Class
TN-SYN-P-000000216,Dharmapuri,29,Rural,58,Female,3,7,3,Self-employed in agriculture,Illiterate,Not literate,Employed,Employed,0.0,7328.0,Other Backward Class
TN-SYN-P-000000217,Thiruvallur,01,Urban,4,Female,1,5,4,Self-employed in agriculture,Illiterate,Not literate,Not in labour force,Not in labour force,0.0,16835.0,Scheduled Caste
TN-SYN-P-000000218,Thiruvallur,01,Urban,26,Male,1,5,4,Self-employed in agriculture,Literate,Diploma/Certificate,Employed,Employed,21500.0,16152.0,Other Backward Class
TN-SYN-P-000000219,Thiruvallur,01,Rural,16,Male,1,5,4,Self-employed in non-agriculture,Literate,Higher Secondary,Not in labour force,Not in labour force,0.0,15980.0,Other Backward Class
TN-SYN-P-000000220,Tiruchirappalli,13,Urban,48,Female,2,2,3,Self-employed in non-agriculture,Literate,Middle,Not in labour force,Not in labour force,0.0,6603.0,Other Backward Class
TN-SYN-P-000000221,Thoothukudi,26,Urban,26,Female,2,2,4,Regular wage/salary earning,Literate,Diploma/Certificate,Not in labour force,Not in labour force,0.0,12305.0,Other Backward Class
TN-SYN-P-000000222,Coimbatore,31,Urban,39,Male,2,3,4,Self-employed in non-agriculture,Literate,Secondary,Employed,Employed,12280.0,20858.0,Other Backward Class
TN-SYN-P-000000223,Virudhunagar,24,Urban,49,Female,2,2,5,Self-employed in non-agriculture,Literate,Primary,Not in labour force,Not in labour force,0.0,12663.0,Other Backward Class
TN-SYN-P-000000224,Krishnagiri,30,Urban,35,Female,2,2,4,Regular wage/salary earning,Literate,Below Primary,Not in labour force,Not in labour force,0.0,8966.0,Other Backward Class
TN-SYN-P-000000225,Madurai,22,Urban,13,Male,1,6,4,Others,Literate,Primary,Not in labour force,Not in labour force,0.0,49271.0,Others
TN-SYN-P-000000226,Thoothukudi,26,Urban,4,Male,1,5,3,Self-employed in non-agriculture,Literate,Below Primary,Not in labour force,Not in labour force,0.0,11913.0,Other Backward Class
TN-SYN-P-000000227,Unknown,37,Rural,85,Female,3,1,1,Others,Illiterate,Not literate,Not in labour force,Not in labour force,0.0,2333.0,Other Backward Class
TN-SYN-P-000000228,Sivaganga,21,Rural,71,Male,3,7,3,Self-employed in non-agriculture,Illiterate,Not literate,Not in labour force,Not in labour force,0.0,9427.0,Other Backward Class
TN-SYN-P-000000229,Cuddalore,16,Rural,14,Male,1,5,4,Regular wage/salary earning,Literate,Middle,Not in labour force,Not in labour force,0.0,15083.0,Other Backward Class
TN-SYN-P-000000230,Madurai,22,Urban,52,Female,2,7,5,Self-employed in non-agriculture,Literate,Middle,Not in labour force,Not in labour force,0.0,17083.0,Other Backward Class
TN-SYN-P-000000231,Erode,09,Rural,40,Female,2,2,5,Regular wage/salary earning,Literate,Higher Secondary,Employed,Employed,19600.0,15308.0,Scheduled Caste
TN-SYN-P-000000232,Cuddalore,16,Rural,32,Male,2,1,4,Self-employed in non-agriculture,Literate,Diploma/Certificate,Employed,Employed,0.0,10575.0,Scheduled Caste
TN-SYN-P-000000233,Chennai,02,Urban,45,Male,2,1,3,Self-employed in agriculture,Literate,Middle,Employed,Employed,0.0,15733.0,Other Backward Class
TN-SYN-P-000000234,Ranipet,35,Urban,46,Female,3,8,2,Self-employed in non-agriculture,Literate,Primary,Employed,Employed,1000.0,3930.0,Other Backward Class
TN-SYN-P-000000235,Tiruvannamalai,05,Rural,82,Female,3,7,2,Casual labour in non-agriculture,Illiterate,Not literate,Not in labour force,Not in labour force,0.0,2240.0,Scheduled Caste
TN-SYN-P-000000236,Kancheepuram,03,Rural,13,Male,1,5,5,Self-employed in non-agriculture,Literate,Primary,Not in labour force,Not in labour force,0.0,19141.0,Other Backward Class
TN-SYN-P-000000237,Theni,23,Urban,37,Female,2,2,5,Self-employed in agriculture,Literate,Higher Secondary,Employed,Employed,0.0,19678.0,Other Backward Class
TN-SYN-P-000000238,Tirunelveli,27,Rural,3,Female,1,5,4,Regular wage/salary earning,Illiterate,Not literate,Not in labour force,Not in labour force,0.0,18967.0,Other Backward Class
TN-SYN-P-000000239,Cuddalore,16,Urban,13,Male,1,5,4,Self-employed in agriculture,Literate,Middle,Not in labour force,Not in labour force,0.0,9633.0,Other Backward Class
TN-SYN-P-000000240,Vellore,04,Rural,16,Male,1,5,4,Casual labour in non-agriculture,Literate,Secondary,Not in labour force,Not in labour force,0.0,11471.0,Other Backward Class
TN-SYN-P-000000241,Viluppuram,06,Rural,43,Female,2,2,2,Casual labour in non-agriculture,Literate,Middle,Employed,Employed,0.0,10167.0,Scheduled Caste
TN-SYN-P-000000242,Thiruvallur,01,Urban,56,Male,2,1,5,Self-employed in non-agriculture,Literate,Middle,Employed,Employed,8750.0,24444.0,Other Backward Class
TN-SYN-P-000000243,Kanniyakumari,28,Urban,38,Male,1,5,2,Regular wage/salary earning,Literate,Primary,Employed,Employed,0.0,8160.0,Other Backward Class
TN-SYN-P-000000244,Ramanathapuram,25,Rural,45,Male,2,1,5,Self-employed in non-agriculture,Literate,Middle,Employed,Employed,0.0,16268.0,Other Backward Class
TN-SYN-P-000000245,Madurai,22,Rural,32,Male,2,3,3,Regular wage/salary earning,Literate,Diploma/Certificate,Employed,Employed,15000.0,10570.0,Scheduled Caste
TN-SYN-P-000000246,Erode,09,Rural,44,Male,2,1,4,Self-employed in non-agriculture,Literate,Secondary,Employed,Employed,0.0,14317.0,Other Backward Class
TN-SYN-P-000000247,Thiruvallur,01,Urban,15,Male,1,5,4,Regular wage/salary earning,Literate,Middle,Not in labour force,Not in labour force,0.0,16405.0,Other Backward Class
TN-SYN-P-000000248,Thoothukudi,26,Urban,27,Male,1,5,4,Self-employed in agriculture,Literate,Diploma/Certificate,Employed,Employed,13000.0,20042.0,Other Backward Class
TN-SYN-P-000000249,Coimbatore,31,Urban,49,Female,2,2,4,Self-employed in agriculture,Literate,Higher Secondary,Employed,Employed,0.0,20500.0,Other Backward Class
TN-SYN-P-000000250,Tenkasi,33,Urban,41,Female,2,2,4,Self-employed in non-agriculture,Literate,Middle,Not in labour force,Not in labour force,0.0,15755.0,Other Backward Class
TN-SYN-P-000000251,Vellore,04,Rural,55,Female,3,1,1,Others,Literate,Primary,Not in labour force,Not in labour force,0.0,3727.0,Other Backward Class
TN-SYN-P-000000252,Tiruvannamalai,05,Rural,50,Female,2,2,3,Casual labour in agriculture,Literate,Below Primary,Employed,Employed,0.0,6613.0,Other Backward Class
TN-SYN-P-000000253,Thiruvallur,01,Urban,31,Female,2,4,5,Self-employed in non-agriculture,Literate,Diploma/Certificate,Not in labour force,Not in labour force,0.0,21083.0,Other Backward Class
TN-SYN-P-000000254,Salem,07,Urban,41,Male,4,3,2,Self-employed in non-agriculture,Literate,Middle,Employed,Employed,13500.0,6288.0,Other Backward Class
TN-SYN-P-000000255,Dharmapuri,29,Urban,20,Male,1,5,2,Regular wage/salary earning,Literate,Middle,Employed,Employed,0.0,6903.0,Other Backward Class
TN-SYN-P-000000256,Sivaganga,21,Urban,18,Female,1,6,3,Self-employed in non-agriculture,Literate,Higher Secondary,Not in labour force,Not in labour force,0.0,8688.0,Other Backward Class
TN-SYN-P-000000257,Namakkal,08,Rural,21,Female,1,5,4,Casual labour in agriculture,Literate,Diploma/Certificate,Not in labour force,Not in labour force,0.0,7972.0,Scheduled Caste
TN-SYN-P-000000258,Thanjavur,19,Rural,11,Male,1,5,4,Casual labour in agriculture,Literate,Primary,Not in labour force,Not in labour force,0.0,19238.0,Other Backward Class
TN-SYN-P-000000259,Dharmapuri,29,Rural,49,Female,2,2,7,Regular wage/salary earning,Literate,Primary,Employed,Employed,0.0,16501.0,Other Backward Class
TN-SYN-P-000000260,Tiruvannamalai,05,Urban,12,Male,1,5,4,Self-employed in non-agriculture,Literate,Primary,Not in labour force,Not in labour force,0.0,17046.0,Other Backward Class
TN-SYN-P-000000261,Salem,07,Urban,50,Female,2,2,6,Self-employed in non-agriculture,Literate,Primary,Not in labour force,Not in labour force,0.0,35383.0,Other Backward Class
TN-SYN-P-000000262,Kancheepuram,03,Urban,27,Male,1,1,1,Self-employed in non-agriculture,Literate,Diploma/Certificate,Employed,Employed,60000.0,16833.0,Other Backward Class
TN-SYN-P-000000263,Chennai,02,Urban,2,Male,1,5,4,Self-employed in non-agriculture,Illiterate,Not literate,Not in labour force,Not in labour force,0.0,25717.0,Other Backward Class
TN-SYN-P-000000264,Thanjavur,19,Rural,36,Male,2,1,4,Regular wage/salary earning,Literate,Diploma/Certificate,Employed,Employed,23100.0,12220.0,Scheduled Caste
TN-SYN-P-000000265,Coimbatore,31,Rural,65,Male,3,1,2,Regular wage/salary earning,Illiterate,Not literate,Employed,Employed,0.0,7092.0,Other Backward Class
TN-SYN-P-000000266,Thoothukudi,26,Rural,9,Female,1,5,5,Regular wage/salary earning,Literate,Below Primary,Not in labour force,Not in labour force,0.0,12890.0,Other Backward Class
TN-SYN-P-000000267,Cuddalore,16,Rural,24,Male,1,5,5,Casual labour in non-agriculture,Literate,Diploma/Certificate,Employed,Employed,0.0,12467.0,Other Backward Class
TN-SYN-P-000000268,Tiruvannamalai,05,Rural,14,Male,1,5,5,Regular wage/salary earning,Literate,Middle,Not in labour force,Not in labour force,0.0,15150.0,Other Backward Class
TN-SYN-P-000000269,Thiruvarur,18,Rural,39,Female,2,2,4,Casual labour in agriculture,Literate,Middle,Employed,Employed,0.0,15568.0,Other Backward Class
TN-SYN-P-000000270,Salem,07,Urban,9,Male,1,5,4,Self-employed in non-agriculture,Literate,Below Primary,Not in labour force,Not in labour force,0.0,15377.0,Other Backward Class
TN-SYN-P-000000271,Salem,07,Urban,55,Female,3,1,1,Self-employed in agriculture,Illiterate,Not literate,Employed,Employed,0.0,1042.0,Other Backward Class
TN-SYN-P-000000272,Cuddalore,16,Rural,30,Female,2,2,4,Regular wage/salary earning,Literate,Diploma/Certificate,Employed,Employed,18000.0,15517.0,Scheduled Caste
TN-SYN-P-000000273,Kancheepuram,03,Urban,5,Female,1,5,4,Self-employed in agriculture,Illiterate,Not literate,Not in labour force,Not in labour force,0.0,22703.0,Other Backward Class
TN-SYN-P-000000274,Pudukkottai,20,Rural,63,Female,2,2,8,Self-employed in agriculture,Literate,Below Primary,Employed,Employed,0.0,10805.0,Scheduled Caste
TN-SYN-P-000000275,Thiruvarur,18,Rural,32,Male,2,3,12,Regular wage/salary earning,Literate,Diploma/Certificate,Employed,Employed,17325.0,58995.0,Scheduled Caste
TN-SYN-P-000000276,Thiruvallur,01,Urban,25,Male,1,5,4,Self-employed in non-agriculture,Literate,Diploma/Certificate,Employed,Employed,35000.0,14495.0,Other Backward Class
TN-SYN-P-000000277,Kanniyakumari,28,Urban,44,Female,2,2,2,Regular wage/salary earning,Literate,Higher Secondary,Employed,Employed,0.0,13833.0,Other Backward Class
TN-SYN-P-000000278,Thiruvallur,01,Urban,52,Male,2,1,5,Self-employed in agriculture,Literate,Middle,Employed,Employed,0.0,22842.0,Other Backward Class
TN-SYN-P-000000279,Thiruvarur,18,Rural,85,Female,3,1,2,Others,Literate,Primary,Not in labour force,Not in labour force,0.0,8347.0,Other Backward Class
TN-SYN-P-000000280,Thiruvallur,01,Urban,32,Male,2,3,5,Self-employed in agriculture,Literate,Diploma/Certificate,Employed,Employed,0.0,26527.0,Others
TN-SYN-P-000000281,Krishnagiri,30,Rural,26,Male,1,5,4,Regular wage/salary earning,Literate,Secondary,Employed,Employed,0.0,11086.0,Scheduled Caste
TN-SYN-P-000000282,Sivaganga,21,Rural,45,Male,2,1,6,Casual labour in agriculture,Literate,Below Primary,Employed,Employed,0.0,14412.0,Other Backward Class
TN-SYN-P-000000283,Chennai,02,Urban,35,Female,2,4,7,Self-employed in non-agriculture,Literate,Diploma/Certificate,Not in labour force,Not in labour force,0.0,29670.0,Other Backward Class
TN-SYN-P-000000284,Mayiladuthurai,38,Rural,53,Male,1,8,3,Others,Illiterate,Not literate,Not in labour force,Not in labour force,0.0,14622.0,Other Backward Class
TN-SYN-P-000000285,Ranipet,35,Rural,34,Male,2,1,3,Casual labour in non-agriculture,Literate,Middle,Employed,Employed,0.0,5894.0,Scheduled Caste
TN-SYN-P-000000286,Thiruvarur,18,Rural,35,Female,2,2,6,Self-employed in non-agriculture,Literate,Middle,Not in labour force,Not in labour force,0.0,16859.0,Scheduled Caste
TN-SYN-P-000000287,Mayiladuthurai,38,Rural,22,Male,1,5,4,Casual labour in non-agriculture,Literate,Diploma/Certificate,Unemployed,Unemployed,0.0,13910.0,Other Backward Class
TN-SYN-P-000000288,Kancheepuram,03,Urban,25,Female,1,8,5,Self-employed in non-agriculture,Literate,Higher Secondary,Not in labour force,Not in labour force,0.0,21500.0,Scheduled Caste
TN-SYN-P-000000289,Chennai,02,Urban,75,Male,3,1,1,Self-employed in non-agriculture,Illiterate,Not literate,Employed,Employed,15000.0,5250.0,Scheduled Caste
TN-SYN-P-000000290,Pudukkottai,20,Rural,70,Male,2,7,6,Regular wage/salary earning,Illiterate,Not literate,Not in labour force,Not in labour force,0.0,13763.0,Other Backward Class
TN-SYN-P-000000291,Thoothukudi,26,Rural,18,Female,1,5,5,Casual labour in non-agriculture,Literate,Higher Secondary,Not in labour force,Not in labour force,0.0,9033.0,Scheduled Caste
TN-SYN-P-000000292,Kancheepuram,03,Urban,17,Female,1,5,4,Regular wage/salary earning,Literate,Higher Secondary,Not in labour force,Not in labour force,0.0,8350.0,Other Backward Class
TN-SYN-P-000000293,Pudukkottai,20,Rural,17,Male,1,5,5,Self-employed in agriculture,Literate,Higher Secondary,Not in labour force,Not in labour force,0.0,10853.0,Other Backward Class
TN-SYN-P-000000294,Salem,07,Urban,68,Female,2,2,3,Self-employed in non-agriculture,Literate,Primary,Not in labour force,Not in labour force,0.0,17700.0,Other Backward Class
TN-SYN-P-000000295,Thoothukudi,26,Rural,26,Male,1,5,3,Regular wage/salary earning,Literate,Diploma/Certificate,Employed,Employed,19500.0,9363.0,Scheduled Caste
TN-SYN-P-000000296,Chennai,02,Urban,23,Male,1,5,3,Self-employed in non-agriculture,Literate,Diploma/Certificate,Not in labour force,Not in labour force,0.0,22053.0,Other Backward Class
TN-SYN-P-000000297,Coimbatore,31,Urban,23,Male,1,5,3,Self-employed in non-agriculture,Literate,Middle,Employed,Employed,17330.0,11224.0,Scheduled Caste
TN-SYN-P-000000298,Dharmapuri,29,Rural,22,Female,1,5,5,Regular wage/salary earning,Literate,Diploma/Certificate,Unemployed,Unemployed,0.0,14844.0,Other Backward Class
TN-SYN-P-000000299,Erode,09,Urban,56,Female,2,2,3,Self-employed in non-agriculture,Literate,Higher Secondary,Not in labour force,Not in labour force,0.0,13917.0,Other Backward Class
TN-SYN-P-000000300,Namakkal,08,Rural,27,Male,1,5,4,Regular wage/salary earning,Literate,Diploma/Certificate,Employed,Employed,25000.0,10667.0,Other Backward Class
TN-SYN-P-000000301,Vellore,04,Rural,37,Female,2,2,3,Self-employed in non-agriculture,Literate,Secondary,Not in labour force,Not in labour force,0.0,10609.0,Other Backward Class
TN-SYN-P-000000302,Ariyalur,15,Rural,45,Female,2,2,5,Self-employed in agriculture,Literate,Primary,Employed,Employed,0.0,15467.0,Other Backward Class
TN-SYN-P-000000303,Coimbatore,31,Urban,31,Female,2,2,2,Self-employed in non-agriculture,Literate,Primary,Employed,Employed,9260.0,16233.0,Other Backward Class
TN-SYN-P-000000304,Virudhunagar,24,Rural,37,Female,2,2,4,Self-employed in agriculture,Literate,Below Primary,Employed,Employed,0.0,12663.0,Other Backward Class
TN-SYN-P-000000305,Karur,12,Rural,22,Female,1,5,4,Self-employed in non-agriculture,Literate,Diploma/Certificate,Unemployed,Unemployed,0.0,6742.0,Scheduled Caste
TN-SYN-P-000000306,Thoothukudi,26,Urban,64,Female,2,2,3,Self-employed in non-agriculture,Literate,Secondary,Not in labour force,Not in labour force,0.0,12725.0,Others
TN-SYN-P-000000307,Salem,07,Rural,31,Male,2,3,4,Regular wage/salary earning,Literate,Diploma/Certificate,Employed,Employed,18000.0,18350.0,Other Backward Class
TN-SYN-P-000000308,Dharmapuri,29,Rural,49,Male,2,1,6,Casual labour in agriculture,Illiterate,Not literate,Employed,Employed,0.0,9579.0,Scheduled Caste
TN-SYN-P-000000309,Kanniyakumari,28,Urban,65,Female,3,1,2,Regular wage/salary earning,Illiterate,Not literate,Not in labour force,Not in labour force,0.0,12800.0,Other Backward Class
TN-SYN-P-000000310,Perambalur,14,Rural,13,Female,1,5,3,Self-employed in agriculture,Literate,Middle,Not in labour force,Not in labour force,0.0,9251.0,Other Backward Class
TN-SYN-P-000000311,Salem,07,Urban,18,Female,1,5,4,Self-employed in non-agriculture,Literate,Higher Secondary,Not in labour force,Not in labour force,0.0,14067.0,Other Backward Class
TN-SYN-P-000000312,Coimbatore,31,Urban,41,Female,2,2,6,Self-employed in non-agriculture,Literate,Higher Secondary,Not in labour force,Not in labour force,0.0,30432.0,Other Backward Class
TN-SYN-P-000000313,Thoothukudi,26,Urban,47,Male,2,1,5,Regular wage/salary earning,Literate,Middle,Employed,Employed,0.0,15682.0,Other Backward Class
TN-SYN-P-000000314,Erode,09,Urban,30,Male,1,5,3,Self-employed in non-agriculture,Literate,Diploma/Certificate,Employed,Employed,10600.0,13073.0,Other Backward Class
TN-SYN-P-000000315,Thiruvallur,01,Urban,32,Male,1,5,3,Regular wage/salary earning,Literate,Middle,Employed,Employed,0.0,8867.0,Other Backward Class
TN-SYN-P-000000316,Krishnagiri,30,Rural,26,Male,1,5,4,Regular wage/salary earning,Literate,Secondary,Employed,Employed,0.0,11086.0,Scheduled Caste
TN-SYN-P-000000317,Thoothukudi,26,Rural,37,Female,2,2,5,Self-employed in agriculture,Literate,Middle,Employed,Employed,0.0,10143.0,Scheduled Caste
TN-SYN-P-000000318,Erode,09,Rural,49,Male,2,1,2,Self-employed in agriculture,Literate,Primary,Employed,Employed,0.0,12642.0,Other Backward Class
TN-SYN-P-000000319,Theni,23,Urban,47,Male,1,1,1,Regular wage/salary earning,Literate,Middle,Employed,Employed,0.0,5350.0,Other Backward Class
TN-SYN-P-000000320,Coimbatore,31,Urban,37,Female,2,2,5,Self-employed in agriculture,Literate,Higher Secondary,Not in labour force,Not in labour force,0.0,17720.0,Other Backward Class
TN-SYN-P-000000321,Chennai,02,Urban,2,Male,1,5,4,Self-employed in non-agriculture,Illiterate,Not literate,Not in labour force,Not in labour force,0.0,26265.0,Other Backward Class
TN-SYN-P-000000322,Tiruchirappalli,13,Rural,65,Male,3,7,4,Regular wage/salary earning,Literate,Primary,Employed,Employed,0.0,12988.0,Scheduled Caste
TN-SYN-P-000000323,Unknown,37,Rural,36,Female,2,2,4,Regular wage/salary earning,Literate,Primary,Employed,Employed,0.0,7297.0,Other Backward Class
TN-SYN-P-000000324,Perambalur,14,Rural,36,Female,2,2,4,Self-employed in non-agriculture,Literate,Middle,Employed,Employed,0.0,9592.0,Other Backward Class
TN-SYN-P-000000325,Chennai,02,Urban,81,Female,2,2,3,Self-employed in non-agriculture,Literate,Diploma/Certificate,Not in labour force,Not in labour force,0.0,12575.0,Others
TN-SYN-P-000000326,Tiruppur,32,Rural,60,Male,2,1,4,Self-employed in agriculture,Illiterate,Not literate,Employed,Employed,0.0,11218.0,Other Backward Class
TN-SYN-P-000000327,Tiruchirappalli,13,Urban,11,Male,1,5,4,Regular wage/salary earning,Literate,Primary,Not in labour force,Not in labour force,0.0,8436.0,Other Backward Class
TN-SYN-P-000000328,Ramanathapuram,25,Urban,32,Male,2,1,4,Self-employed in non-agriculture,Literate,Diploma/Certificate,Employed,Employed,24000.0,13493.0,Other Backward Class
TN-SYN-P-000000329,Tenkasi,33,Urban,25,Female,1,5,5,Self-employed in non-agriculture,Literate,Secondary,Not in labour force,Not in labour force,0.0,32858.0,Scheduled Caste
TN-SYN-P-000000330,Thoothukudi,26,Rural,21,Male,1,5,5,Casual labour in non-agriculture,Literate,Secondary,Not in labour force,Not in labour force,0.0,9033.0,Scheduled Caste
TN-SYN-P-000000331,Thiruvallur,01,Urban,36,Male,2,1,4,Self-employed in non-agriculture,Literate,Diploma/Certificate,Employed,Employed,26800.0,19414.0,Other Backward Class
TN-SYN-P-000000332,Kancheepuram,03,Rural,7,Male,1,6,6,Regular wage/salary earning,Literate,Below Primary,Not in labour force,Not in labour force,0.0,14729.0,Scheduled Caste
TN-SYN-P-000000333,Chennai,02,Urban,32,Male,2,1,2,Self-employed in non-agriculture,Literate,Below Primary,Employed,Employed,15000.0,13083.0,Other Backward Class
TN-SYN-P-000000334,Erode,09,Urban,37,Female,2,2,4,Self-employed in non-agriculture,Literate,Below Primary,Employed,Employed,0.0,15217.0,Scheduled Caste
TN-SYN-P-000000335,Chennai,02,Urban,69,Female,3,7,5,Self-employed in non-agriculture,Literate,Higher Secondary,Not in labour force,Not in labour force,0.0,15417.0,Other Backward Class
TN-SYN-P-000000336,Mayiladuthurai,38,Urban,71,Female,3,1,1,Others,Literate,Middle,Not in labour force,Not in labour force,0.0,5720.0,Other Backward Class
TN-SYN-P-000000337,Virudhunagar,24,Urban,12,Female,1,5,3,Self-employed in non-agriculture,Literate,Primary,Not in labour force,Not in labour force,0.0,9467.0,Other Backward Class
TN-SYN-P-000000338,Namakkal,08,Rural,39,Male,2,1,4,Regular wage/salary earning,Literate,Secondary,Employed,Employed,27000.0,16558.0,Other Backward Class
TN-SYN-P-000000339,Tiruchirappalli,13,Rural,5,Female,1,5,3,Self-employed in non-agriculture,Illiterate,Not literate,Not in labour force,Not in labour force,0.0,10085.0,Other Backward Class
TN-SYN-P-000000340,Mayiladuthurai,38,Rural,32,Female,2,2,7,Regular wage/salary earning,Literate,Middle,Not in labour force,Not in labour force,0.0,14748.0,Other Backward Class
TN-SYN-P-000000341,Ranipet,35,Rural,38,Female,2,2,3,Self-employed in agriculture,Illiterate,Not literate,Employed,Employed,0.0,5528.0,Other Backward Class
TN-SYN-P-000000342,Tirunelveli,27,Urban,40,Male,2,1,4,Self-employed in non-agriculture,Literate,Higher Secondary,Employed,Employed,15000.0,21493.0,Other Backward Class
TN-SYN-P-000000343,Pudukkottai,20,Rural,20,Male,1,5,5,Casual labour in non-agriculture,Literate,Higher Secondary,Not in labour force,Not in labour force,0.0,7513.0,Scheduled Caste
TN-SYN-P-000000344,Perambalur,14,Urban,14,Female,1,5,4,Self-employed in non-agriculture,Literate,Middle,Not in labour force,Not in labour force,0.0,11469.0,Other Backward Class
TN-SYN-P-000000345,Salem,07,Rural,24,Male,2,3,6,Regular wage/salary earning,Literate,Diploma/Certificate,Employed,Employed,15000.0,17333.0,Other Backward Class
TN-SYN-P-000000346,Theni,23,Urban,39,Female,2,2,4,Self-employed in non-agriculture,Literate,Higher Secondary,Not in labour force,Not in labour force,0.0,17893.0,Other Backward Class
TN-SYN-P-000000347,Madurai,22,Urban,41,Female,2,2,4,Self-employed in agriculture,Literate,Higher Secondary,Employed,Employed,10000.0,16772.0,Other Backward Class
TN-SYN-P-000000348,Pudukkottai,20,Rural,18,Male,1,5,4,Regular wage/salary earning,Literate,Higher Secondary,Not in labour force,Not in labour force,0.0,14325.0,Other Backward Class
TN-SYN-P-000000349,Sivaganga,21,Rural,62,Female,3,1,1,Others,Illiterate,Not literate,Not in labour force,Not in labour force,0.0,8475.0,Scheduled Caste
TN-SYN-P-000000350,Thoothukudi,26,Urban,29,Female,2,3,4,Others,Literate,Diploma/Certificate,Not in labour force,Not in labour force,0.0,15310.0,Other Backward Class
TN-SYN-P-000000351,Madurai,22,Rural,70,Female,2,2,4,Casual labour in non-agriculture,Illiterate,Not literate,Employed,Employed,0.0,6815.0,Other Backward Class
TN-SYN-P-000000352,Thiruvallur,01,Urban,52,Female,3,1,3,Self-employed in non-agriculture,Literate,Below Primary,Not in labour force,Not in labour force,0.0,15787.0,Other Backward Class
TN-SYN-P-000000353,Salem,07,Rural,56,Male,2,1,3,Regular wage/salary earning,Literate,Primary,Employed,Employed,0.0,13683.0,Other Backward Class
TN-SYN-P-000000354,Tenkasi,33,Urban,58,Female,2,2,3,Self-employed in non-agriculture,Literate,Higher Secondary,Not in labour force,Not in labour force,0.0,32827.0,Other Backward Class
TN-SYN-P-000000355,Thiruvallur,01,Urban,32,Female,2,2,4,Self-employed in non-agriculture,Literate,Secondary,Employed,Employed,11000.0,23887.0,Scheduled Caste
TN-SYN-P-000000356,Pudukkottai,20,Rural,60,Female,3,1,4,Casual labour in agriculture,Literate,Below Primary,Employed,Employed,0.0,12427.0,Other Backward Class
TN-SYN-P-000000357,Salem,07,Rural,70,Female,3,1,1,Casual labour in non-agriculture,Illiterate,Not literate,Employed,Employed,0.0,3083.0,Scheduled Caste
TN-SYN-P-000000358,Coimbatore,31,Urban,15,Male,1,5,4,Self-employed in non-agriculture,Literate,Secondary,Not in labour force,Not in labour force,0.0,15370.0,Other Backward Class
TN-SYN-P-000000359,Dharmapuri,29,Rural,23,Male,1,5,3,Regular wage/salary earning,Literate,Diploma/Certificate,Employed,Employed,16400.0,7489.0,Scheduled Caste
TN-SYN-P-000000360,Chennai,02,Urban,42,Male,2,1,3,Self-employed in non-agriculture,Literate,Middle,Employed,Employed,30000.0,10333.0,Other Backward Class
TN-SYN-P-000000361,Dindigul,11,Rural,4,Male,1,5,5,Casual labour in agriculture,Illiterate,Not literate,Not in labour force,Not in labour force,0.0,10628.0,Scheduled Caste
TN-SYN-P-000000362,Tiruvannamalai,05,Rural,42,Male,2,1,4,Self-employed in non-agriculture,Literate,Primary,Employed,Employed,0.0,10519.0,Other Backward Class
TN-SYN-P-000000363,Krishnagiri,30,Rural,58,Female,2,2,6,Self-employed in agriculture,Literate,Below Primary,Employed,Employed,0.0,15943.0,Other Backward Class
TN-SYN-P-000000364,Thanjavur,19,Rural,62,Female,3,1,2,Casual labour in non-agriculture,Illiterate,Not literate,Not in labour force,Not in labour force,0.0,5659.0,Other Backward Class
TN-SYN-P-000000365,Kallakurichi,34,Rural,21,Female,1,5,3,Regular wage/salary earning,Literate,Middle,Not in labour force,Not in labour force,0.0,4155.0,Scheduled Tribe
TN-SYN-P-000000366,Namakkal,08,Rural,62,Female,2,2,2,Self-employed in non-agriculture,Literate,Primary,Not in labour force,Not in labour force,0.0,6875.0,Other Backward Class
TN-SYN-P-000000367,Salem,07,Rural,36,Female,2,2,2,Regular wage/salary earning,Literate,Middle,Employed,Employed,0.0,4800.0,Other Backward Class
TN-SYN-P-000000368,Ariyalur,15,Rural,6,Male,1,5,3,Casual labour in non-agriculture,Literate,Below Primary,Not in labour force,Not in labour force,0.0,5950.0,Scheduled Caste
TN-SYN-P-000000369,Tiruchirappalli,13,Urban,37,Female,2,2,3,Self-employed in agriculture,Literate,Diploma/Certificate,Employed,Employed,10000.0,14553.0,Other Backward Class
TN-SYN-P-000000370,Ariyalur,15,Rural,35,Female,3,1,1,Regular wage/salary earning,Literate,Higher Secondary,Employed,Employed,7500.0,5092.0,Other Backward Class
TN-SYN-P-000000371,Tiruvannamalai,05,Rural,48,Female,1,8,6,Regular wage/salary earning,Illiterate,Not literate,Not in labour force,Not in labour force,0.0,11562.0,Other Backward Class
TN-SYN-P-000000372,Thiruvallur,01,Urban,47,Female,2,2,3,Regular wage/salary earning,Literate,Higher Secondary,Not in labour force,Not in labour force,0.0,15760.0,Other Backward Class
TN-SYN-P-000000373,Ariyalur,15,Rural,59,Female,3,1,1,Casual labour in non-agriculture,Illiterate,Not literate,Not in labour force,Not in labour force,0.0,3515.0,Scheduled Caste
TN-SYN-P-000000374,Chennai,02,Urban,40,Female,2,2,4,Self-employed in non-agriculture,Literate,Middle,Not in labour force,Not in labour force,0.0,10870.0,Others
TN-SYN-P-000000375,Tenkasi,33,Urban,3,Male,1,6,5,Self-employed in non-agriculture,Illiterate,Not literate,Not in labour force,Not in labour force,0.0,19917.0,Other Backward Class
TN-SYN-P-000000376,Dindigul,11,Rural,60,Female,2,2,3,Others,Literate,Below Primary,Not in labour force,Not in labour force,0.0,5330.0,Scheduled Caste
TN-SYN-P-000000377,Thiruvallur,01,Urban,23,Female,1,5,4,Self-employed in non-agriculture,Literate,Diploma/Certificate,Unemployed,Unemployed,0.0,36602.0,Other Backward Class
TN-SYN-P-000000378,Thiruvarur,18,Rural,13,Male,1,5,4,Self-employed in non-agriculture,Literate,Primary,Not in labour force,Not in labour force,0.0,25633.0,Other Backward Class
TN-SYN-P-000000379,Tirunelveli,27,Rural,32,Male,2,3,5,Casual labour in non-agriculture,Literate,Primary,Employed,Employed,0.0,15397.0,Other Backward Class
TN-SYN-P-000000380,Salem,07,Rural,10,Female,1,5,4,Regular wage/salary earning,Literate,Below Primary,Not in labour force,Not in labour force,0.0,10500.0,Scheduled Caste
TN-SYN-P-000000381,Pudukkottai,20,Rural,10,Female,1,6,8,Self-employed in agriculture,Literate,Primary,Not in labour force,Not in labour force,0.0,10805.0,Scheduled Caste
TN-SYN-P-000000382,Madurai,22,Rural,45,Male,2,1,4,Regular wage/salary earning,Literate,Higher Secondary,Employed,Employed,24000.0,13751.0,Other Backward Class
TN-SYN-P-000000383,Kallakurichi,34,Rural,18,Male,1,5,4,Casual labour in agriculture,Literate,Higher Secondary,Not in labour force,Not in labour force,0.0,9383.0,Other Backward Class
TN-SYN-P-000000384,Thiruvallur,01,Urban,59,Female,4,1,1,Regular wage/salary earning,Literate,Primary,Employed,Employed,0.0,6791.0,Scheduled Caste
TN-SYN-P-000000385,Coimbatore,31,Urban,25,Male,2,1,4,Self-employed in non-agriculture,Literate,Secondary,Employed,Employed,17480.0,12144.0,Other Backward Class
TN-SYN-P-000000386,Chennai,02,Urban,61,Female,3,1,1,Others,Illiterate,Not literate,Not in labour force,Not in labour force,0.0,5215.0,Other Backward Class
TN-SYN-P-000000387,Erode,09,Urban,55,Female,2,3,3,Regular wage/salary earning,Literate,Higher Secondary,Not in labour force,Not in labour force,0.0,10023.0,Other Backward Class
TN-SYN-P-000000388,Thiruvallur,01,Rural,12,Female,1,5,5,Self-employed in non-agriculture,Literate,Primary,Not in labour force,Not in labour force,0.0,15790.0,Other Backward Class
TN-SYN-P-000000389,Tirunelveli,27,Urban,26,Female,2,2,4,Self-employed in non-agriculture,Literate,Diploma/Certificate,Not in labour force,Not in labour force,0.0,22167.0,Scheduled Caste
TN-SYN-P-000000390,Ariyalur,15,Rural,56,Male,2,1,4,Self-employed in non-agriculture,Literate,Middle,Employed,Employed,0.0,11471.0,Other Backward Class
TN-SYN-P-000000391,Kancheepuram,03,Urban,4,Male,1,5,5,Self-employed in agriculture,Illiterate,Not literate,Not in labour force,Not in labour force,0.0,20750.0,Other Backward Class
TN-SYN-P-000000392,Kallakurichi,34,Rural,36,Female,2,4,7,Casual labour in agriculture,Literate,Primary,Employed,Employed,0.0,10888.0,Scheduled Tribe
TN-SYN-P-000000393,Ramanathapuram,25,Rural,46,Male,2,1,4,Regular wage/salary earning,Literate,Below Primary,Employed,Employed,11300.0,9992.0,Other Backward Class
TN-SYN-P-000000394,Virudhunagar,24,Rural,34,Female,2,2,4,Self-employed in non-agriculture,Literate,Secondary,Not in labour force,Not in labour force,0.0,10332.0,Other Backward Class
TN-SYN-P-000000395,Karur,12,Rural,22,Female,1,5,4,Self-employed in non-agriculture,Literate,Diploma/Certificate,Unemployed,Unemployed,0.0,6742.0,Scheduled Caste
TN-SYN-P-000000396,Theni,23,Urban,3,Male,1,5,4,Self-employed in non-agriculture,Illiterate,Not literate,Not in labour force,Not in labour force,0.0,16520.0,Scheduled Caste
TN-SYN-P-000000397,Tiruvannamalai,05,Rural,50,Female,2,2,3,Self-employed in agriculture,Illiterate,Not literate,Employed,Employed,0.0,10892.0,Other Backward Class
TN-SYN-P-000000398,Mayiladuthurai,38,Rural,32,Female,2,1,4,Regular wage/salary earning,Literate,Diploma/Certificate,Employed,Employed,0.0,9950.0,Scheduled Caste
TN-SYN-P-000000399,Madurai,22,Rural,45,Female,2,2,5,Regular wage/salary earning,Illiterate,Not literate,Not in labour force,Not in labour force,0.0,16368.0,Other Backward Class
TN-SYN-P-000000400,Dindigul,11,Rural,53,Male,2,1,5,Self-employed in agriculture,Illiterate,Not literate,Employed,Employed,0.0,17649.0,Other Backward Class
TN-SYN-P-000000401,Coimbatore,31,Urban,0,Female,1,5,3,Self-employed in non-agriculture,Illiterate,Not literate,Not in labour force,Not in labour force,0.0,8536.0,Other Backward Class
TN-SYN-P-000000402,Coimbatore,31,Urban,46,Female,2,2,3,Self-employed in non-agriculture,Literate,Middle,Employed,Employed,10080.0,5953.0,Scheduled Caste
TN-SYN-P-000000403,Tiruvannamalai,05,Rural,74,Male,2,1,3,Self-employed in agriculture,Literate,Primary,Employed,Employed,0.0,7778.0,Other Backward Class
TN-SYN-P-000000404,Coimbatore,31,Urban,4,Female,1,5,4,Self-employed in non-agriculture,Illiterate,Not literate,Not in labour force,Not in labour force,0.0,21952.0,Other Backward Class
TN-SYN-P-000000405,Tenkasi,33,Urban,14,Female,1,5,4,Self-employed in non-agriculture,Literate,Middle,Not in labour force,Not in labour force,0.0,41073.0,Other Backward Class
TN-SYN-P-000000406,Thiruvallur,01,Rural,12,Female,1,5,5,Self-employed in non-agriculture,Literate,Primary,Not in labour force,Not in labour force,0.0,15790.0,Other Backward Class
TN-SYN-P-000000407,Kancheepuram,03,Rural,22,Male,1,5,5,Regular wage/salary earning,Literate,Higher Secondary,Employed,Employed,12000.0,22458.0,Scheduled Caste
TN-SYN-P-000000408,Krishnagiri,30,Rural,33,Male,1,5,3,Regular wage/salary earning,Literate,Diploma/Certificate,Employed,Employed,19400.0,10286.0,Scheduled Caste
TN-SYN-P-000000409,Thanjavur,19,Urban,3,Male,1,5,2,Others,Illiterate,Not literate,Not in labour force,Not in labour force,0.0,53048.0,Other Backward Class
TN-SYN-P-000000410,Thanjavur,19,Urban,10,Male,1,5,4,Self-employed in non-agriculture,Literate,Below Primary,Not in labour force,Not in labour force,0.0,53247.0,Other Backward Class
TN-SYN-P-000000411,Coimbatore,31,Rural,25,Female,2,4,5,Regular wage/salary earning,Literate,Diploma/Certificate,Not in labour force,Not in labour force,0.0,21543.0,Other Backward Class
TN-SYN-P-000000412,Madurai,22,Rural,27,Male,1,5,3,Casual labour in non-agriculture,Literate,Higher Secondary,Employed,Employed,0.0,10122.0,Other Backward Class
TN-SYN-P-000000413,Madurai,22,Urban,5,Male,1,5,4,Self-employed in agriculture,Literate,Below Primary,Not in labour force,Not in labour force,0.0,19557.0,Other Backward Class
TN-SYN-P-000000414,Ramanathapuram,25,Rural,12,Female,1,5,3,Casual labour in non-agriculture,Literate,Primary,Not in labour force,Not in labour force,0.0,9200.0,Scheduled Caste
TN-SYN-P-000000415,Cuddalore,16,Rural,12,Female,1,5,4,Casual labour in non-agriculture,Literate,Primary,Not in labour force,Not in labour force,0.0,10975.0,Scheduled Caste
TN-SYN-P-000000416,Thoothukudi,26,Urban,42,Female,2,2,4,Self-employed in agriculture,Literate,Diploma/Certificate,Not in labour force,Not in labour force,0.0,16592.0,Other Backward Class
TN-SYN-P-000000417,Vellore,04,Rural,37,Male,1,8,6,Self-employed in agriculture,Illiterate,Not literate,Not in labour force,Not in labour force,0.0,12988.0,Other Backward Class
TN-SYN-P-000000418,Kallakurichi,34,Rural,50,Female,2,2,2,Self-employed in non-agriculture,Literate,Middle,Employed,Employed,0.0,7183.0,Other Backward Class
TN-SYN-P-000000419,Tenkasi,33,Urban,9,Female,1,5,4,Self-employed in non-agriculture,Literate,Below Primary,Not in labour force,Not in labour force,0.0,15785.0,Others
TN-SYN-P-000000420,The Nilgiris,10,Urban,22,Female,2,2,3,Self-employed in non-agriculture,Literate,Diploma/Certificate,Employed,Employed,10200.0,6425.0,Other Backward Class
TN-SYN-P-000000421,Thanjavur,19,Urban,41,Female,2,2,4,Self-employed in non-agriculture,Literate,Diploma/Certificate,Not in labour force,Not in labour force,0.0,58619.0,Other Backward Class
TN-SYN-P-000000422,Ramanathapuram,25,Urban,71,Male,2,1,6,Self-employed in agriculture,Literate,Below Primary,Not in labour force,Not in labour force,0.0,11733.0,Other Backward Class
TN-SYN-P-000000423,Tirunelveli,27,Rural,37,Female,2,2,4,Regular wage/salary earning,Literate,Diploma/Certificate,Not in labour force,Not in labour force,0.0,18967.0,Other Backward Class
TN-SYN-P-000000424,Theni,23,Rural,21,Female,1,6,3,Regular wage/salary earning,Literate,Diploma/Certificate,Unemployed,Unemployed,0.0,7742.0,Scheduled Caste
TN-SYN-P-000000425,Salem,07,Rural,21,Female,1,5,4,Casual labour in non-agriculture,Literate,Diploma/Certificate,Not in labour force,Not in labour force,0.0,12925.0,Other Backward Class
TN-SYN-P-000000426,Kanniyakumari,28,Urban,55,Male,2,1,5,Regular wage/salary earning,Literate,Primary,Employed,Employed,0.0,19247.0,Other Backward Class
TN-SYN-P-000000427,Ranipet,35,Urban,3,Male,1,6,14,Self-employed in non-agriculture,Illiterate,Not literate,Not in labour force,Not in labour force,0.0,50046.0,Other Backward Class
TN-SYN-P-000000428,Theni,23,Rural,16,Male,1,5,5,Casual labour in non-agriculture,Literate,Secondary,Not in labour force,Not in labour force,0.0,10843.0,Other Backward Class
TN-SYN-P-000000429,Vellore,04,Urban,13,Female,1,6,3,Others,Literate,Primary,Not in labour force,Not in labour force,0.0,31838.0,Other Backward Class
TN-SYN-P-000000430,Perambalur,14,Urban,47,Female,2,2,2,Regular wage/salary earning,Literate,Primary,Employed,Employed,0.0,5752.0,Other Backward Class
TN-SYN-P-000000431,Kanniyakumari,28,Urban,53,Male,2,1,5,Self-employed in non-agriculture,Literate,Below Primary,Employed,Employed,5500.0,14395.0,Other Backward Class
TN-SYN-P-000000432,Chennai,02,Urban,38,Female,2,4,5,Self-employed in non-agriculture,Literate,Diploma/Certificate,Employed,Employed,35123.0,40274.0,Other Backward Class
TN-SYN-P-000000433,Tirunelveli,27,Rural,22,Male,1,5,5,Self-employed in non-agriculture,Literate,Middle,Unemployed,Unemployed,0.0,17175.0,Other Backward Class
TN-SYN-P-000000434,Cuddalore,16,Rural,62,Female,2,1,2,Casual labour in agriculture,Illiterate,Not literate,Employed,Employed,0.0,3483.0,Scheduled Caste
TN-SYN-P-000000435,Erode,09,Urban,59,Male,3,8,3,Self-employed in non-agriculture,Literate,Higher Secondary,Employed,Employed,9000.0,12740.0,Other Backward Class
TN-SYN-P-000000436,Pudukkottai,20,Rural,55,Male,2,1,4,Self-employed in non-agriculture,Literate,Higher Secondary,Employed,Employed,0.0,9668.0,Other Backward Class
TN-SYN-P-000000437,Chennai,02,Urban,0,Male,1,5,3,Self-employed in non-agriculture,Illiterate,Not literate,Not in labour force,Not in labour force,0.0,20600.0,Other Backward Class
TN-SYN-P-000000438,Unknown,37,Rural,45,Male,2,1,4,Regular wage/salary earning,Literate,Middle,Employed,Employed,0.0,8077.0,Other Backward Class
TN-SYN-P-000000439,Madurai,22,Urban,60,Female,2,2,2,Self-employed in non-agriculture,Literate,Higher Secondary,Not in labour force,Not in labour force,0.0,10957.0,Other Backward Class
TN-SYN-P-000000440,Tiruchirappalli,13,Urban,48,Male,2,1,6,Self-employed in agriculture,Literate,Secondary,Employed,Employed,0.0,28375.0,Other Backward Class
TN-SYN-P-000000441,Tirupathur,36,Rural,45,Female,3,1,2,Regular wage/salary earning,Illiterate,Not literate,Employed,Employed,8000.0,7478.0,Other Backward Class
TN-SYN-P-000000442,Kallakurichi,34,Rural,11,Female,1,5,4,Casual labour in non-agriculture,Literate,Primary,Not in labour force,Not in labour force,0.0,8903.0,Other Backward Class
TN-SYN-P-000000443,Thiruvallur,01,Rural,21,Male,1,5,3,Regular wage/salary earning,Literate,Diploma/Certificate,Employed,Employed,10000.0,15502.0,Other Backward Class
TN-SYN-P-000000444,Namakkal,08,Rural,8,Female,1,5,4,Regular wage/salary earning,Literate,Below Primary,Not in labour force,Not in labour force,0.0,16558.0,Other Backward Class
TN-SYN-P-000000445,Viluppuram,06,Rural,80,Male,2,1,2,Self-employed in agriculture,Illiterate,Not literate,Not in labour force,Not in labour force,0.0,3050.0,Scheduled Caste
TN-SYN-P-000000446,Thanjavur,19,Rural,45,Female,3,8,4,Self-employed in agriculture,Literate,Secondary,Not in labour force,Not in labour force,0.0,10336.0,Other Backward Class
TN-SYN-P-000000447,Thiruvallur,01,Rural,37,Female,2,2,5,Self-employed in non-agriculture,Illiterate,Not literate,Not in labour force,Not in labour force,0.0,15790.0,Other Backward Class
TN-SYN-P-000000448,Thanjavur,19,Rural,43,Male,2,1,5,Self-employed in agriculture,Literate,Middle,Employed,Employed,0.0,23389.0,Other Backward Class
TN-SYN-P-000000449,Coimbatore,31,Rural,16,Female,1,6,4,Casual labour in agriculture,Literate,Secondary,Not in labour force,Not in labour force,0.0,5792.0,Scheduled Caste
TN-SYN-P-000000450,Kancheepuram,03,Urban,68,Female,3,1,1,Others,Illiterate,Not literate,Not in labour force,Not in labour force,0.0,7747.0,Other Backward Class
TN-SYN-P-000000451,Tiruvannamalai,05,Rural,32,Female,2,8,11,Self-employed in agriculture,Literate,Diploma/Certificate,Not in labour force,Not in labour force,0.0,31142.0,Other Backward Class
TN-SYN-P-000000452,Thiruvarur,18,Urban,37,Female,2,1,5,Others,Literate,Secondary,Not in labour force,Not in labour force,0.0,39653.0,Other Backward Class
TN-SYN-P-000000453,Kallakurichi,34,Rural,21,Female,2,4,4,Casual labour in agriculture,Literate,Middle,Not in labour force,Not in labour force,0.0,6258.0,Scheduled Tribe
TN-SYN-P-000000454,Salem,07,Urban,43,Female,2,2,4,Self-employed in non-agriculture,Literate,Below Primary,Employed,Employed,0.0,11117.0,Other Backward Class
TN-SYN-P-000000455,Coimbatore,31,Urban,26,Male,2,2,3,Self-employed in non-agriculture,Literate,Primary,Employed,Employed,12000.0,11451.0,Other Backward Class
TN-SYN-P-000000456,Virudhunagar,24,Urban,7,Male,1,5,4,Self-employed in non-agriculture,Literate,Below Primary,Not in labour force,Not in labour force,0.0,13285.0,Other Backward Class
TN-SYN-P-000000457,Coimbatore,31,Rural,60,Female,3,1,4,Casual labour in agriculture,Illiterate,Not literate,Not in labour force,Not in labour force,0.0,5792.0,Scheduled Caste
TN-SYN-P-000000458,Thanjavur,19,Urban,22,Female,2,4,8,Self-employed in agriculture,Literate,Diploma/Certificate,Not in labour force,Not in labour force,0.0,43725.0,Other Backward Class
TN-SYN-P-000000459,Thanjavur,19,Urban,40,Female,1,5,3,Self-employed in agriculture,Literate,Middle,Employed,Employed,0.0,20908.0,Scheduled Caste
TN-SYN-P-000000460,Thiruvarur,18,Rural,23,Female,2,2,2,Others,Literate,Diploma/Certificate,Not in labour force,Not in labour force,0.0,9972.0,Other Backward Class
TN-SYN-P-000000461,Krishnagiri,30,Urban,9,Male,1,5,5,Regular wage/salary earning,Literate,Below Primary,Not in labour force,Not in labour force,0.0,10892.0,Other Backward Class
TN-SYN-P-000000462,Tirupathur,36,Urban,38,Male,2,1,4,Self-employed in non-agriculture,Literate,Diploma/Certificate,Employed,Employed,15000.0,14348.0,Other Backward Class
TN-SYN-P-000000463,Kancheepuram,03,Urban,5,Female,1,6,5,Self-employed in non-agriculture,Illiterate,Not literate,Not in labour force,Not in labour force,0.0,40703.0,Scheduled Caste
TN-SYN-P-000000464,Dharmapuri,29,Rural,2,Female,1,6,6,Casual labour in non-agriculture,Illiterate,Not literate,Not in labour force,Not in labour force,0.0,16754.0,Other Backward Class
TN-SYN-P-000000465,Mayiladuthurai,38,Rural,19,Male,1,5,4,Others,Literate,Higher Secondary,Not in labour force,Not in labour force,0.0,21002.0,Other Backward Class
TN-SYN-P-000000466,Vellore,04,Rural,34,Female,2,2,5,Self-employed in non-agriculture,Literate,Secondary,Employed,Employed,9000.0,8093.0,Other Backward Class
TN-SYN-P-000000467,Coimbatore,31,Rural,50,Female,2,2,4,Regular wage/salary earning,Illiterate,Not literate,Employed,Employed,0.0,16212.0,Other Backward Class
TN-SYN-P-000000468,Coimbatore,31,Urban,7,Male,1,5,3,Self-employed in non-agriculture,Literate,Below Primary,Not in labour force,Not in labour force,0.0,15458.0,Other Backward Class
TN-SYN-P-000000469,Ranipet,35,Urban,50,Male,2,1,3,Regular wage/salary earning,Literate,Diploma/Certificate,Employed,Employed,0.0,7348.0,Other Backward Class
TN-SYN-P-000000470,Kanniyakumari,28,Urban,5,Male,1,5,4,Self-employed in non-agriculture,Illiterate,Not literate,Not in labour force,Not in labour force,0.0,14900.0,Other Backward Class
TN-SYN-P-000000471,Namakkal,08,Urban,52,Male,2,1,5,Self-employed in agriculture,Literate,Below Primary,Employed,Employed,0.0,21404.0,Other Backward Class
TN-SYN-P-000000472,Erode,09,Rural,55,Female,3,1,1,Others,Illiterate,Not literate,Not in labour force,Not in labour force,0.0,1403.0,Scheduled Caste
TN-SYN-P-000000473,Ariyalur,15,Rural,70,Female,3,7,5,Self-employed in agriculture,Illiterate,Not literate,Not in labour force,Not in labour force,0.0,15467.0,Other Backward Class
TN-SYN-P-000000474,Thiruvallur,01,Urban,4,Female,1,5,4,Self-employed in agriculture,Illiterate,Not literate,Not in labour force,Not in labour force,0.0,16835.0,Scheduled Caste
TN-SYN-P-000000475,Unknown,37,Rural,17,Male,1,5,4,Regular wage/salary earning,Literate,Higher Secondary,Not in labour force,Not in labour force,0.0,8077.0,Other Backward Class
TN-SYN-P-000000476,Dindigul,11,Urban,4,Female,1,5,4,Self-employed in agriculture,Illiterate,Not literate,Not in labour force,Not in labour force,0.0,19342.0,Other Backward Class
TN-SYN-P-000000477,The Nilgiris,10,Urban,24,Male,2,1,3,Self-employed in non-agriculture,Literate,Middle,Employed,Employed,0.0,6470.0,Other Backward Class
TN-SYN-P-000000478,Thanjavur,19,Rural,14,Male,1,5,5,Self-employed in non-agriculture,Literate,Middle,Not in labour force,Not in labour force,0.0,15034.0,Other Backward Class
TN-SYN-P-000000479,Chennai,02,Urban,25,Male,2,1,2,Self-employed in non-agriculture,Literate,Middle,Employed,Employed,0.0,14678.0,Scheduled Caste
TN-SYN-P-000000480,Tiruchirappalli,13,Rural,37,Female,2,2,4,Regular wage/salary earning,Literate,Diploma/Certificate,Employed,Employed,38500.0,14463.0,Other Backward Class
TN-SYN-P-000000481,Dindigul,11,Rural,4,Male,1,6,6,Regular wage/salary earning,Literate,Below Primary,Not in labour force,Not in labour force,0.0,11609.0,Other Backward Class
TN-SYN-P-000000482,Krishnagiri,30,Urban,49,Male,2,1,4,Self-employed in non-agriculture,Literate,Middle,Employed,Employed,33500.0,13213.0,Scheduled Caste
TN-SYN-P-000000483,Krishnagiri,30,Urban,7,Female,1,5,4,Self-employed in non-agriculture,Literate,Below Primary,Not in labour force,Not in labour force,0.0,12301.0,Other Backward Class
TN-SYN-P-000000484,Chennai,02,Urban,2,Male,1,6,6,Self-employed in agriculture,Illiterate,Not literate,Not in labour force,Not in labour force,0.0,26048.0,Others
TN-SYN-P-000000485,Krishnagiri,30,Urban,33,Male,2,1,5,Regular wage/salary earning,Literate,Below Primary,Employed,Employed,0.0,10892.0,Other Backward Class
TN-SYN-P-000000486,Madurai,22,Rural,45,Male,2,1,5,Self-employed in agriculture,Literate,Diploma/Certificate,Employed,Employed,0.0,19830.0,Other Backward Class
TN-SYN-P-000000487,Kallakurichi,34,Urban,15,Male,1,5,5,Self-employed in non-agriculture,Literate,Secondary,Not in labour force,Not in labour force,0.0,18367.0,Other Backward Class
TN-SYN-P-000000488,Tenkasi,33,Rural,79,Male,2,1,2,Others,Literate,Secondary,Not in labour force,Not in labour force,0.0,25680.0,Other Backward Class
TN-SYN-P-000000489,Tenkasi,33,Urban,44,Male,2,1,4,Self-employed in non-agriculture,Literate,Diploma/Certificate,Employed,Employed,32250.0,22651.0,Other Backward Class
TN-SYN-P-000000490,Coimbatore,31,Urban,34,Female,2,1,4,Self-employed in agriculture,Literate,Middle,Employed,Employed,0.0,11753.0,Other Backward Class
TN-SYN-P-000000491,Thiruvarur,18,Rural,22,Male,1,5,5,Regular wage/salary earning,Literate,Diploma/Certificate,Employed,Employed,13500.0,14575.0,Other Backward Class
TN-SYN-P-000000492,Ramanathapuram,25,Rural,70,Male,4,1,4,Casual labour in agriculture,Illiterate,Not literate,Employed,Employed,0.0,6608.0,Other Backward Class
TN-SYN-P-000000493,Karur,12,Rural,41,Female,2,2,3,Casual labour in agriculture,Literate,Primary,Employed,Employed,0.0,10140.0,Other Backward Class
TN-SYN-P-000000494,Thanjavur,19,Rural,74,Female,3,7,3,Regular wage/salary earning,Illiterate,Not literate,Not in labour force,Not in labour force,0.0,9190.0,Other Backward Class
TN-SYN-P-000000495,Krishnagiri,30,Rural,29,Male,2,3,8,Regular wage/salary earning,Literate,Diploma/Certificate,Employed,Employed,18700.0,17230.0,Other Backward Class
TN-SYN-P-000000496,Cuddalore,16,Urban,12,Male,1,5,3,Self-employed in agriculture,Literate,Primary,Not in labour force,Not in labour force,0.0,11617.0,Other Backward Class
TN-SYN-P-000000497,Ranipet,35,Urban,1,Female,1,6,4,Others,Illiterate,Not literate,Not in labour force,Not in labour force,0.0,11348.0,Other Backward Class
TN-SYN-P-000000498,Mayiladuthurai,38,Rural,56,Female,2,2,3,Others,Illiterate,Not literate,Not in labour force,Not in labour force,0.0,11426.0,Other Backward Class
TN-SYN-P-000000499,Thanjavur,19,Urban,61,Male,2,1,5,Self-employed in non-agriculture,Literate,Diploma/Certificate,Not in labour force,Not in labour force,0.0,20725.0,Other Backward Class
TN-SYN-P-000000500,Sivaganga,21,Rural,7,Female,1,5,7,Casual labour in non-agriculture,Literate,Below Primary,Not in labour force,Not in labour force,0.0,10013.0,Other Backward Class
TN-SYN-P-000000501,Coimbatore,31,Rural,58,Male,2,1,3,Casual labour in non-agriculture,Illiterate,Not literate,Employed,Employed,0.0,8278.0,Scheduled Caste
TN-SYN-P-000000502,Nagapattinam,17,Urban,59,Female,3,1,1,Others,Literate,Primary,Not in labour force,Not in labour force,0.0,6941.0,Other Backward Class
TN-SYN-P-000000503,Thanjavur,19,Rural,25,Male,1,5,3,Casual labour in agriculture,Literate,Middle,Employed,Employed,0.0,21992.0,Scheduled Caste
TN-SYN-P-000000504,Tenkasi,33,Rural,12,Male,1,5,4,Regular wage/salary earning,Literate,Primary,Not in labour force,Not in labour force,0.0,22075.0,Other Backward Class
TN-SYN-P-000000505,Salem,07,Urban,58,Female,2,2,2,Regular wage/salary earning,Illiterate,Not literate,Employed,Employed,0.0,6667.0,Other Backward Class
TN-SYN-P-000000506,Tiruvannamalai,05,Urban,58,Female,2,2,2,Others,Literate,Primary,Not in labour force,Not in labour force,0.0,6655.0,Other Backward Class
TN-SYN-P-000000507,Tiruchirappalli,13,Rural,6,Male,1,5,4,Regular wage/salary earning,Literate,Below Primary,Not in labour force,Not in labour force,0.0,9488.0,Other Backward Class
TN-SYN-P-000000508,Cuddalore,16,Urban,42,Male,2,1,4,Self-employed in agriculture,Literate,Middle,Employed,Employed,0.0,11683.0,Other Backward Class
TN-SYN-P-000000509,Kanniyakumari,28,Urban,13,Male,1,5,4,Regular wage/salary earning,Literate,Middle,Not in labour force,Not in labour force,0.0,13413.0,Other Backward Class
TN-SYN-P-000000510,The Nilgiris,10,Rural,34,Male,2,3,5,Casual labour in agriculture,Literate,Primary,Employed,Employed,0.0,16267.0,Other Backward Class
TN-SYN-P-000000511,Dharmapuri,29,Urban,42,Male,2,1,3,Self-employed in non-agriculture,Literate,Diploma/Certificate,Employed,Employed,28400.0,13431.0,Other Backward Class
TN-SYN-P-000000512,Tiruchirappalli,13,Rural,29,Female,2,2,3,Regular wage/salary earning,Literate,Middle,Not in labour force,Not in labour force,0.0,8753.0,Scheduled Caste
TN-SYN-P-000000513,Tiruchirappalli,13,Rural,32,Male,2,1,3,Regular wage/salary earning,Literate,Diploma/Certificate,Employed,Employed,15000.0,10300.0,Other Backward Class
TN-SYN-P-000000514,Kancheepuram,03,Urban,28,Male,1,1,2,Self-employed in non-agriculture,Literate,Diploma/Certificate,Employed,Employed,18000.0,16963.0,Other Backward Class
TN-SYN-P-000000515,Sivaganga,21,Rural,18,Female,1,5,4,Self-employed in agriculture,Literate,Higher Secondary,Not in labour force,Not in labour force,0.0,16782.0,Other Backward Class
TN-SYN-P-000000516,Tiruppur,32,Urban,55,Female,2,2,2,Regular wage/salary earning,Literate,Middle,Not in labour force,Not in labour force,0.0,9487.0,Other Backward Class
TN-SYN-P-000000517,Salem,07,Urban,7,Female,1,5,4,Self-employed in non-agriculture,Illiterate,Not literate,Not in labour force,Not in labour force,0.0,17200.0,Other Backward Class
TN-SYN-P-000000518,Salem,07,Rural,20,Male,1,5,3,Others,Literate,Higher Secondary,Not in labour force,Not in labour force,0.0,16500.0,Other Backward Class
TN-SYN-P-000000519,Madurai,22,Urban,1,Male,1,6,9,Self-employed in non-agriculture,Illiterate,Not literate,Not in labour force,Not in labour force,0.0,38360.0,Other Backward Class
TN-SYN-P-000000520,Dharmapuri,29,Urban,28,Female,1,5,4,Self-employed in non-agriculture,Literate,Diploma/Certificate,Employed,Employed,25600.0,16653.0,Other Backward Class
TN-SYN-P-000000521,Tenkasi,33,Urban,41,Female,2,2,4,Self-employed in non-agriculture,Literate,Diploma/Certificate,Not in labour force,Not in labour force,0.0,26090.0,Other Backward Class
TN-SYN-P-000000522,Pudukkottai,20,Rural,33,Male,2,3,5,Regular wage/salary earning,Literate,Diploma/Certificate,Employed,Employed,15000.0,12247.0,Scheduled Caste
TN-SYN-P-000000523,Kanniyakumari,28,Urban,9,Male,1,5,4,Self-employed in agriculture,Literate,Below Primary,Not in labour force,Not in labour force,0.0,11564.0,Other Backward Class
TN-SYN-P-000000524,Pudukkottai,20,Rural,40,Male,2,1,6,Self-employed in agriculture,Literate,Middle,Employed,Employed,0.0,9368.0,Other Backward Class
TN-SYN-P-000000525,Kancheepuram,03,Rural,13,Female,1,5,3,Regular wage/salary earning,Literate,Primary,Not in labour force,Not in labour force,0.0,7487.0,Other Backward Class
TN-SYN-P-000000526,Thiruvallur,01,Urban,46,Female,2,2,4,Self-employed in non-agriculture,Literate,Higher Secondary,Not in labour force,Not in labour force,0.0,14495.0,Other Backward Class
TN-SYN-P-000000527,Salem,07,Urban,33,Female,2,2,4,Self-employed in non-agriculture,Literate,Diploma/Certificate,Not in labour force,Not in labour force,0.0,17200.0,Other Backward Class
TN-SYN-P-000000528,Thoothukudi,26,Rural,14,Male,1,6,7,Casual labour in non-agriculture,Literate,Middle,Not in labour force,Not in labour force,0.0,9945.0,Other Backward Class
TN-SYN-P-000000529,Tiruvannamalai,05,Urban,46,Female,2,2,3,Self-employed in non-agriculture,Literate,Middle,Not in labour force,Not in labour force,0.0,18090.0,Other Backward Class
TN-SYN-P-000000530,Salem,07,Urban,66,Female,3,7,5,Self-employed in agriculture,Illiterate,Not literate,Not in labour force,Not in labour force,0.0,20204.0,Other Backward Class
TN-SYN-P-000000531,Tenkasi,33,Rural,16,Male,1,5,4,Self-employed in agriculture,Literate,Secondary,Not in labour force,Not in labour force,0.0,7620.0,Scheduled Caste
TN-SYN-P-000000532,Virudhunagar,24,Rural,59,Male,2,7,6,Casual labour in non-agriculture,Literate,Middle,Employed,Employed,0.0,16428.0,Other Backward Class
TN-SYN-P-000000533,Thanjavur,19,Urban,60,Female,3,1,2,Self-employed in non-agriculture,Illiterate,Not literate,Employed,Employed,9500.0,17133.0,Other Backward Class
TN-SYN-P-000000534,Ramanathapuram,25,Urban,30,Female,2,2,4,Self-employed in non-agriculture,Literate,Diploma/Certificate,Not in labour force,Not in labour force,0.0,13493.0,Other Backward Class
TN-SYN-P-000000535,Karur,12,Urban,35,Female,2,3,3,Self-employed in agriculture,Literate,Higher Secondary,Not in labour force,Not in labour force,0.0,10707.0,Other Backward Class
TN-SYN-P-000000536,Tiruppur,32,Urban,23,Male,1,5,4,Regular wage/salary earning,Literate,Diploma/Certificate,Unemployed,Unemployed,0.0,16692.0,Other Backward Class
TN-SYN-P-000000537,Thanjavur,19,Rural,37,Female,2,4,4,Self-employed in non-agriculture,Illiterate,Not literate,Employed,Employed,0.0,17242.0,Other Backward Class
TN-SYN-P-000000538,Nagapattinam,17,Urban,32,Male,2,3,5,Self-employed in agriculture,Literate,Middle,Employed,Employed,0.0,16639.0,Other Backward Class
TN-SYN-P-000000539,Virudhunagar,24,Urban,68,Male,2,1,9,Self-employed in non-agriculture,Literate,Primary,Not in labour force,Not in labour force,0.0,17400.0,Other Backward Class
TN-SYN-P-000000540,Thiruvarur,18,Rural,2,Female,1,5,5,Others,Illiterate,Not literate,Not in labour force,Not in labour force,0.0,27190.0,Scheduled Caste
TN-SYN-P-000000541,Kanniyakumari,28,Urban,23,Female,1,5,4,Regular wage/salary earning,Literate,Diploma/Certificate,Not in labour force,Not in labour force,0.0,17100.0,Others
TN-SYN-P-000000542,Kanniyakumari,28,Urban,3,Female,1,6,6,Self-employed in non-agriculture,Illiterate,Not literate,Not in labour force,Not in labour force,0.0,25850.0,Other Backward Class
TN-SYN-P-000000543,Unknown,37,Rural,50,Female,2,2,3,Self-employed in agriculture,Literate,Primary,Employed,Employed,0.0,10855.0,Other Backward Class
TN-SYN-P-000000544,Tiruvannamalai,05,Rural,75,Male,2,1,3,Self-employed in non-agriculture,Illiterate,Not literate,Not in labour force,Not in labour force,0.0,3475.0,Other Backward Class
TN-SYN-P-000000545,Chennai,02,Urban,22,Male,1,5,4,Self-employed in agriculture,Literate,Diploma/Certificate,Unemployed,Unemployed,0.0,23137.0,Other Backward Class
TN-SYN-P-000000546,Thiruvallur,01,Urban,64,Male,2,1,3,Regular wage/salary earning,Literate,Middle,Employed,Employed,0.0,8867.0,Other Backward Class
TN-SYN-P-000000547,Dindigul,11,Urban,18,Female,1,5,5,Regular wage/salary earning,Literate,Higher Secondary,Not in labour force,Not in labour force,0.0,13036.0,Other Backward Class
TN-SYN-P-000000548,Madurai,22,Urban,4,Female,1,5,4,Regular wage/salary earning,Literate,Below Primary,Not in labour force,Not in labour force,0.0,11013.0,Other Backward Class
TN-SYN-P-000000549,Tirunelveli,27,Urban,0,Female,1,6,5,Self-employed in agriculture,Illiterate,Not literate,Not in labour force,Not in labour force,0.0,15450.0,Other Backward Class
TN-SYN-P-000000550,Vellore,04,Rural,31,Male,1,5,5,Regular wage/salary earning,Literate,Primary,Employed,Employed,12000.0,10405.0,Scheduled Caste
TN-SYN-P-000000551,Tiruppur,32,Urban,19,Male,1,5,5,Regular wage/salary earning,Literate,Higher Secondary,Not in labour force,Not in labour force,0.0,15700.0,Other Backward Class
TN-SYN-P-000000552,Virudhunagar,24,Urban,50,Male,2,1,3,Self-employed in non-agriculture,Literate,Higher Secondary,Employed,Employed,45000.0,17117.0,Other Backward Class
TN-SYN-P-000000553,Cuddalore,16,Urban,46,Male,2,1,4,Regular wage/salary earning,Literate,Middle,Employed,Employed,0.0,11150.0,Other Backward Class
TN-SYN-P-000000554,Ranipet,35,Urban,8,Male,1,5,4,Self-employed in non-agriculture,Literate,Below Primary,Not in labour force,Not in labour force,0.0,8280.0,Other Backward Class
TN-SYN-P-000000555,Chennai,02,Urban,6,Female,1,6,5,Self-employed in non-agriculture,Illiterate,Not literate,Not in labour force,Not in labour force,0.0,23054.0,Scheduled Caste
TN-SYN-P-000000556,Krishnagiri,30,Rural,54,Male,2,1,4,Regular wage/salary earning,Illiterate,Not literate,Employed,Employed,0.0,11784.0,Scheduled Caste
TN-SYN-P-000000557,Coimbatore,31,Urban,21,Male,1,1,1,Regular wage/salary earning,Literate,Higher Secondary,Not in labour force,Not in labour force,0.0,3553.0,Other Backward Class
TN-SYN-P-000000558,Thoothukudi,26,Urban,61,Female,2,2,2,Others,Illiterate,Not literate,Not in labour force,Not in labour force,0.0,8025.0,Other Backward Class
TN-SYN-P-000000559,Kancheepuram,03,Rural,40,Male,2,2,3,Regular wage/salary earning,Literate,Secondary,Employed,Employed,25000.0,7487.0,Other Backward Class
TN-SYN-P-000000560,Tiruchirappalli,13,Urban,43,Male,2,1,4,Self-employed in non-agriculture,Literate,Primary,Employed,Employed,14000.0,12578.0,Other Backward Class
TN-SYN-P-000000561,Chennai,02,Urban,26,Male,1,5,2,Self-employed in non-agriculture,Literate,Diploma/Certificate,Employed,Employed,16000.0,20800.0,Other Backward Class
TN-SYN-P-000000562,Kancheepuram,03,Rural,4,Female,1,5,6,Regular wage/salary earning,Illiterate,Not literate,Not in labour force,Not in labour force,0.0,23318.0,Scheduled Caste
TN-SYN-P-000000563,Ariyalur,15,Rural,24,Male,1,5,4,Self-employed in agriculture,Literate,Diploma/Certificate,Employed,Employed,0.0,18706.0,Other Backward Class
TN-SYN-P-000000564,Thanjavur,19,Urban,52,Female,2,2,3,Self-employed in agriculture,Literate,Secondary,Not in labour force,Not in labour force,0.0,18349.0,Scheduled Caste
TN-SYN-P-000000565,Salem,07,Rural,39,Female,2,2,3,Regular wage/salary earning,Literate,Primary,Employed,Employed,8000.0,8758.0,Other Backward Class
TN-SYN-P-000000566,Tenkasi,33,Rural,0,Male,1,8,4,Regular wage/salary earning,Illiterate,Not literate,Not in labour force,Not in labour force,0.0,12262.0,Other Backward Class
TN-SYN-P-000000567,Madurai,22,Urban,8,Male,1,5,5,Self-employed in non-agriculture,Literate,Below Primary,Not in labour force,Not in labour force,0.0,17183.0,Other Backward Class
TN-SYN-P-000000568,Coimbatore,31,Urban,23,Male,1,5,3,Self-employed in non-agriculture,Literate,Middle,Employed,Employed,17330.0,11224.0,Scheduled Caste
TN-SYN-P-000000569,Thoothukudi,26,Rural,42,Male,2,1,5,Casual labour in non-agriculture,Literate,Middle,Employed,Employed,0.0,10473.0,Scheduled Caste
TN-SYN-P-000000570,Tiruchirappalli,13,Urban,49,Female,3,1,1,Self-employed in non-agriculture,Literate,Below Primary,Employed,Employed,6500.0,5232.0,Scheduled Caste
TN-SYN-P-000000571,Thoothukudi,26,Rural,16,Male,1,5,5,Self-employed in agriculture,Literate,Secondary,Not in labour force,Not in labour force,0.0,10143.0,Scheduled Caste
TN-SYN-P-000000572,Krishnagiri,30,Rural,69,Female,3,7,5,Casual labour in non-agriculture,Illiterate,Not literate,Not in labour force,Not in labour force,0.0,7093.0,Other Backward Class
TN-SYN-P-000000573,Krishnagiri,30,Rural,29,Male,1,5,2,Self-employed in agriculture,Literate,Higher Secondary,Employed,Employed,0.0,7667.0,Other Backward Class
TN-SYN-P-000000574,Sivaganga,21,Rural,40,Male,2,1,7,Casual labour in non-agriculture,Literate,Middle,Employed,Employed,0.0,10013.0,Other Backward Class
TN-SYN-P-000000575,Madurai,22,Urban,73,Female,3,1,5,Self-employed in non-agriculture,Literate,Middle,Not in labour force,Not in labour force,0.0,19665.0,Other Backward Class
TN-SYN-P-000000576,Salem,07,Rural,19,Male,1,5,6,Regular wage/salary earning,Literate,Secondary,Employed,Employed,15000.0,17333.0,Other Backward Class
TN-SYN-P-000000577,Tirupathur,36,Rural,38,Female,2,2,4,Self-employed in non-agriculture,Literate,Diploma/Certificate,Employed,Employed,15000.0,7578.0,Scheduled Caste
TN-SYN-P-000000578,Thiruvallur,01,Urban,18,Male,1,5,2,Self-employed in non-agriculture,Literate,Secondary,Not in labour force,Not in labour force,0.0,47287.0,Other Backward Class
TN-SYN-P-000000579,Chennai,02,Urban,50,Male,2,1,4,Self-employed in non-agriculture,Literate,Middle,Employed,Employed,31000.0,21287.0,Scheduled Caste
TN-SYN-P-000000580,Dharmapuri,29,Rural,52,Male,2,2,4,Regular wage/salary earning,Literate,Primary,Employed,Employed,0.0,9660.0,Other Backward Class
TN-SYN-P-000000581,Dharmapuri,29,Rural,18,Male,1,5,3,Casual labour in non-agriculture,Literate,Higher Secondary,Not in labour force,Not in labour force,0.0,6809.0,Other Backward Class
TN-SYN-P-000000582,Karur,12,Rural,13,Male,1,5,4,Self-employed in non-agriculture,Literate,Primary,Not in labour force,Not in labour force,0.0,13425.0,Other Backward Class
TN-SYN-P-000000583,Viluppuram,06,Rural,56,Male,2,1,5,Regular wage/salary earning,Illiterate,Not literate,Employed,Employed,0.0,12467.0,Scheduled Caste
TN-SYN-P-000000584,Pudukkottai,20,Rural,44,Male,2,1,3,Self-employed in non-agriculture,Literate,Middle,Employed,Employed,0.0,10167.0,Other Backward Class
TN-SYN-P-000000585,Tiruppur,32,Rural,58,Female,2,7,6,Casual labour in agriculture,Illiterate,Not literate,Not in labour force,Not in labour force,0.0,9727.0,Scheduled Caste
TN-SYN-P-000000586,Tiruchirappalli,13,Urban,48,Female,2,2,3,Self-employed in non-agriculture,Literate,Diploma/Certificate,Not in labour force,Not in labour force,0.0,21108.0,Other Backward Class
TN-SYN-P-000000587,Thoothukudi,26,Rural,46,Female,2,2,3,Casual labour in agriculture,Literate,Secondary,Employed,Employed,0.0,12480.0,Scheduled Caste
TN-SYN-P-000000588,Vellore,04,Urban,21,Male,1,1,1,Others,Literate,Diploma/Certificate,Not in labour force,Not in labour force,0.0,5373.0,Other Backward Class
TN-SYN-P-000000589,Dharmapuri,29,Rural,10,Female,1,5,6,Self-employed in non-agriculture,Literate,Primary,Not in labour force,Not in labour force,0.0,14019.0,Other Backward Class
TN-SYN-P-000000590,Cuddalore,16,Rural,48,Male,2,1,2,Casual labour in non-agriculture,Literate,Middle,Employed,Employed,0.0,6167.0,Scheduled Caste
TN-SYN-P-000000591,Kanniyakumari,28,Urban,54,Female,2,2,2,Self-employed in non-agriculture,Literate,Diploma/Certificate,Employed,Employed,48000.0,19217.0,Other Backward Class
TN-SYN-P-000000592,Tiruppur,32,Rural,56,Female,2,2,3,Regular wage/salary earning,Illiterate,Not literate,Not in labour force,Not in labour force,0.0,7693.0,Scheduled Caste
TN-SYN-P-000000593,Salem,07,Urban,9,Male,1,5,4,Self-employed in agriculture,Literate,Below Primary,Not in labour force,Not in labour force,0.0,24408.0,Other Backward Class
TN-SYN-P-000000594,Dharmapuri,29,Urban,45,Male,2,1,6,Self-employed in agriculture,Literate,Secondary,Employed,Employed,0.0,12596.0,Other Backward Class
TN-SYN-P-000000595,Thanjavur,19,Rural,36,Male,2,1,4,Regular wage/salary earning,Literate,Diploma/Certificate,Employed,Employed,23100.0,12220.0,Scheduled Caste
TN-SYN-P-000000596,Tenkasi,33,Urban,26,Female,2,4,3,Self-employed in non-agriculture,Literate,Diploma/Certificate,Employed,Employed,21800.0,18803.0,Other Backward Class
TN-SYN-P-000000597,Dharmapuri,29,Rural,28,Female,2,2,4,Regular wage/salary earning,Literate,Diploma/Certificate,Not in labour force,Not in labour force,0.0,11155.0,Other Backward Class
TN-SYN-P-000000598,Viluppuram,06,Rural,40,Male,2,1,3,Regular wage/salary earning,Literate,Below Primary,Employed,Employed,17500.0,8500.0,Scheduled Caste
TN-SYN-P-000000599,Thiruvarur,18,Urban,49,Male,2,1,3,Self-employed in agriculture,Literate,Higher Secondary,Employed,Employed,0.0,24958.0,Other Backward Class
TN-SYN-P-000000600,Ranipet,35,Urban,36,Male,2,3,14,Self-employed in non-agriculture,Literate,Diploma/Certificate,Employed,Employed,19500.0,50046.0,Other Backward Class
TN-SYN-P-000000601,Namakkal,08,Rural,55,Male,2,1,2,Regular wage/salary earning,Illiterate,Not literate,Employed,Employed,7450.0,4583.0,Other Backward Class
TN-SYN-P-000000602,Salem,07,Rural,66,Female,3,7,3,Regular wage/salary earning,Illiterate,Not literate,Not in labour force,Not in labour force,0.0,8717.0,Other Backward Class
TN-SYN-P-000000603,Thanjavur,19,Urban,49,Male,2,1,2,Self-employed in agriculture,Literate,Primary,Employed,Employed,0.0,12377.0,Other Backward Class
TN-SYN-P-000000604,Ranipet,35,Rural,24,Female,2,4,5,Casual labour in non-agriculture,Literate,Higher Secondary,Not in labour force,Not in labour force,0.0,8147.0,Scheduled Caste
TN-SYN-P-000000605,Chennai,02,Urban,56,Male,2,1,5,Self-employed in non-agriculture,Literate,Higher Secondary,Employed,Employed,84700.0,33700.0,Scheduled Caste
TN-SYN-P-000000606,Sivaganga,21,Rural,39,Female,2,2,4,Self-employed in agriculture,Literate,Below Primary,Employed,Employed,0.0,16782.0,Other Backward Class
TN-SYN-P-000000607,Salem,07,Rural,25,Male,1,5,3,Others,Literate,Diploma/Certificate,Unemployed,Unemployed,0.0,10883.0,Scheduled Caste
TN-SYN-P-000000608,Cuddalore,16,Rural,42,Male,2,1,4,Self-employed in agriculture,Literate,Diploma/Certificate,Employed,Employed,0.0,15142.0,Other Backward Class
TN-SYN-P-000000609,Viluppuram,06,Rural,45,Male,2,1,4,Self-employed in agriculture,Illiterate,Not literate,Employed,Employed,0.0,9750.0,Scheduled Caste
TN-SYN-P-000000610,Theni,23,Urban,42,Female,3,1,2,Regular wage/salary earning,Illiterate,Not literate,Employed,Employed,0.0,10617.0,Other Backward Class
TN-SYN-P-000000611,Namakkal,08,Rural,16,Male,1,5,3,Casual labour in agriculture,Literate,Higher Secondary,Not in labour force,Not in labour force,0.0,11142.0,Other Backward Class
TN-SYN-P-000000612,Chennai,02,Urban,49,Male,2,1,4,Self-employed in agriculture,Literate,Primary,Employed,Employed,0.0,23137.0,Other Backward Class
TN-SYN-P-000000613,Coimbatore,31,Urban,8,Female,1,5,4,Self-employed in agriculture,Literate,Below Primary,Not in labour force,Not in labour force,0.0,21043.0,Other Backward Class
TN-SYN-P-000000614,Ramanathapuram,25,Urban,21,Female,2,3,3,Self-employed in non-agriculture,Literate,Middle,Not in labour force,Not in labour force,0.0,9317.0,Other Backward Class
TN-SYN-P-000000615,Dindigul,11,Urban,18,Male,1,5,5,Self-employed in non-agriculture,Literate,Higher Secondary,Not in labour force,Not in labour force,0.0,17210.0,Other Backward Class
TN-SYN-P-000000616,Cuddalore,16,Rural,54,Male,2,1,4,Self-employed in non-agriculture,Literate,Middle,Employed,Employed,0.0,12925.0,Other Backward Class
TN-SYN-P-000000617,Tiruvannamalai,05,Urban,5,Male,1,5,6,Self-employed in non-agriculture,Literate,Below Primary,Not in labour force,Not in labour force,0.0,10528.0,Scheduled Caste
TN-SYN-P-000000618,Coimbatore,31,Urban,47,Male,1,5,3,Self-employed in non-agriculture,Literate,Secondary,Employed,Employed,0.0,19700.0,Other Backward Class
TN-SYN-P-000000619,Madurai,22,Rural,54,Male,2,1,3,Casual labour in agriculture,Literate,Primary,Employed,Employed,3000.0,8001.0,Other Backward Class
TN-SYN-P-000000620,Mayiladuthurai,38,Urban,11,Male,1,5,6,Self-employed in non-agriculture,Literate,Primary,Not in labour force,Not in labour force,0.0,18538.0,Other Backward Class
TN-SYN-P-000000621,Namakkal,08,Rural,56,Female,2,2,5,Self-employed in non-agriculture,Literate,Middle,Not in labour force,Not in labour force,0.0,15154.0,Other Backward Class
TN-SYN-P-000000622,Cuddalore,16,Rural,29,Female,2,4,5,Casual labour in non-agriculture,Literate,Secondary,Not in labour force,Not in labour force,0.0,8992.0,Scheduled Caste
TN-SYN-P-000000623,Dharmapuri,29,Rural,22,Male,1,5,4,Regular wage/salary earning,Literate,Diploma/Certificate,Employed,Employed,16400.0,14797.0,Other Backward Class
TN-SYN-P-000000624,Kancheepuram,03,Rural,70,Female,2,2,2,Others,Illiterate,Not literate,Not in labour force,Not in labour force,0.0,6295.0,Scheduled Caste
TN-SYN-P-000000625,Dindigul,11,Rural,3,Male,1,5,6,Casual labour in non-agriculture,Illiterate,Not literate,Not in labour force,Not in labour force,0.0,13358.0,Scheduled Caste
TN-SYN-P-000000626,Dindigul,11,Rural,4,Male,1,6,6,Regular wage/salary earning,Literate,Below Primary,Not in labour force,Not in labour force,0.0,11609.0,Other Backward Class
TN-SYN-P-000000627,Krishnagiri,30,Urban,20,Male,1,5,4,Self-employed in non-agriculture,Literate,Middle,Employed,Employed,9500.0,12430.0,Other Backward Class
TN-SYN-P-000000628,Salem,07,Urban,55,Male,2,1,6,Self-employed in agriculture,Illiterate,Not literate,Employed,Employed,0.0,20267.0,Other Backward Class
TN-SYN-P-000000629,Ranipet,35,Urban,8,Male,1,5,6,Self-employed in non-agriculture,Literate,Below Primary,Not in labour force,Not in labour force,0.0,7600.0,Scheduled Caste
TN-SYN-P-000000630,Tenkasi,33,Urban,33,Male,2,1,4,Self-employed in non-agriculture,Literate,Diploma/Certificate,Employed,Employed,70000.0,33187.0,Other Backward Class
TN-SYN-P-000000631,Namakkal,08,Rural,7,Female,1,5,5,Regular wage/salary earning,Literate,Below Primary,Not in labour force,Not in labour force,0.0,12417.0,Other Backward Class
TN-SYN-P-000000632,Tirunelveli,27,Rural,9,Female,1,6,5,Casual labour in non-agriculture,Literate,Below Primary,Not in labour force,Not in labour force,0.0,15397.0,Other Backward Class
TN-SYN-P-000000633,Pudukkottai,20,Rural,35,Female,2,2,3,Regular wage/salary earning,Literate,Secondary,Not in labour force,Not in labour force,0.0,7389.0,Scheduled Caste
TN-SYN-P-000000634,Cuddalore,16,Rural,26,Female,2,2,4,Self-employed in non-agriculture,Literate,Higher Secondary,Not in labour force,Not in labour force,0.0,10808.0,Scheduled Caste
TN-SYN-P-000000635,Sivaganga,21,Urban,0,Male,1,5,6,Self-employed in agriculture,Illiterate,Not literate,Not in labour force,Not in labour force,0.0,13500.0,Other Backward Class
TN-SYN-P-000000636,Tirupathur,36,Urban,2,Female,1,5,4,Self-employed in non-agriculture,Illiterate,Not literate,Not in labour force,Not in labour force,0.0,16442.0,Other Backward Class
TN-SYN-P-000000637,Pudukkottai,20,Rural,52,Female,2,2,2,Self-employed in non-agriculture,Literate,Below Primary,Not in labour force,Not in labour force,0.0,5158.0,Other Backward Class
TN-SYN-P-000000638,Perambalur,14,Rural,27,Male,2,3,8,Self-employed in non-agriculture,Literate,Diploma/Certificate,Employed,Employed,0.0,16833.0,Other Backward Class
TN-SYN-P-000000639,Ariyalur,15,Rural,38,Male,2,3,10,Self-employed in non-agriculture,Literate,Secondary,Employed,Employed,0.0,13658.0,Scheduled Caste
TN-SYN-P-000000640,Kancheepuram,03,Rural,29,Male,2,3,5,Self-employed in non-agriculture,Literate,Diploma/Certificate,Employed,Employed,0.0,39367.0,Scheduled Caste
TN-SYN-P-000000641,Tenkasi,33,Rural,45,Female,3,1,3,Regular wage/salary earning,Literate,Below Primary,Employed,Employed,0.0,11053.0,Scheduled Caste
TN-SYN-P-000000642,Tiruchirappalli,13,Rural,26,Male,1,5,2,Regular wage/salary earning,Literate,Diploma/Certificate,Employed,Employed,15000.0,9722.0,Other Backward Class
TN-SYN-P-000000643,Coimbatore,31,Urban,67,Male,3,1,2,Others,Literate,Diploma/Certificate,Not in labour force,Not in labour force,0.0,7883.0,Other Backward Class
TN-SYN-P-000000644,Kanniyakumari,28,Urban,60,Male,3,1,2,Regular wage/salary earning,Literate,Primary,Not in labour force,Not in labour force,0.0,9718.0,Other Backward Class
TN-SYN-P-000000645,Theni,23,Rural,29,Male,2,3,6,Regular wage/salary earning,Literate,Diploma/Certificate,Employed,Employed,17000.0,15369.0,Scheduled Caste
TN-SYN-P-000000646,Thanjavur,19,Rural,65,Female,2,1,4,Self-employed in non-agriculture,Illiterate,Not literate,Not in labour force,Not in labour force,0.0,17242.0,Other Backward Class
TN-SYN-P-000000647,Chennai,02,Urban,49,Male,1,5,2,Self-employed in non-agriculture,Literate,Primary,Employed,Employed,15000.0,7497.0,Other Backward Class
TN-SYN-P-000000648,Salem,07,Urban,36,Male,2,1,4,Self-employed in non-agriculture,Literate,Diploma/Certificate,Employed,Employed,25000.0,19471.0,Other Backward Class
TN-SYN-P-000000649,Pudukkottai,20,Urban,42,Female,1,5,5,Self-employed in non-agriculture,Literate,Primary,Not in labour force,Not in labour force,0.0,13674.0,Other Backward Class
TN-SYN-P-000000650,Madurai,22,Urban,21,Female,1,5,3,Self-employed in non-agriculture,Literate,Diploma/Certificate,Employed,Employed,12000.0,13548.0,Other Backward Class
TN-SYN-P-000000651,Thiruvallur,01,Urban,45,Male,1,5,3,Self-employed in non-agriculture,Literate,Diploma/Certificate,Employed,Employed,45000.0,31350.0,Other Backward Class
TN-SYN-P-000000652,Cuddalore,16,Rural,30,Female,2,2,4,Regular wage/salary earning,Literate,Diploma/Certificate,Employed,Employed,18000.0,15517.0,Scheduled Caste
TN-SYN-P-000000653,Pudukkottai,20,Rural,58,Male,2,1,2,Casual labour in agriculture,Literate,Middle,Employed,Employed,0.0,4997.0,Other Backward Class
TN-SYN-P-000000654,Krishnagiri,30,Urban,40,Female,2,2,4,Self-employed in non-agriculture,Literate,Middle,Employed,Employed,12800.0,12430.0,Other Backward Class
TN-SYN-P-000000655,Dharmapuri,29,Urban,0,Female,1,5,3,Regular wage/salary earning,Illiterate,Not literate,Not in labour force,Not in labour force,0.0,6255.0,Other Backward Class
TN-SYN-P-000000656,Kanniyakumari,28,Urban,3,Female,1,6,6,Self-employed in non-agriculture,Illiterate,Not literate,Not in labour force,Not in labour force,0.0,25850.0,Other Backward Class
TN-SYN-P-000000657,Madurai,22,Rural,22,Female,2,4,4,Regular wage/salary earning,Literate,Diploma/Certificate,Employed,Employed,8000.0,8349.0,Other Backward Class
TN-SYN-P-000000658,Krishnagiri,30,Rural,59,Male,2,2,2,Casual labour in agriculture,Illiterate,Not literate,Employed,Employed,0.0,4053.0,Other Backward Class
TN-SYN-P-000000659,Cuddalore,16,Rural,75,Female,3,1,5,Self-employed in agriculture,Literate,Primary,Not in labour force,Not in labour force,0.0,12083.0,Other Backward Class
TN-SYN-P-000000660,Thiruvallur,01,Urban,39,Female,2,2,3,Self-employed in non-agriculture,Literate,Diploma/Certificate,Not in labour force,Not in labour force,0.0,13887.0,Other Backward Class
TN-SYN-P-000000661,Kanniyakumari,28,Urban,17,Male,1,5,3,Self-employed in agriculture,Literate,Secondary,Not in labour force,Not in labour force,0.0,27308.0,Other Backward Class
TN-SYN-P-000000662,Tiruvannamalai,05,Urban,64,Male,2,1,4,Self-employed in non-agriculture,Literate,Secondary,Employed,Employed,0.0,13580.0,Other Backward Class
TN-SYN-P-000000663,Madurai,22,Urban,33,Male,2,3,9,Self-employed in non-agriculture,Literate,Diploma/Certificate,Employed,Employed,20000.0,38360.0,Other Backward Class
TN-SYN-P-000000664,Krishnagiri,30,Urban,64,Female,2,7,5,Regular wage/salary earning,Literate,Below Primary,Employed,Employed,0.0,11940.0,Other Backward Class
TN-SYN-P-000000665,Tenkasi,33,Rural,12,Female,1,5,4,Self-employed in non-agriculture,Literate,Primary,Not in labour force,Not in labour force,0.0,18762.0,Scheduled Caste
TN-SYN-P-000000666,Dharmapuri,29,Rural,59,Male,2,1,2,Self-employed in agriculture,Illiterate,Not literate,Employed,Employed,0.0,6095.0,Other Backward Class
TN-SYN-P-000000667,Ranipet,35,Rural,25,Female,1,5,5,Regular wage/salary earning,Literate,Diploma/Certificate,Not in labour force,Not in labour force,0.0,10610.0,Scheduled Caste
TN-SYN-P-000000668,Salem,07,Urban,2,Male,1,5,3,Regular wage/salary earning,Illiterate,Not literate,Not in labour force,Not in labour force,0.0,12850.0,Other Backward Class
TN-SYN-P-000000669,Namakkal,08,Rural,41,Male,2,1,3,Casual labour in agriculture,Literate,Higher Secondary,Employed,Employed,0.0,11142.0,Other Backward Class
TN-SYN-P-000000670,Tiruchirappalli,13,Urban,43,Male,2,1,4,Self-employed in non-agriculture,Literate,Primary,Employed,Employed,14000.0,12578.0,Other Backward Class
TN-SYN-P-000000671,Pudukkottai,20,Rural,35,Male,2,1,3,Regular wage/salary earning,Literate,Higher Secondary,Employed,Employed,12000.0,12577.0,Other Backward Class
TN-SYN-P-000000672,Tiruchirappalli,13,Urban,35,Female,2,4,4,Self-employed in non-agriculture,Literate,Secondary,Not in labour force,Not in labour force,0.0,7645.0,Other Backward Class
TN-SYN-P-000000673,Krishnagiri,30,Urban,68,Female,3,7,5,Self-employed in non-agriculture,Illiterate,Not literate,Not in labour force,Not in labour force,0.0,11800.0,Other Backward Class
TN-SYN-P-000000674,Erode,09,Urban,47,Male,2,1,3,Self-employed in non-agriculture,Literate,Diploma/Certificate,Employed,Employed,58600.0,18558.0,Other Backward Class
TN-SYN-P-000000675,Salem,07,Urban,6,Male,1,5,4,Self-employed in agriculture,Literate,Below Primary,Not in labour force,Not in labour force,0.0,24408.0,Other Backward Class
TN-SYN-P-000000676,Chennai,02,Urban,47,Female,2,2,5,Self-employed in agriculture,Literate,Middle,Not in labour force,Not in labour force,0.0,18620.0,Other Backward Class
TN-SYN-P-000000677,Erode,09,Rural,52,Male,2,1,4,Regular wage/salary earning,Illiterate,Not literate,Employed,Employed,0.0,15000.0,Other Backward Class
TN-SYN-P-000000678,Chennai,02,Urban,30,Male,1,5,2,Self-employed in non-agriculture,Literate,Diploma/Certificate,Employed,Employed,55789.0,29731.0,Other Backward Class
TN-SYN-P-000000679,Krishnagiri,30,Rural,47,Female,2,2,3,Self-employed in agriculture,Literate,Primary,Employed,Employed,0.0,9817.0,Other Backward Class
TN-SYN-P-000000680,Thoothukudi,26,Urban,60,Female,3,7,4,Self-employed in non-agriculture,Literate,Below Primary,Not in labour force,Not in labour force,0.0,14160.0,Other Backward Class
TN-SYN-P-000000681,Thoothukudi,26,Urban,5,Male,1,5,4,Regular wage/salary earning,Literate,Below Primary,Not in labour force,Not in labour force,0.0,12305.0,Other Backward Class
TN-SYN-P-000000682,Tenkasi,33,Urban,56,Female,2,2,2,Others,Literate,Middle,Not in labour force,Not in labour force,0.0,12970.0,Other Backward Class
TN-SYN-P-000000683,Sivaganga,21,Urban,23,Female,2,4,4,Self-employed in non-agriculture,Literate,Higher Secondary,Not in labour force,Not in labour force,0.0,13125.0,Other Backward Class
TN-SYN-P-000000684,Cuddalore,16,Rural,34,Female,2,2,5,Regular wage/salary earning,Literate,Secondary,Employed,Employed,0.0,12700.0,Other Backward Class
TN-SYN-P-000000685,Namakkal,08,Rural,16,Male,1,5,3,Casual labour in agriculture,Literate,Higher Secondary,Not in labour force,Not in labour force,0.0,11142.0,Other Backward Class
TN-SYN-P-000000686,Tiruvannamalai,05,Rural,58,Male,2,1,3,Regular wage/salary earning,Literate,Middle,Employed,Employed,0.0,7989.0,Scheduled Caste
TN-SYN-P-000000687,Dharmapuri,29,Rural,70,Male,2,1,2,Self-employed in agriculture,Literate,Primary,Employed,Employed,0.0,7194.0,Other Backward Class
TN-SYN-P-000000688,Viluppuram,06,Rural,37,Male,2,1,6,Regular wage/salary earning,Literate,Diploma/Certificate,Employed,Employed,0.0,16725.0,Scheduled Caste
TN-SYN-P-000000689,Krishnagiri,30,Rural,55,Male,2,1,4,Regular wage/salary earning,Illiterate,Not literate,Employed,Employed,0.0,11086.0,Scheduled Caste
TN-SYN-P-000000690,Cuddalore,16,Rural,26,Female,2,2,4,Self-employed in non-agriculture,Literate,Diploma/Certificate,Not in labour force,Not in labour force,0.0,9158.0,Scheduled Caste
TN-SYN-P-000000691,Madurai,22,Urban,12,Male,1,6,5,Self-employed in non-agriculture,Literate,Primary,Not in labour force,Not in labour force,0.0,19665.0,Other Backward Class
TN-SYN-P-000000692,Chennai,02,Urban,50,Female,2,1,3,Self-employed in non-agriculture,Literate,Middle,Employed,Employed,9000.0,14485.0,Other Backward Class
TN-SYN-P-000000693,Tenkasi,33,Urban,24,Male,1,5,5,Self-employed in non-agriculture,Literate,Diploma/Certificate,Employed,Employed,28000.0,32858.0,Scheduled Caste
TN-SYN-P-000000694,Tiruppur,32,Rural,28,Female,2,2,4,Regular wage/salary earning,Literate,Secondary,Employed,Employed,13800.0,5772.0,Scheduled Caste
TN-SYN-P-000000695,Mayiladuthurai,38,Rural,28,Female,2,3,7,Self-employed in non-agriculture,Literate,Higher Secondary,Not in labour force,Not in labour force,0.0,27109.0,Other Backward Class
TN-SYN-P-000000696,Thiruvallur,01,Urban,48,Female,3,1,3,Self-employed in non-agriculture,Literate,Diploma/Certificate,Employed,Employed,10000.0,15408.0,Other Backward Class
TN-SYN-P-000000697,Salem,07,Rural,65,Female,3,1,2,Regular wage/salary earning,Illiterate,Not literate,Employed,Employed,0.0,9575.0,Scheduled Caste
TN-SYN-P-000000698,Vellore,04,Rural,20,Male,1,5,2,Self-employed in non-agriculture,Literate,Diploma/Certificate,Employed,Employed,0.0,9219.0,Other Backward Class
TN-SYN-P-000000699,Pudukkottai,20,Rural,35,Female,2,2,5,Self-employed in non-agriculture,Literate,Middle,Employed,Employed,0.0,8543.0,Other Backward Class
TN-SYN-P-000000700,Thanjavur,19,Urban,24,Female,1,5,4,Self-employed in non-agriculture,Literate,Diploma/Certificate,Unemployed,Unemployed,0.0,24753.0,Other Backward Class
TN-SYN-P-000000701,Tiruppur,32,Rural,54,Male,2,1,4,Self-employed in agriculture,Illiterate,Not literate,Employed,Employed,0.0,11558.0,Other Backward Class
TN-SYN-P-000000702,Thoothukudi,26,Urban,15,Female,1,5,5,Regular wage/salary earning,Literate,Middle,Not in labour force,Not in labour force,0.0,15682.0,Other Backward Class
TN-SYN-P-000000703,Thiruvallur,01,Rural,37,Female,2,2,5,Self-employed in non-agriculture,Illiterate,Not literate,Not in labour force,Not in labour force,0.0,15790.0,Other Backward Class
TN-SYN-P-000000704,Dindigul,11,Rural,55,Female,2,2,2,Self-employed in non-agriculture,Illiterate,Not literate,Employed,Employed,0.0,4354.0,Scheduled Caste
TN-SYN-P-000000705,Sivaganga,21,Rural,35,Female,2,4,5,Casual labour in non-agriculture,Literate,Higher Secondary,Employed,Employed,0.0,15620.0,Other Backward Class
TN-SYN-P-000000706,Sivaganga,21,Urban,49,Male,2,1,5,Self-employed in agriculture,Literate,Diploma/Certificate,Employed,Employed,0.0,16800.0,Other Backward Class
TN-SYN-P-000000707,Kancheepuram,03,Rural,43,Male,2,1,4,Regular wage/salary earning,Literate,Middle,Employed,Employed,16000.0,13342.0,Others
TN-SYN-P-000000708,Thiruvarur,18,Rural,60,Female,3,3,2,Others,Literate,Middle,Not in labour force,Not in labour force,0.0,8347.0,Other Backward Class
TN-SYN-P-000000709,Coimbatore,31,Urban,6,Female,1,5,5,Self-employed in non-agriculture,Literate,Below Primary,Not in labour force,Not in labour force,0.0,25264.0,Other Backward Class
TN-SYN-P-000000710,Thiruvarur,18,Rural,16,Male,1,5,3,Others,Literate,Secondary,Not in labour force,Not in labour force,0.0,23237.0,Other Backward Class
TN-SYN-P-000000711,Kallakurichi,34,Rural,53,Male,2,1,2,Self-employed in non-agriculture,Literate,Primary,Employed,Employed,0.0,9133.0,Other Backward Class
TN-SYN-P-000000712,Cuddalore,16,Rural,42,Male,2,1,4,Self-employed in agriculture,Literate,Diploma/Certificate,Employed,Employed,0.0,15142.0,Other Backward Class
TN-SYN-P-000000713,Tirupathur,36,Urban,26,Male,1,5,3,Self-employed in non-agriculture,Literate,Diploma/Certificate,Not in labour force,Not in labour force,0.0,5373.0,Other Backward Class
TN-SYN-P-000000714,Krishnagiri,30,Rural,1,Male,1,6,6,Regular wage/salary earning,Illiterate,Not literate,Not in labour force,Not in labour force,0.0,13530.0,Other Backward Class
TN-SYN-P-000000715,Thiruvarur,18,Rural,60,Female,2,7,4,Self-employed in agriculture,Literate,Below Primary,Not in labour force,Not in labour force,0.0,12975.0,Scheduled Caste
TN-SYN-P-000000716,Viluppuram,06,Rural,58,Female,3,7,6,Regular wage/salary earning,Literate,Middle,Employed,Employed,42300.0,16725.0,Scheduled Caste
TN-SYN-P-000000717,Madurai,22,Rural,60,Female,2,2,2,Others,Literate,Below Primary,Not in labour force,Not in labour force,0.0,4247.0,Other Backward Class
TN-SYN-P-000000718,Chennai,02,Urban,52,Female,3,1,2,Self-employed in non-agriculture,Literate,Primary,Not in labour force,Not in labour force,0.0,20800.0,Other Backward Class
TN-SYN-P-000000719,Thiruvallur,01,Urban,40,Female,3,1,2,Self-employed in non-agriculture,Literate,Diploma/Certificate,Employed,Employed,45000.0,47287.0,Other Backward Class
TN-SYN-P-000000720,Tirunelveli,27,Rural,7,Male,1,6,5,Casual labour in non-agriculture,Literate,Below Primary,Not in labour force,Not in labour force,0.0,15397.0,Other Backward Class
TN-SYN-P-000000721,Salem,07,Urban,37,Male,2,1,4,Self-employed in non-agriculture,Literate,Secondary,Employed,Employed,23000.0,15377.0,Other Backward Class
TN-SYN-P-000000722,Thanjavur,19,Urban,11,Female,1,1,1,Others,Literate,Primary,Not in labour force,Not in labour force,0.0,16250.0,Other Backward Class
TN-SYN-P-000000723,Chennai,02,Urban,20,Female,1,5,4,Regular wage/salary earning,Literate,Diploma/Certificate,Not in labour force,Not in labour force,13000.0,18708.0,Scheduled Caste
TN-SYN-P-000000724,Sivaganga,21,Rural,70,Male,4,1,4,Casual labour in non-agriculture,Literate,Primary,Not in labour force,Not in labour force,0.0,7842.0,Other Backward Class
TN-SYN-P-000000725,Thiruvallur,01,Rural,59,Male,2,1,3,Casual labour in agriculture,Literate,Primary,Employed,Employed,0.0,14112.0,Scheduled Caste
TN-SYN-P-000000726,Theni,23,Urban,60,Female,3,1,1,Self-employed in non-agriculture,Illiterate,Not literate,Employed,Employed,6000.0,2871.0,Scheduled Caste
TN-SYN-P-000000727,Thoothukudi,26,Rural,43,Female,2,2,5,Casual labour in non-agriculture,Literate,Middle,Employed,Employed,0.0,9033.0,Scheduled Caste
TN-SYN-P-000000728,Kallakurichi,34,Urban,35,Male,2,3,6,Self-employed in non-agriculture,Literate,Middle,Employed,Employed,0.0,14233.0,Other Backward Class
TN-SYN-P-000000729,Thiruvallur,01,Urban,45,Male,1,5,3,Self-employed in non-agriculture,Literate,Diploma/Certificate,Employed,Employed,45000.0,31350.0,Other Backward Class
TN-SYN-P-000000730,Tiruppur,32,Urban,19,Male,1,5,2,Self-employed in non-agriculture,Literate,Below Primary,Employed,Employed,8000.0,9108.0,Scheduled Caste
TN-SYN-P-000000731,Kanniyakumari,28,Urban,18,Female,1,5,4,Regular wage/salary earning,Literate,Higher Secondary,Not in labour force,Not in labour force,0.0,13413.0,Other Backward Class
TN-SYN-P-000000732,Krishnagiri,30,Rural,42,Female,3,1,3,Self-employed in agriculture,Literate,Higher Secondary,Employed,Employed,0.0,5019.0,Other Backward Class
TN-SYN-P-000000733,Dharmapuri,29,Rural,54,Male,2,1,5,Regular wage/salary earning,Literate,Below Primary,Employed,Employed,0.0,14844.0,Other Backward Class
TN-SYN-P-000000734,Kancheepuram,03,Urban,38,Male,1,5,2,Self-employed in non-agriculture,Literate,Diploma/Certificate,Employed,Employed,43589.0,24920.0,Other Backward Class
TN-SYN-P-000000735,The Nilgiris,10,Rural,51,Female,2,2,2,Casual labour in agriculture,Literate,Primary,Employed,Employed,0.0,10625.0,Other Backward Class
TN-SYN-P-000000736,Erode,09,Rural,33,Male,2,1,4,Self-employed in non-agriculture,Literate,Middle,Employed,Employed,0.0,26743.0,Other Backward Class
TN-SYN-P-000000737,Chennai,02,Urban,14,Female,1,5,4,Self-employed in agriculture,Literate,Middle,Not in labour force,Not in labour force,0.0,12453.0,Other Backward Class
TN-SYN-P-000000738,Dharmapuri,29,Rural,8,Male,1,5,3,Self-employed in agriculture,Literate,Below Primary,Not in labour force,Not in labour force,0.0,7328.0,Other Backward Class
TN-SYN-P-000000739,Ramanathapuram,25,Rural,40,Female,2,2,4,Self-employed in agriculture,Illiterate,Not literate,Not in labour force,Not in labour force,0.0,13817.0,Other Backward Class
TN-SYN-P-000000740,Ranipet,35,Rural,20,Male,1,5,5,Regular wage/salary earning,Literate,Middle,Employed,Employed,0.0,10610.0,Scheduled Caste
TN-SYN-P-000000741,Chennai,02,Urban,77,Female,3,7,6,Self-employed in non-agriculture,Literate,Below Primary,Not in labour force,Not in labour force,0.0,24035.0,Other Backward Class
TN-SYN-P-000000742,Viluppuram,06,Rural,29,Female,2,2,4,Casual labour in non-agriculture,Literate,Diploma/Certificate,Not in labour force,Not in labour force,0.0,9517.0,Other Backward Class
TN-SYN-P-000000743,Kancheepuram,03,Urban,40,Female,2,2,3,Regular wage/salary earning,Illiterate,Not literate,Employed,Employed,0.0,15317.0,Other Backward Class
TN-SYN-P-000000744,Tiruchirappalli,13,Urban,4,Female,1,5,4,Self-employed in non-agriculture,Illiterate,Not literate,Not in labour force,Not in labour force,0.0,36373.0,Other Backward Class
TN-SYN-P-000000745,Kancheepuram,03,Rural,43,Female,2,2,4,Regular wage/salary earning,Literate,Below Primary,Employed,Employed,8000.0,22592.0,Other Backward Class
TN-SYN-P-000000746,Salem,07,Urban,49,Female,2,2,3,Self-employed in non-agriculture,Literate,Primary,Employed,Employed,0.0,10908.0,Other Backward Class
TN-SYN-P-000000747,Ranipet,35,Rural,20,Male,1,5,4,Regular wage/salary earning,Literate,Middle,Employed,Employed,10000.0,7537.0,Other Backward Class
TN-SYN-P-000000748,The Nilgiris,10,Urban,67,Female,2,2,2,Self-employed in non-agriculture,Literate,Diploma/Certificate,Not in labour force,Not in labour force,0.0,12425.0,Other Backward Class
TN-SYN-P-000000749,Tenkasi,33,Urban,14,Female,1,5,4,Self-employed in non-agriculture,Literate,Middle,Not in labour force,Not in labour force,0.0,41073.0,Other Backward Class
TN-SYN-P-000000750,Coimbatore,31,Urban,29,Male,1,5,3,Self-employed in non-agriculture,Literate,Higher Secondary,Employed,Employed,7900.0,22477.0,Other Backward Class
TN-SYN-P-000000751,Dindigul,11,Urban,28,Female,2,8,9,Self-employed in agriculture,Literate,Higher Secondary,Not in labour force,Not in labour force,0.0,28547.0,Other Backward Class
TN-SYN-P-000000752,Dindigul,11,Urban,37,Male,2,1,9,Self-employed in agriculture,Literate,Higher Secondary,Employed,Employed,0.0,28547.0,Other Backward Class
TN-SYN-P-000000753,Salem,07,Rural,40,Male,2,1,4,Casual labour in non-agriculture,Literate,Middle,Employed,Employed,0.0,15183.0,Scheduled Caste
TN-SYN-P-000000754,Tirupathur,36,Rural,22,Male,1,5,2,Regular wage/salary earning,Literate,Diploma/Certificate,Employed,Employed,11000.0,7478.0,Other Backward Class
TN-SYN-P-000000755,Thoothukudi,26,Rural,60,Female,2,2,2,Others,Literate,Primary,Not in labour force,Not in labour force,0.0,9242.0,Scheduled Caste
TN-SYN-P-000000756,Theni,23,Urban,46,Male,2,1,4,Self-employed in agriculture,Literate,Primary,Employed,Employed,0.0,14073.0,Other Backward Class
TN-SYN-P-000000757,Erode,09,Rural,11,Male,1,5,4,Regular wage/salary earning,Literate,Primary,Not in labour force,Not in labour force,0.0,15755.0,Other Backward Class
TN-SYN-P-000000758,Salem,07,Rural,39,Female,2,2,3,Regular wage/salary earning,Literate,Primary,Employed,Employed,8000.0,8758.0,Other Backward Class
TN-SYN-P-000000759,Tirunelveli,27,Urban,54,Male,2,1,2,Self-employed in non-agriculture,Literate,Primary,Employed,Employed,15000.0,13058.0,Other Backward Class
TN-SYN-P-000000760,Coimbatore,31,Urban,58,Male,2,1,3,Self-employed in non-agriculture,Literate,Primary,Employed,Employed,0.0,22477.0,Other Backward Class
TN-SYN-P-000000761,Madurai,22,Urban,9,Female,1,5,4,Self-employed in non-agriculture,Literate,Below Primary,Not in labour force,Not in labour force,0.0,13336.0,Other Backward Class
TN-SYN-P-000000762,Coimbatore,31,Urban,23,Female,2,4,6,Self-employed in non-agriculture,Literate,Diploma/Certificate,Not in labour force,Not in labour force,0.0,29382.0,Other Backward Class
TN-SYN-P-000000763,Coimbatore,31,Urban,25,Male,2,1,4,Self-employed in non-agriculture,Literate,Secondary,Employed,Employed,17480.0,12144.0,Other Backward Class
TN-SYN-P-000000764,Virudhunagar,24,Urban,37,Female,2,2,3,Self-employed in non-agriculture,Literate,Primary,Not in labour force,Not in labour force,0.0,16104.0,Other Backward Class
TN-SYN-P-000000765,Kancheepuram,03,Rural,27,Male,1,5,8,Regular wage/salary earning,Literate,Diploma/Certificate,Unemployed,Unemployed,0.0,35417.0,Scheduled Caste
TN-SYN-P-000000766,Cuddalore,16,Rural,2,Female,1,5,4,Regular wage/salary earning,Illiterate,Not literate,Not in labour force,Not in labour force,0.0,9642.0,Other Backward Class
TN-SYN-P-000000767,Krishnagiri,30,Rural,3,Male,1,5,7,Self-employed in agriculture,Illiterate,Not literate,Not in labour force,Not in labour force,0.0,16613.0,Other Backward Class
TN-SYN-P-000000768,Kanniyakumari,28,Urban,13,Female,1,5,4,Regular wage/salary earning,Literate,Primary,Not in labour force,Not in labour force,0.0,16753.0,Other Backward Class
TN-SYN-P-000000769,Tenkasi,33,Urban,82,Female,3,8,6,Self-employed in agriculture,Literate,Middle,Not in labour force,Not in labour force,0.0,19172.0,Other Backward Class
TN-SYN-P-000000770,Kancheepuram,03,Rural,53,Male,2,1,4,Regular wage/salary earning,Literate,Primary,Employed,Employed,0.0,22592.0,Other Backward Class
TN-SYN-P-000000771,Pudukkottai,20,Rural,45,Female,2,2,4,Self-employed in non-agriculture,Literate,Middle,Employed,Employed,0.0,9668.0,Other Backward Class
TN-SYN-P-000000772,Kallakurichi,34,Rural,74,Male,2,1,7,Casual labour in agriculture,Illiterate,Not literate,Not in labour force,Not in labour force,0.0,10888.0,Scheduled Tribe
TN-SYN-P-000000773,Theni,23,Rural,34,Male,3,1,3,Casual labour in non-agriculture,Literate,Middle,Employed,Employed,0.0,8303.0,Scheduled Caste
TN-SYN-P-000000774,Theni,23,Urban,13,Female,1,5,5,Self-employed in agriculture,Literate,Middle,Not in labour force,Not in labour force,0.0,17623.0,Other Backward Class
TN-SYN-P-000000775,Madurai,22,Rural,35,Female,2,4,4,Casual labour in non-agriculture,Literate,Secondary,Employed,Employed,0.0,6815.0,Other Backward Class
TN-SYN-P-000000776,Thanjavur,19,Urban,25,Female,2,3,3,Self-employed in agriculture,Literate,Diploma/Certificate,Unemployed,Unemployed,0.0,18349.0,Scheduled Caste
TN-SYN-P-000000777,Ramanathapuram,25,Rural,3,Female,1,5,4,Casual labour in non-agriculture,Illiterate,Not literate,Not in labour force,Not in labour force,0.0,9375.0,Other Backward Class
TN-SYN-P-000000778,Pudukkottai,20,Rural,55,Female,3,1,3,Regular wage/salary earning,Illiterate,Not literate,Not in labour force,Not in labour force,0.0,6276.0,Scheduled Caste
TN-SYN-P-000000779,Tiruvannamalai,05,Rural,3,Female,1,5,4,Self-employed in non-agriculture,Illiterate,Not literate,Not in labour force,Not in labour force,0.0,8766.0,Other Backward Class
TN-SYN-P-000000780,Ramanathapuram,25,Rural,78,Male,2,1,2,Others,Illiterate,Not literate,Not in labour force,Not in labour force,0.0,8942.0,Other Backward Class
TN-SYN-P-000000781,Thanjavur,19,Urban,3,Male,1,5,2,Others,Illiterate,Not literate,Not in labour force,Not in labour force,0.0,53048.0,Other Backward Class
TN-SYN-P-000000782,Chennai,02,Urban,35,Female,2,2,4,Self-employed in non-agriculture,Literate,Diploma/Certificate,Not in labour force,Not in labour force,0.0,51667.0,Other Backward Class
TN-SYN-P-000000783,Kancheepuram,03,Urban,38,Male,1,5,2,Self-employed in non-agriculture,Literate,Diploma/Certificate,Employed,Employed,43589.0,24920.0,Other Backward Class
TN-SYN-P-000000784,Salem,07,Urban,50,Female,2,2,2,Self-employed in agriculture,Illiterate,Not literate,Not in labour force,Not in labour force,0.0,11092.0,Other Backward Class
TN-SYN-P-000000785,Tenkasi,33,Urban,1,Male,1,5,3,Self-employed in non-agriculture,Illiterate,Not literate,Not in labour force,Not in labour force,0.0,13413.0,Scheduled Caste
TN-SYN-P-000000786,Coimbatore,31,Urban,32,Female,2,2,4,Self-employed in non-agriculture,Literate,Diploma/Certificate,Not in labour force,Not in labour force,3000.0,16675.0,Other Backward Class
TN-SYN-P-000000787,Chennai,02,Urban,30,Female,2,2,5,Self-employed in non-agriculture,Literate,Diploma/Certificate,Not in labour force,Not in labour force,0.0,15417.0,Other Backward Class
TN-SYN-P-000000788,Kancheepuram,03,Urban,10,Male,1,5,4,Self-employed in agriculture,Literate,Below Primary,Not in labour force,Not in labour force,0.0,22703.0,Other Backward Class
TN-SYN-P-000000789,Kancheepuram,03,Urban,28,Female,1,5,3,Self-employed in non-agriculture,Literate,Diploma/Certificate,Employed,Employed,12000.0,17100.0,Other Backward Class
TN-SYN-P-000000790,Thoothukudi,26,Urban,56,Male,2,1,2,Self-employed in agriculture,Literate,Primary,Employed,Employed,0.0,8242.0,Scheduled Caste
TN-SYN-P-000000791,Tenkasi,33,Urban,43,Male,2,3,6,Self-employed in non-agriculture,Literate,Middle,Employed,Employed,0.0,15500.0,Scheduled Caste
TN-SYN-P-000000792,Erode,09,Rural,79,Female,3,7,4,Self-employed in agriculture,Illiterate,Not literate,Not in labour force,Not in labour force,0.0,20758.0,Other Backward Class
TN-SYN-P-000000793,Mayiladuthurai,38,Rural,13,Male,1,6,2,Others,Literate,Middle,Not in labour force,Not in labour force,0.0,5996.0,Other Backward Class
TN-SYN-P-000000794,Tenkasi,33,Urban,15,Female,1,5,4,Self-employed in non-agriculture,Literate,Secondary,Not in labour force,Not in labour force,0.0,31457.0,Scheduled Caste
TN-SYN-P-000000795,Sivaganga,21,Rural,45,Male,2,1,3,Regular wage/salary earning,Literate,Secondary,Employed,Employed,25000.0,7475.0,Other Backward Class
TN-SYN-P-000000796,Kanniyakumari,28,Urban,56,Female,3,7,6,Self-employed in non-agriculture,Literate,Middle,Not in labour force,Not in labour force,0.0,14973.0,Other Backward Class
TN-SYN-P-000000797,Tirunelveli,27,Urban,58,Female,2,2,2,Self-employed in agriculture,Illiterate,Not literate,Employed,Employed,0.0,8447.0,Other Backward Class
TN-SYN-P-000000798,Kallakurichi,34,Urban,14,Female,1,6,5,Self-employed in agriculture,Literate,Middle,Not in labour force,Not in labour force,0.0,10350.0,Other Backward Class
TN-SYN-P-000000799,Madurai,22,Urban,43,Male,2,1,4,Self-employed in non-agriculture,Literate,Diploma/Certificate,Employed,Employed,40000.0,26408.0,Other Backward Class
TN-SYN-P-000000800,Theni,23,Rural,75,Male,2,1,2,Others,Literate,Below Primary,Not in labour force,Not in labour force,0.0,8685.0,Other Backward Class
TN-SYN-P-000000801,Coimbatore,31,Urban,80,Female,3,1,1,Others,Literate,Middle,Not in labour force,Not in labour force,0.0,12892.0,Other Backward Class
TN-SYN-P-000000802,Mayiladuthurai,38,Rural,61,Male,2,7,7,Regular wage/salary earning,Literate,Below Primary,Employed,Employed,0.0,14748.0,Other Backward Class
TN-SYN-P-000000803,Coimbatore,31,Rural,25,Female,1,5,4,Regular wage/salary earning,Literate,Diploma/Certificate,Unemployed,Unemployed,0.0,16212.0,Other Backward Class
TN-SYN-P-000000804,Chennai,02,Urban,13,Male,1,5,3,Self-employed in non-agriculture,Literate,Primary,Not in labour force,Not in labour force,0.0,21685.0,Other Backward Class
TN-SYN-P-000000805,Kancheepuram,03,Rural,30,Female,2,2,5,Regular wage/salary earning,Literate,Middle,Not in labour force,Not in labour force,0.0,9562.0,Scheduled Caste
TN-SYN-P-000000806,Erode,09,Urban,26,Male,2,1,2,Self-employed in non-agriculture,Illiterate,Not literate,Employed,Employed,11800.0,9740.0,Other Backward Class
TN-SYN-P-000000807,Thiruvallur,01,Urban,8,Male,1,6,6,Self-employed in non-agriculture,Literate,Below Primary,Not in labour force,Not in labour force,0.0,34640.0,Other Backward Class
TN-SYN-P-000000808,Tenkasi,33,Urban,40,Female,2,2,4,Self-employed in non-agriculture,Literate,Primary,Employed,Employed,6800.0,13393.0,Others
TN-SYN-P-000000809,Tenkasi,33,Rural,30,Female,2,4,8,Regular wage/salary earning,Literate,Diploma/Certificate,Not in labour force,Not in labour force,0.0,29312.0,Other Backward Class
TN-SYN-P-000000810,Theni,23,Rural,9,Male,1,5,4,Regular wage/salary earning,Literate,Below Primary,Not in labour force,Not in labour force,0.0,7328.0,Other Backward Class
TN-SYN-P-000000811,Madurai,22,Rural,65,Female,3,1,1,Casual labour in non-agriculture,Illiterate,Not literate,Employed,Employed,0.0,2603.0,Other Backward Class
TN-SYN-P-000000812,Tirupathur,36,Urban,32,Male,2,1,2,Self-employed in non-agriculture,Literate,Secondary,Employed,Employed,10000.0,5484.0,Other Backward Class
TN-SYN-P-000000813,Sivaganga,21,Rural,2,Female,1,5,4,Regular wage/salary earning,Illiterate,Not literate,Not in labour force,Not in labour force,0.0,11933.0,Other Backward Class
TN-SYN-P-000000814,Cuddalore,16,Rural,36,Male,2,1,4,Casual labour in non-agriculture,Literate,Middle,Employed,Employed,0.0,9000.0,Other Backward Class
TN-SYN-P-000000815,Tirunelveli,27,Urban,35,Male,2,3,9,Self-employed in agriculture,Literate,Higher Secondary,Employed,Employed,0.0,37205.0,Other Backward Class
TN-SYN-P-000000816,Erode,09,Rural,10,Male,1,5,4,Casual labour in non-agriculture,Literate,Primary,Not in labour force,Not in labour force,0.0,11177.0,Other Backward Class
TN-SYN-P-000000817,Kanniyakumari,28,Urban,85,Male,2,1,6,Regular wage/salary earning,Illiterate,Not literate,Not in labour force,Not in labour force,0.0,18062.0,Other Backward Class
TN-SYN-P-000000818,Erode,09,Urban,44,Male,2,1,4,Self-employed in agriculture,Literate,Middle,Employed,Employed,0.0,19633.0,Other Backward Class
TN-SYN-P-000000819,Theni,23,Rural,28,Female,2,2,4,Self-employed in non-agriculture,Literate,Higher Secondary,Employed,Employed,0.0,13082.0,Other Backward Class
TN-SYN-P-000000820,Krishnagiri,30,Rural,43,Female,2,2,3,Casual labour in non-agriculture,Literate,Primary,Employed,Employed,0.0,11579.0,Scheduled Caste
TN-SYN-P-000000821,Erode,09,Urban,60,Female,2,2,2,Self-employed in agriculture,Literate,Below Primary,Employed,Employed,0.0,5683.0,Other Backward Class
TN-SYN-P-000000822,Chennai,02,Urban,60,Female,3,1,4,Others,Literate,Primary,Not in labour force,Not in labour force,0.0,15350.0,Other Backward Class
TN-SYN-P-000000823,Dindigul,11,Rural,60,Female,2,1,1,Others,Literate,Primary,Not in labour force,Not in labour force,0.0,4195.0,Other Backward Class
TN-SYN-P-000000824,Madurai,22,Urban,65,Male,3,1,3,Self-employed in non-agriculture,Illiterate,Not literate,Not in labour force,Not in labour force,0.0,31417.0,Other Backward Class
TN-SYN-P-000000825,Tenkasi,33,Urban,20,Male,1,1,1,Self-employed in non-agriculture,Literate,Diploma/Certificate,Employed,Employed,18500.0,5727.0,Scheduled Caste
TN-SYN-P-000000826,Thiruvarur,18,Urban,47,Female,2,2,4,Self-employed in non-agriculture,Literate,Higher Secondary,Not in labour force,Not in labour force,0.0,46900.0,Other Backward Class
TN-SYN-P-000000827,Cuddalore,16,Rural,14,Male,1,5,4,Regular wage/salary earning,Literate,Middle,Not in labour force,Not in labour force,0.0,15083.0,Other Backward Class
TN-SYN-P-000000828,Tenkasi,33,Urban,23,Male,1,5,4,Self-employed in non-agriculture,Literate,Diploma/Certificate,Employed,Employed,20000.0,15453.0,Other Backward Class
TN-SYN-P-000000829,Namakkal,08,Urban,79,Female,3,7,7,Regular wage/salary earning,Illiterate,Not literate,Not in labour force,Not in labour force,0.0,11802.0,Other Backward Class
TN-SYN-P-000000830,Salem,07,Rural,35,Male,2,1,6,Casual labour in non-agriculture,Literate,Middle,Employed,Employed,0.0,9942.0,Other Backward Class
TN-SYN-P-000000831,Virudhunagar,24,Urban,16,Male,1,5,3,Self-employed in non-agriculture,Literate,Secondary,Not in labour force,Not in labour force,0.0,9467.0,Other Backward Class
TN-SYN-P-000000832,Virudhunagar,24,Urban,12,Female,1,5,3,Self-employed in non-agriculture,Literate,Primary,Not in labour force,Not in labour force,0.0,9467.0,Other Backward Class
TN-SYN-P-000000833,Tenkasi,33,Rural,11,Male,1,5,4,Regular wage/salary earning,Literate,Primary,Not in labour force,Not in labour force,0.0,10537.0,Scheduled Caste
TN-SYN-P-000000834,Erode,09,Rural,30,Female,2,2,4,Casual labour in non-agriculture,Illiterate,Not literate,Employed,Employed,0.0,11177.0,Other Backward Class
TN-SYN-P-000000835,Tenkasi,33,Rural,31,Male,2,1,4,Self-employed in agriculture,Literate,Higher Secondary,Employed,Employed,0.0,22145.0,Other Backward Class
TN-SYN-P-000000836,Ranipet,35,Rural,45,Male,2,1,3,Self-employed in agriculture,Literate,Primary,Employed,Employed,0.0,5528.0,Other Backward Class
TN-SYN-P-000000837,Erode,09,Urban,8,Male,1,5,6,Self-employed in agriculture,Literate,Below Primary,Not in labour force,Not in labour force,0.0,19367.0,Other Backward Class
TN-SYN-P-000000838,Cuddalore,16,Rural,32,Male,2,1,3,Casual labour in agriculture,Literate,Middle,Employed,Employed,0.0,7100.0,Scheduled Caste
TN-SYN-P-000000839,Coimbatore,31,Rural,55,Male,2,1,3,Casual labour in agriculture,Literate,Primary,Employed,Employed,0.0,5858.0,Scheduled Caste
TN-SYN-P-000000840,Chennai,02,Urban,45,Female,2,2,6,Self-employed in non-agriculture,Illiterate,Not literate,Not in labour force,Not in labour force,0.0,15057.0,Other Backward Class
TN-SYN-P-000000841,Kancheepuram,03,Rural,34,Female,2,4,5,Self-employed in non-agriculture,Literate,Diploma/Certificate,Not in labour force,Not in labour force,0.0,10620.0,Other Backward Class
TN-SYN-P-000000842,Salem,07,Rural,3,Male,1,5,4,Regular wage/salary earning,Illiterate,Not literate,Not in labour force,Not in labour force,0.0,13792.0,Scheduled Caste
TN-SYN-P-000000843,Ariyalur,15,Rural,12,Male,1,5,4,Regular wage/salary earning,Literate,Primary,Not in labour force,Not in labour force,0.0,12783.0,Other Backward Class
TN-SYN-P-000000844,Chennai,02,Urban,54,Female,2,2,2,Self-employed in agriculture,Literate,Secondary,Not in labour force,Not in labour force,0.0,13215.0,Scheduled Caste
TN-SYN-P-000000845,Sivaganga,21,Urban,36,Female,2,2,4,Self-employed in agriculture,Literate,Higher Secondary,Employed,Employed,0.0,9700.0,Other Backward Class
TN-SYN-P-000000846,Erode,09,Rural,5,Female,1,5,3,Casual labour in non-agriculture,Illiterate,Not literate,Not in labour force,Not in labour force,0.0,14568.0,Other Backward Class
TN-SYN-P-000000847,Madurai,22,Rural,65,Female,2,2,2,Others,Literate,Below Primary,Not in labour force,Not in labour force,0.0,4247.0,Other Backward Class
TN-SYN-P-000000848,Tenkasi,33,Rural,16,Male,1,5,4,Self-employed in agriculture,Literate,Secondary,Not in labour force,Not in labour force,0.0,7620.0,Scheduled Caste
TN-SYN-P-000000849,Tiruchirappalli,13,Urban,2,Female,1,5,4,Self-employed in non-agriculture,Illiterate,Not literate,Not in labour force,Not in labour force,0.0,36373.0,Other Backward Class
TN-SYN-P-000000850,Erode,09,Rural,22,Male,1,1,2,Casual labour in non-agriculture,Literate,Middle,Employed,Employed,0.0,10983.0,Other Backward Class
TN-SYN-P-000000851,Krishnagiri,30,Rural,42,Male,2,1,3,Self-employed in agriculture,Literate,Primary,Employed,Employed,0.0,8613.0,Other Backward Class
TN-SYN-P-000000852,Coimbatore,31,Urban,15,Male,1,5,4,Self-employed in agriculture,Literate,Secondary,Not in labour force,Not in labour force,0.0,5942.0,Scheduled Caste
TN-SYN-P-000000853,Theni,23,Urban,20,Male,1,5,2,Regular wage/salary earning,Literate,Higher Secondary,Not in labour force,Not in labour force,0.0,7748.0,Other Backward Class
TN-SYN-P-000000854,Thoothukudi,26,Rural,2,Male,1,6,9,Self-employed in non-agriculture,Illiterate,Not literate,Not in labour force,Not in labour force,0.0,21540.0,Other Backward Class
TN-SYN-P-000000855,Krishnagiri,30,Rural,6,Female,1,5,5,Regular wage/salary earning,Literate,Below Primary,Not in labour force,Not in labour force,0.0,12335.0,Other Backward Class
TN-SYN-P-000000856,Mayiladuthurai,38,Rural,72,Female,3,7,3,Regular wage/salary earning,Literate,Primary,Not in labour force,Not in labour force,0.0,13016.0,Other Backward Class
TN-SYN-P-000000857,Salem,07,Urban,55,Male,2,1,6,Self-employed in non-agriculture,Literate,Primary,Employed,Employed,0.0,35383.0,Other Backward Class
TN-SYN-P-000000858,Erode,09,Urban,70,Female,3,7,5,Self-employed in non-agriculture,Literate,Primary,Not in labour force,Not in labour force,0.0,18222.0,Other Backward Class
TN-SYN-P-000000859,Thiruvarur,18,Rural,59,Female,2,2,3,Casual labour in agriculture,Illiterate,Not literate,Not in labour force,Not in labour force,0.0,10405.0,Scheduled Caste
TN-SYN-P-000000860,Tiruchirappalli,13,Urban,28,Male,2,1,4,Self-employed in non-agriculture,Literate,Diploma/Certificate,Employed,Employed,13500.0,12528.0,Other Backward Class
TN-SYN-P-000000861,Viluppuram,06,Urban,16,Female,1,5,5,Self-employed in non-agriculture,Literate,Secondary,Not in labour force,Not in labour force,0.0,10133.0,Other Backward Class
TN-SYN-P-000000862,Thoothukudi,26,Urban,31,Male,2,1,4,Regular wage/salary earning,Literate,Diploma/Certificate,Employed,Employed,0.0,12305.0,Other Backward Class
TN-SYN-P-000000863,Chennai,02,Urban,75,Male,2,1,2,Others,Literate,Diploma/Certificate,Not in labour force,Not in labour force,0.0,11440.0,Others
TN-SYN-P-000000864,Chennai,02,Urban,42,Male,2,1,4,Self-employed in non-agriculture,Literate,Diploma/Certificate,Employed,Employed,25000.0,33568.0,Other Backward Class
TN-SYN-P-000000865,Thiruvallur,01,Rural,62,Male,2,1,2,Self-employed in agriculture,Illiterate,Not literate,Employed,Employed,0.0,9783.0,Scheduled Caste
TN-SYN-P-000000866,Thanjavur,19,Urban,76,Female,3,7,8,Self-employed in non-agriculture,Literate,Secondary,Not in labour force,Not in labour force,0.0,17411.0,Other Backward Class
TN-SYN-P-000000867,Dindigul,11,Urban,21,Female,1,8,7,Self-employed in agriculture,Literate,Diploma/Certificate,Employed,Employed,8000.0,22710.0,Other Backward Class
TN-SYN-P-000000868,Unknown,37,Urban,26,Female,2,4,5,Self-employed in non-agriculture,Literate,Diploma/Certificate,Not in labour force,Not in labour force,0.0,16188.0,Other Backward Class
TN-SYN-P-000000869,Erode,09,Rural,42,Female,2,2,4,Self-employed in non-agriculture,Literate,Middle,Employed,Employed,0.0,14317.0,Other Backward Class
TN-SYN-P-000000870,Tirupathur,36,Urban,33,Female,2,4,4,Regular wage/salary earning,Literate,Diploma/Certificate,Not in labour force,Not in labour force,0.0,9307.0,Scheduled Caste
TN-SYN-P-000000871,Thiruvallur,01,Urban,30,Male,2,3,6,Self-employed in non-agriculture,Literate,Middle,Employed,Employed,32000.0,27037.0,Scheduled Caste
TN-SYN-P-000000872,Dharmapuri,29,Rural,51,Female,3,1,1,Casual labour in agriculture,Illiterate,Not literate,Employed,Employed,0.0,3108.0,Scheduled Caste
TN-SYN-P-000000873,Virudhunagar,24,Rural,0,Male,1,5,4,Casual labour in non-agriculture,Illiterate,Not literate,Not in labour force,Not in labour force,0.0,10881.0,Other Backward Class
TN-SYN-P-000000874,Thiruvallur,01,Urban,33,Female,2,2,2,Regular wage/salary earning,Literate,Primary,Employed,Employed,14350.0,14415.0,Other Backward Class
TN-SYN-P-000000875,Krishnagiri,30,Urban,40,Female,2,2,4,Self-employed in non-agriculture,Literate,Middle,Employed,Employed,12800.0,12430.0,Other Backward Class
TN-SYN-P-000000876,Salem,07,Rural,52,Female,3,3,4,Regular wage/salary earning,Literate,Primary,Employed,Employed,0.0,6928.0,Other Backward Class
TN-SYN-P-000000877,Dindigul,11,Rural,10,Male,1,6,5,Casual labour in agriculture,Literate,Primary,Not in labour force,Not in labour force,0.0,12219.0,Scheduled Caste
TN-SYN-P-000000878,Coimbatore,31,Urban,42,Female,3,1,5,Self-employed in non-agriculture,Literate,Primary,Employed,Employed,4500.0,15578.0,Other Backward Class
TN-SYN-P-000000879,Cuddalore,16,Urban,42,Female,2,2,4,Self-employed in agriculture,Literate,Middle,Not in labour force,Not in labour force,0.0,9633.0,Other Backward Class
TN-SYN-P-000000880,Ranipet,35,Urban,65,Female,2,2,3,Self-employed in non-agriculture,Literate,Primary,Employed,Employed,0.0,8388.0,Other Backward Class
TN-SYN-P-000000881,Chennai,02,Urban,38,Male,2,1,3,Regular wage/salary earning,Literate,Secondary,Employed,Employed,0.0,20587.0,Scheduled Caste
TN-SYN-P-000000882,Vellore,04,Urban,36,Male,2,3,6,Self-employed in agriculture,Literate,Diploma/Certificate,Employed,Employed,0.0,8824.0,Other Backward Class
TN-SYN-P-000000883,Ramanathapuram,25,Rural,40,Female,2,1,3,Casual labour in non-agriculture,Literate,Middle,Employed,Employed,0.0,10250.0,Other Backward Class
TN-SYN-P-000000884,Salem,07,Urban,8,Male,1,1,1,Others,Literate,Below Primary,Not in labour force,Not in labour force,0.0,1000.0,Scheduled Tribe
TN-SYN-P-000000885,Cuddalore,16,Rural,65,Male,2,1,3,Self-employed in agriculture,Illiterate,Not literate,Employed,Employed,0.0,8450.0,Scheduled Caste
TN-SYN-P-000000886,Tiruppur,32,Urban,37,Male,2,1,3,Self-employed in non-agriculture,Literate,Diploma/Certificate,Employed,Employed,14150.0,11113.0,Other Backward Class
TN-SYN-P-000000887,Kancheepuram,03,Urban,27,Male,1,1,1,Self-employed in non-agriculture,Literate,Diploma/Certificate,Employed,Employed,60000.0,16833.0,Other Backward Class
TN-SYN-P-000000888,Dindigul,11,Rural,10,Male,1,5,4,Self-employed in non-agriculture,Literate,Primary,Not in labour force,Not in labour force,0.0,15614.0,Scheduled Caste
TN-SYN-P-000000889,Cuddalore,16,Rural,61,Female,3,7,5,Regular wage/salary earning,Illiterate,Not literate,Employed,Employed,0.0,12700.0,Other Backward Class
TN-SYN-P-000000890,Cuddalore,16,Rural,30,Female,2,2,4,Self-employed in non-agriculture,Literate,Diploma/Certificate,Not in labour force,Not in labour force,0.0,10575.0,Scheduled Caste
TN-SYN-P-000000891,Dharmapuri,29,Rural,34,Male,2,1,4,Casual labour in non-agriculture,Literate,Middle,Employed,Employed,0.0,9358.0,Other Backward Class
TN-SYN-P-000000892,Perambalur,14,Urban,68,Male,2,1,2,Self-employed in agriculture,Literate,Primary,Employed,Employed,0.0,6342.0,Other Backward Class
TN-SYN-P-000000893,Tirunelveli,27,Rural,42,Male,2,1,3,Self-employed in agriculture,Literate,Below Primary,Employed,Employed,0.0,9600.0,Other Backward Class
TN-SYN-P-000000894,Tenkasi,33,Rural,60,Female,2,2,3,Others,Literate,Middle,Not in labour force,Not in labour force,0.0,13558.0,Other Backward Class
TN-SYN-P-000000895,Unknown,37,Urban,60,Male,2,1,5,Self-employed in non-agriculture,Literate,Below Primary,Employed,Employed,29500.0,18805.0,Other Backward Class
TN-SYN-P-000000896,Erode,09,Rural,24,Female,2,2,4,Self-employed in non-agriculture,Literate,Middle,Employed,Employed,0.0,26743.0,Other Backward Class
TN-SYN-P-000000897,Krishnagiri,30,Rural,7,Male,1,5,4,Casual labour in non-agriculture,Literate,Below Primary,Not in labour force,Not in labour force,0.0,11124.0,Other Backward Class
TN-SYN-P-000000898,Coimbatore,31,Urban,28,Male,1,1,1,Self-employed in non-agriculture,Literate,Diploma/Certificate,Employed,Employed,79800.0,19857.0,Other Backward Class
TN-SYN-P-000000899,Coimbatore,31,Rural,25,Female,2,4,5,Regular wage/salary earning,Literate,Diploma/Certificate,Not in labour force,Not in labour force,0.0,21543.0,Other Backward Class
TN-SYN-P-000000900,Erode,09,Urban,48,Female,2,2,2,Regular wage/salary earning,Illiterate,Not literate,Employed,Employed,0.0,10593.0,Other Backward Class
TN-SYN-P-000000901,Tiruvannamalai,05,Rural,5,Female,1,5,5,Casual labour in agriculture,Literate,Below Primary,Not in labour force,Not in labour force,0.0,6755.0,Scheduled Caste
TN-SYN-P-000000902,Chennai,02,Urban,56,Male,3,1,2,Self-employed in non-agriculture,Literate,Secondary,Not in labour force,Not in labour force,0.0,29731.0,Other Backward Class
TN-SYN-P-000000903,Namakkal,08,Rural,69,Male,2,7,6,Regular wage/salary earning,Literate,Middle,Not in labour force,Not in labour force,0.0,10158.0,Other Backward Class
TN-SYN-P-000000904,Madurai,22,Rural,56,Male,2,1,7,Self-employed in agriculture,Literate,Higher Secondary,Employed,Employed,0.0,16838.0,Other Backward Class
TN-SYN-P-000000905,Thiruvallur,01,Urban,41,Male,2,1,4,Regular wage/salary earning,Literate,Middle,Employed,Employed,0.0,17922.0,Other Backward Class
TN-SYN-P-000000906,Chennai,02,Urban,76,Female,3,7,4,Self-employed in non-agriculture,Illiterate,Not literate,Not in labour force,Not in labour force,0.0,15625.0,Other Backward Class
TN-SYN-P-000000907,Salem,07,Urban,32,Female,2,2,5,Self-employed in non-agriculture,Literate,Middle,Employed,Employed,8000.0,6663.0,Other Backward Class
TN-SYN-P-000000908,Ramanathapuram,25,Urban,57,Male,2,1,4,Self-employed in non-agriculture,Literate,Diploma/Certificate,Employed,Employed,55000.0,21000.0,Other Backward Class
TN-SYN-P-000000909,Tiruchirappalli,13,Urban,36,Male,2,2,5,Self-employed in agriculture,Literate,Diploma/Certificate,Employed,Employed,0.0,19962.0,Other Backward Class
TN-SYN-P-000000910,Viluppuram,06,Rural,45,Female,1,5,3,Casual labour in agriculture,Literate,Primary,Not in labour force,Not in labour force,0.0,10308.0,Other Backward Class
TN-SYN-P-000000911,Kancheepuram,03,Urban,11,Female,1,5,3,Self-employed in non-agriculture,Literate,Primary,Not in labour force,Not in labour force,0.0,22575.0,Other Backward Class
TN-SYN-P-000000912,Mayiladuthurai,38,Rural,29,Male,1,5,3,Casual labour in agriculture,Literate,Diploma/Certificate,Employed,Employed,0.0,10997.0,Scheduled Caste
TN-SYN-P-000000913,Tiruppur,32,Rural,31,Female,3,3,4,Self-employed in agriculture,Literate,Diploma/Certificate,Not in labour force,Not in labour force,0.0,11218.0,Other Backward Class
TN-SYN-P-000000914,Dharmapuri,29,Rural,44,Female,2,2,5,Self-employed in agriculture,Literate,Middle,Employed,Employed,0.0,12009.0,Other Backward Class
TN-SYN-P-000000915,Tenkasi,33,Rural,32,Female,2,2,4,Regular wage/salary earning,Literate,Secondary,Not in labour force,Not in labour force,0.0,22075.0,Other Backward Class
TN-SYN-P-000000916,Tiruvannamalai,05,Urban,23,Female,2,3,6,Self-employed in non-agriculture,Literate,Diploma/Certificate,Unemployed,Unemployed,0.0,13535.0,Other Backward Class
TN-SYN-P-000000917,Thiruvallur,01,Urban,19,Male,1,5,4,Self-employed in non-agriculture,Literate,Higher Secondary,Not in labour force,Not in labour force,0.0,17123.0,Scheduled Caste
TN-SYN-P-000000918,Unknown,37,Rural,14,Female,1,5,3,Casual labour in agriculture,Literate,Middle,Not in labour force,Not in labour force,0.0,6147.0,Other Backward Class
TN-SYN-P-000000919,Thoothukudi,26,Urban,28,Female,2,2,4,Regular wage/salary earning,Literate,Below Primary,Not in labour force,Not in labour force,0.0,9830.0,Other Backward Class
TN-SYN-P-000000920,Dharmapuri,29,Rural,44,Female,2,2,5,Self-employed in agriculture,Literate,Middle,Employed,Employed,0.0,12009.0,Other Backward Class
TN-SYN-P-000000921,Coimbatore,31,Rural,70,Male,2,1,2,Others,Literate,Below Primary,Not in labour force,Not in labour force,0.0,3725.0,Other Backward Class
TN-SYN-P-000000922,Cuddalore,16,Rural,47,Male,2,1,5,Casual labour in agriculture,Literate,Middle,Not in labour force,Not in labour force,0.0,8392.0,Scheduled Caste
TN-SYN-P-000000923,Kanniyakumari,28,Urban,26,Male,1,5,5,Self-employed in agriculture,Literate,Diploma/Certificate,Employed,Employed,0.0,18618.0,Other Backward Class
TN-SYN-P-000000924,Thiruvallur,01,Rural,32,Male,1,5,3,Self-employed in agriculture,Literate,Diploma/Certificate,Unemployed,Unemployed,0.0,15877.0,Other Backward Class
TN-SYN-P-000000925,Thiruvallur,01,Urban,50,Female,3,1,3,Others,Literate,Secondary,Not in labour force,Not in labour force,0.0,8945.0,Other Backward Class
TN-SYN-P-000000926,Erode,09,Rural,36,Male,2,1,4,Regular wage/salary earning,Literate,Diploma/Certificate,Employed,Employed,22600.0,15755.0,Other Backward Class
TN-SYN-P-000000927,Virudhunagar,24,Urban,18,Female,1,5,4,Regular wage/salary earning,Literate,Higher Secondary,Not in labour force,Not in labour force,0.0,9508.0,Other Backward Class
TN-SYN-P-000000928,Vellore,04,Rural,57,Male,2,1,5,Regular wage/salary earning,Literate,Below Primary,Employed,Employed,0.0,10940.0,Other Backward Class
TN-SYN-P-000000929,Cuddalore,16,Rural,15,Male,1,5,2,Self-employed in agriculture,Literate,Secondary,Not in labour force,Not in labour force,0.0,6783.0,Other Backward Class
TN-SYN-P-000000930,Ramanathapuram,25,Rural,19,Male,1,5,4,Self-employed in non-agriculture,Literate,Higher Secondary,Not in labour force,Not in labour force,0.0,11592.0,Scheduled Caste
TN-SYN-P-000000931,Namakkal,08,Urban,23,Male,1,5,4,Self-employed in non-agriculture,Literate,Diploma/Certificate,Employed,Employed,43000.0,14950.0,Other Backward Class
TN-SYN-P-000000932,Tiruvannamalai,05,Rural,22,Male,1,5,4,Casual labour in non-agriculture,Literate,Middle,Not in labour force,Not in labour force,0.0,8540.0,Other Backward Class
TN-SYN-P-000000933,Dindigul,11,Rural,38,Male,2,1,4,Self-employed in non-agriculture,Literate,Primary,Employed,Employed,0.0,15614.0,Scheduled Caste
TN-SYN-P-000000934,Ranipet,35,Urban,36,Female,2,2,5,Regular wage/salary earning,Literate,Primary,Employed,Employed,0.0,14253.0,Other Backward Class
TN-SYN-P-000000935,Tiruchirappalli,13,Rural,17,Male,1,5,4,Casual labour in agriculture,Literate,Secondary,Unemployed,Unemployed,0.0,13205.0,Scheduled Caste
TN-SYN-P-000000936,Tiruppur,32,Urban,5,Male,1,5,4,Self-employed in agriculture,Illiterate,Not literate,Not in labour force,Not in labour force,0.0,14300.0,Other Backward Class
TN-SYN-P-000000937,Dindigul,11,Urban,21,Male,1,5,4,Others,Literate,Higher Secondary,Not in labour force,Not in labour force,0.0,13128.0,Others
TN-SYN-P-000000938,Unknown,37,Rural,38,Male,2,3,6,Self-employed in non-agriculture,Literate,Diploma/Certificate,Employed,Employed,0.0,7917.0,Other Backward Class
TN-SYN-P-000000939,Kallakurichi,34,Rural,30,Female,2,2,4,Self-employed in agriculture,Literate,Higher Secondary,Employed,Employed,0.0,9517.0,Other Backward Class
TN-SYN-P-000000940,Vellore,04,Rural,34,Female,3,1,4,Regular wage/salary earning,Literate,Middle,Employed,Employed,5500.0,8486.0,Other Backward Class
TN-SYN-P-000000941,Tiruvannamalai,05,Rural,40,Female,2,2,11,Self-employed in agriculture,Literate,Primary,Employed,Employed,0.0,31142.0,Other Backward Class
TN-SYN-P-000000942,Coimbatore,31,Urban,25,Female,1,1,1,Self-employed in non-agriculture,Literate,Diploma/Certificate,Employed,Employed,56200.0,7602.0,Other Backward Class
TN-SYN-P-000000943,Chennai,02,Urban,19,Female,1,5,5,Self-employed in agriculture,Literate,Diploma/Certificate,Not in labour force,Not in labour force,0.0,65125.0,Other Backward Class
TN-SYN-P-000000944,Thiruvallur,01,Rural,30,Male,2,3,6,Regular wage/salary earning,Literate,Middle,Unemployed,Unemployed,0.0,20068.0,Other Backward Class
TN-SYN-P-000000945,Pudukkottai,20,Rural,55,Female,2,2,2,Self-employed in agriculture,Literate,Middle,Employed,Employed,0.0,7553.0,Other Backward Class
TN-SYN-P-000000946,Madurai,22,Urban,46,Male,2,1,3,Self-employed in agriculture,Literate,Middle,Not in labour force,Not in labour force,0.0,7443.0,Other Backward Class
TN-SYN-P-000000947,Karur,12,Rural,61,Female,3,1,1,Others,Literate,Primary,Not in labour force,Not in labour force,0.0,3780.0,Other Backward Class
TN-SYN-P-000000948,Thiruvallur,01,Urban,50,Female,2,2,4,Self-employed in non-agriculture,Literate,Middle,Not in labour force,Not in labour force,0.0,10700.0,Other Backward Class
TN-SYN-P-000000949,Vellore,04,Rural,19,Female,2,4,4,Regular wage/salary earning,Literate,Higher Secondary,Not in labour force,Not in labour force,0.0,10525.0,Other Backward Class
TN-SYN-P-000000950,Kancheepuram,03,Rural,27,Male,1,5,8,Regular wage/salary earning,Literate,Diploma/Certificate,Unemployed,Unemployed,0.0,35417.0,Scheduled Caste
TN-SYN-P-000000951,Coimbatore,31,Urban,36,Male,2,1,3,Self-employed in non-agriculture,Literate,Secondary,Employed,Employed,23000.0,15458.0,Other Backward Class
TN-SYN-P-000000952,Sivaganga,21,Rural,40,Male,2,1,7,Casual labour in non-agriculture,Literate,Middle,Employed,Employed,0.0,10013.0,Other Backward Class
TN-SYN-P-000000953,Kallakurichi,34,Rural,41,Male,2,1,4,Casual labour in non-agriculture,Literate,Secondary,Employed,Employed,0.0,8903.0,Other Backward Class
TN-SYN-P-000000954,Tiruvannamalai,05,Urban,14,Female,1,5,4,Self-employed in non-agriculture,Literate,Middle,Not in labour force,Not in labour force,0.0,17046.0,Other Backward Class
TN-SYN-P-000000955,Salem,07,Urban,9,Male,1,5,4,Self-employed in non-agriculture,Literate,Below Primary,Not in labour force,Not in labour force,0.0,15377.0,Other Backward Class
TN-SYN-P-000000956,Dindigul,11,Urban,31,Male,2,1,4,Regular wage/salary earning,Literate,Middle,Employed,Employed,0.0,8913.0,Other Backward Class
TN-SYN-P-000000957,Kancheepuram,03,Rural,54,Female,2,2,8,Regular wage/salary earning,Illiterate,Not literate,Not in labour force,Not in labour force,0.0,35417.0,Scheduled Caste
TN-SYN-P-000000958,Thoothukudi,26,Urban,46,Male,2,1,4,Self-employed in non-agriculture,Illiterate,Not literate,Employed,Employed,15000.0,15608.0,Scheduled Caste
TN-SYN-P-000000959,Dindigul,11,Rural,27,Female,2,4,6,Regular wage/salary earning,Literate,Higher Secondary,Not in labour force,Not in labour force,0.0,11609.0,Other Backward Class
TN-SYN-P-000000960,Tiruchirappalli,13,Rural,26,Male,1,5,3,Regular wage/salary earning,Literate,Diploma/Certificate,Employed,Employed,12000.0,11648.0,Other Backward Class
TN-SYN-P-000000961,Coimbatore,31,Urban,6,Female,1,5,4,Self-employed in agriculture,Literate,Below Primary,Not in labour force,Not in labour force,0.0,11753.0,Other Backward Class
TN-SYN-P-000000962,Madurai,22,Urban,55,Female,2,2,2,Self-employed in agriculture,Literate,Below Primary,Employed,Employed,0.0,11095.0,Other Backward Class
TN-SYN-P-000000963,Thiruvarur,18,Rural,80,Female,2,2,2,Self-employed in agriculture,Illiterate,Not literate,Not in labour force,Not in labour force,0.0,7710.0,Other Backward Class
TN-SYN-P-000000964,Ranipet,35,Urban,49,Female,3,1,2,Self-employed in non-agriculture,Illiterate,Not literate,Employed,Employed,0.0,8807.0,Other Backward Class
TN-SYN-P-000000965,Thiruvarur,18,Rural,13,Male,1,5,4,Self-employed in non-agriculture,Literate,Primary,Not in labour force,Not in labour force,0.0,25633.0,Other Backward Class
TN-SYN-P-000000966,Tenkasi,33,Urban,55,Male,2,1,7,Self-employed in non-agriculture,Literate,Below Primary,Employed,Employed,0.0,28680.0,Others
TN-SYN-P-000000967,Kanniyakumari,28,Urban,0,Female,1,6,6,Self-employed in agriculture,Illiterate,Not literate,Not in labour force,Not in labour force,0.0,20897.0,Other Backward Class
TN-SYN-P-000000968,Theni,23,Urban,6,Male,1,6,8,Regular wage/salary earning,Literate,Below Primary,Not in labour force,Not in labour force,0.0,11674.0,Scheduled Caste
TN-SYN-P-000000969,Cuddalore,16,Rural,40,Female,2,2,2,Casual labour in non-agriculture,Literate,Primary,Employed,Employed,0.0,4808.0,Scheduled Caste
TN-SYN-P-000000970,Thiruvarur,18,Rural,41,Male,2,1,3,Regular wage/salary earning,Literate,Primary,Employed,Employed,17280.0,18465.0,Other Backward Class
TN-SYN-P-000000971,Tenkasi,33,Urban,44,Male,2,1,4,Self-employed in non-agriculture,Literate,Diploma/Certificate,Employed,Employed,32250.0,22651.0,Other Backward Class
TN-SYN-P-000000972,Krishnagiri,30,Urban,38,Female,2,2,2,Self-employed in non-agriculture,Literate,Secondary,Employed,Employed,12500.0,8208.0,Other Backward Class
TN-SYN-P-000000973,Vellore,04,Rural,20,Male,1,5,2,Self-employed in non-agriculture,Literate,Diploma/Certificate,Employed,Employed,0.0,9219.0,Other Backward Class
TN-SYN-P-000000974,Tiruchirappalli,13,Rural,60,Female,2,2,3,Regular wage/salary earning,Literate,Primary,Not in labour force,Not in labour force,0.0,11648.0,Other Backward Class
TN-SYN-P-000000975,Dindigul,11,Rural,27,Female,2,4,6,Regular wage/salary earning,Literate,Higher Secondary,Not in labour force,Not in labour force,0.0,11609.0,Other Backward Class
TN-SYN-P-000000976,Ramanathapuram,25,Urban,55,Female,2,2,6,Self-employed in non-agriculture,Illiterate,Not literate,Not in labour force,Not in labour force,0.0,24667.0,Other Backward Class
TN-SYN-P-000000977,Viluppuram,06,Rural,34,Female,2,4,7,Casual labour in non-agriculture,Literate,Diploma/Certificate,Not in labour force,Not in labour force,0.0,9800.0,Scheduled Caste
TN-SYN-P-000000978,Tiruvannamalai,05,Rural,11,Male,1,5,4,Regular wage/salary earning,Literate,Primary,Not in labour force,Not in labour force,0.0,6580.0,Other Backward Class
TN-SYN-P-000000979,Tiruvannamalai,05,Urban,26,Female,1,5,3,Self-employed in non-agriculture,Literate,Diploma/Certificate,Employed,Employed,60000.0,18090.0,Other Backward Class
TN-SYN-P-000000980,Chennai,02,Urban,60,Male,2,1,4,Self-employed in agriculture,Literate,Diploma/Certificate,Not in labour force,Not in labour force,0.0,22843.0,Other Backward Class
TN-SYN-P-000000981,Chennai,02,Urban,30,Male,2,1,4,Self-employed in non-agriculture,Literate,Diploma/Certificate,Employed,Employed,48000.0,19533.0,Other Backward Class
TN-SYN-P-000000982,Thiruvarur,18,Rural,21,Female,1,5,5,Self-employed in agriculture,Literate,Diploma/Certificate,Not in labour force,Not in labour force,0.0,15933.0,Scheduled Caste
TN-SYN-P-000000983,Chennai,02,Urban,50,Female,2,2,4,Self-employed in non-agriculture,Literate,Middle,Unemployed,Unemployed,0.0,22372.0,Other Backward Class
TN-SYN-P-000000984,Ranipet,35,Rural,4,Female,1,6,5,Casual labour in non-agriculture,Illiterate,Not literate,Not in labour force,Not in labour force,0.0,8147.0,Scheduled Caste
TN-SYN-P-000000985,Dharmapuri,29,Rural,43,Female,2,2,4,Regular wage/salary earning,Literate,Primary,Employed,Employed,0.0,14797.0,Other Backward Class
TN-SYN-P-000000986,Sivaganga,21,Urban,23,Female,2,4,4,Self-employed in non-agriculture,Literate,Higher Secondary,Not in labour force,Not in labour force,0.0,13125.0,Other Backward Class
TN-SYN-P-000000987,Coimbatore,31,Urban,59,Male,2,1,3,Self-employed in non-agriculture,Literate,Secondary,Employed,Employed,0.0,11372.0,Other Backward Class
TN-SYN-P-000000988,Krishnagiri,30,Urban,49,Male,2,2,3,Regular wage/salary earning,Literate,Primary,Employed,Employed,0.0,7777.0,Other Backward Class
TN-SYN-P-000000989,Vellore,04,Rural,31,Male,1,5,5,Regular wage/salary earning,Literate,Primary,Employed,Employed,12000.0,10405.0,Scheduled Caste
TN-SYN-P-000000990,Thanjavur,19,Rural,33,Female,2,2,4,Casual labour in agriculture,Literate,Diploma/Certificate,Employed,Employed,0.0,19238.0,Other Backward Class
TN-SYN-P-000000991,Ramanathapuram,25,Rural,12,Female,1,5,3,Casual labour in agriculture,Literate,Primary,Not in labour force,Not in labour force,0.0,7458.0,Other Backward Class
TN-SYN-P-000000992,Krishnagiri,30,Rural,43,Male,2,1,4,Casual labour in non-agriculture,Illiterate,Not literate,Employed,Employed,0.0,11218.0,Other Backward Class
TN-SYN-P-000000993,Cuddalore,16,Rural,2,Male,1,5,4,Self-employed in non-agriculture,Illiterate,Not literate,Not in labour force,Not in labour force,0.0,10575.0,Scheduled Caste
TN-SYN-P-000000994,Unknown,37,Rural,9,Male,1,5,4,Self-employed in agriculture,Literate,Below Primary,Not in labour force,Not in labour force,0.0,11042.0,Scheduled Caste
TN-SYN-P-000000995,Chennai,02,Urban,38,Male,1,1,3,Self-employed in agriculture,Literate,Primary,Employed,Employed,0.0,19493.0,Other Backward Class
TN-SYN-P-000000996,Salem,07,Urban,16,Male,1,5,3,Self-employed in non-agriculture,Literate,Secondary,Not in labour force,Not in labour force,0.0,12883.0,Other Backward Class
TN-SYN-P-000000997,Cuddalore,16,Urban,60,Male,2,1,4,Regular wage/salary earning,Illiterate,Not literate,Not in labour force,Not in labour force,0.0,10117.0,Other Backward Class
TN-SYN-P-000000998,Salem,07,Rural,20,Male,1,5,3,Others,Literate,Higher Secondary,Not in labour force,Not in labour force,0.0,16500.0,Other Backward Class
TN-SYN-P-000000999,Chennai,02,Urban,24,Female,1,5,6,Self-employed in non-agriculture,Literate,Diploma/Certificate,Employed,Employed,38000.0,24035.0,Other Backward Class
TN-SYN-P-000001000,Tenkasi,33,Rural,79,Male,2,1,2,Others,Literate,Secondary,Not in labour force,Not in labour force,0.0,25680.0,Other Backward Class
