district,district_code,urban_rural,age,gender,marital_status,relationship_to_head,household_size,household_type,literacy_status,education_level,labour_force_status,employment_status,individual_income,consumption_expenditure,social_group,synthetic_data_label
Thanjavur,19,Urban,15,Female,1,5,4,Self-employed in agriculture,Literate,Secondary,Not in labour force,Not in labour force,0.0,15683.0,Other Backward Class,RESAMPLED_BASELINE
Krishnagiri,30,Rural,48,Female,2,2,4,Regular wage/salary earning,Literate,Primary,Not in labour force,Not in labour force,0.0,11086.0,Scheduled Caste,RESAMPLED_BASELINE
Chennai,02,Urban,77,Female,2,2,2,Self-employed in agriculture,Literate,Diploma/Certificate,Not in labour force,Not in labour force,0.0,33925.0,Other Backward Class,RESAMPLED_BASELINE
Ranipet,35,Rural,9,Male,1,5,4,Casual labour in non-agriculture,Literate,Below Primary,Not in labour force,Not in labour force,0.0,8961.0,Other Backward Class,RESAMPLED_BASELINE
Dindigul,11,Rural,41,Female,2,2,5,Casual labour in non-agriculture,Literate,Higher Secondary,Employed,Employed,0.0,16097.0,Scheduled Caste,RESAMPLED_BASELINE
Thiruvallur,01,Rural,62,Male,2,1,2,Self-employed in agriculture,Illiterate,Not literate,Employed,Employed,0.0,9783.0,Scheduled Caste,RESAMPLED_BASELINE
Salem,07,Rural,6,Male,1,6,7,Casual labour in non-agriculture,Illiterate,Not literate,Not in labour force,Not in labour force,0.0,21017.0,Scheduled Caste,RESAMPLED_BASELINE
Dharmapuri,29,Urban,48,Male,2,1,5,Self-employed in agriculture,Literate,Middle,Employed,Employed,0.0,14889.0,Scheduled Caste,RESAMPLED_BASELINE
Tirupathur,36,Urban,37,Female,4,3,5,Self-employed in non-agriculture,Literate,Primary,Employed,Employed,8000.0,9469.0,Other Backward Class,RESAMPLED_BASELINE
Tenkasi,33,Urban,18,Male,1,5,4,Self-employed in non-agriculture,Literate,Higher Secondary,Not in labour force,Not in labour force,0.0,15755.0,Other Backward Class,RESAMPLED_BASELINE
Thanjavur,19,Urban,66,Male,3,1,4,Self-employed in agriculture,Literate,Secondary,Employed,Employed,0.0,32644.0,Other Backward Class,RESAMPLED_BASELINE
Chennai,02,Urban,60,Male,2,1,2,Others,Literate,Primary,Not in labour force,Not in labour force,0.0,10267.0,Others,RESAMPLED_BASELINE
Dharmapuri,29,Urban,40,Female,2,2,4,Self-employed in non-agriculture,Literate,Middle,Employed,Employed,0.0,13113.0,Other Backward Class,RESAMPLED_BASELINE
Salem,07,Rural,62,Male,2,1,3,Others,Literate,Middle,Not in labour force,Not in labour force,0.0,10883.0,Scheduled Caste,RESAMPLED_BASELINE
Coimbatore,31,Urban,54,Male,2,1,5,Self-employed in non-agriculture,Literate,Diploma/Certificate,Employed,Employed,95800.0,41120.0,Other Backward Class,RESAMPLED_BASELINE
The Nilgiris,10,Rural,79,Male,2,1,5,Self-employed in agriculture,Literate,Primary,Not in labour force,Not in labour force,0.0,13558.0,Scheduled Caste,RESAMPLED_BASELINE
Kallakurichi,34,Urban,16,Female,1,5,6,Self-employed in agriculture,Literate,Secondary,Not in labour force,Not in labour force,0.0,16483.0,Other Backward Class,RESAMPLED_BASELINE
Ariyalur,15,Rural,65,Female,3,1,1,Casual labour in agriculture,Illiterate,Not literate,Employed,Employed,0.0,5325.0,Scheduled Caste,RESAMPLED_BASELINE
Krishnagiri,30,Rural,24,Female,2,4,8,Regular wage/salary earning,Literate,Diploma/Certificate,Not in labour force,Not in labour force,0.0,17230.0,Other Backward Class,RESAMPLED_BASELINE
Krishnagiri,30,Rural,56,Female,2,1,2,Casual labour in agriculture,Illiterate,Not literate,Employed,Employed,0.0,4053.0,Other Backward Class,RESAMPLED_BASELINE
Tirunelveli,27,Urban,60,Female,3,1,9,Self-employed in agriculture,Literate,Primary,Not in labour force,Not in labour force,0.0,37205.0,Other Backward Class,RESAMPLED_BASELINE
Krishnagiri,30,Rural,20,Female,1,5,3,Self-employed in agriculture,Literate,Higher Secondary,Not in labour force,Not in labour force,0.0,5019.0,Other Backward Class,RESAMPLED_BASELINE
Viluppuram,06,Rural,42,Female,2,2,3,Regular wage/salary earning,Literate,Secondary,Not in labour force,Not in labour force,0.0,15458.0,Other Backward Class,RESAMPLED_BASELINE
Thiruvallur,01,Urban,28,Female,2,2,3,Self-employed in non-agriculture,Literate,Diploma/Certificate,Not in labour force,Not in labour force,0.0,15650.0,Other Backward Class,RESAMPLED_BASELINE
Thiruvallur,01,Urban,29,Male,1,5,5,Self-employed in non-agriculture,Literate,Diploma/Certificate,Employed,Employed,45000.0,16110.0,Other Backward Class,RESAMPLED_BASELINE
Kallakurichi,34,Rural,25,Female,2,2,4,Self-employed in non-agriculture,Literate,Middle,Not in labour force,Not in labour force,0.0,8733.0,Other Backward Class,RESAMPLED_BASELINE
Tiruchirappalli,13,Rural,61,Female,3,1,2,Casual labour in agriculture,Literate,Below Primary,Employed,Employed,0.0,7265.0,Other Backward Class,RESAMPLED_BASELINE
Tirunelveli,27,Rural,56,Female,3,1,6,Regular wage/salary earning,Literate,Primary,Employed,Employed,8000.0,19575.0,Other Backward Class,RESAMPLED_BASELINE
Tiruvannamalai,05,Rural,70,Female,3,1,1,Others,Illiterate,Not literate,Not in labour force,Not in labour force,0.0,2617.0,Scheduled Caste,RESAMPLED_BASELINE
Kallakurichi,34,Rural,16,Male,1,6,7,Casual labour in agriculture,Literate,Secondary,Not in labour force,Not in labour force,0.0,10888.0,Scheduled Tribe,RESAMPLED_BASELINE
Namakkal,08,Urban,70,Female,3,1,1,Regular wage/salary earning,Illiterate,Not literate,Employed,Employed,0.0,1658.0,Scheduled Caste,RESAMPLED_BASELINE
Thoothukudi,26,Urban,37,Male,2,1,4,Self-employed in agriculture,Literate,Diploma/Certificate,Employed,Employed,0.0,17147.0,Scheduled Tribe,RESAMPLED_BASELINE
Salem,07,Rural,35,Male,2,1,6,Casual labour in non-agriculture,Literate,Middle,Employed,Employed,0.0,9942.0,Other Backward Class,RESAMPLED_BASELINE
Namakkal,08,Urban,79,Female,3,7,7,Regular wage/salary earning,Illiterate,Not literate,Not in labour force,Not in labour force,0.0,11802.0,Other Backward Class,RESAMPLED_BASELINE
Tenkasi,33,Urban,65,Male,2,1,1,Others,Literate,Secondary,Not in labour force,Not in labour force,0.0,8862.0,Other Backward Class,RESAMPLED_BASELINE
Cuddalore,16,Rural,2,Male,1,5,4,Self-employed in non-agriculture,Illiterate,Not literate,Not in labour force,Not in labour force,0.0,10808.0,Scheduled Caste,RESAMPLED_BASELINE
Madurai,22,Rural,73,Male,2,1,2,Others,Illiterate,Not literate,Not in labour force,Not in labour force,0.0,4247.0,Other Backward Class,RESAMPLED_BASELINE
Tenkasi,33,Rural,45,Male,2,2,5,Regular wage/salary earning,Literate,Below Primary,Employed,Employed,0.0,11152.0,Scheduled Caste,RESAMPLED_BASELINE
Thiruvarur,18,Rural,56,Female,2,7,4,Others,Literate,Primary,Not in labour force,Not in labour force,0.0,22000.0,Other Backward Class,RESAMPLED_BASELINE
Theni,23,Rural,37,Female,2,2,5,Casual labour in non-agriculture,Literate,Secondary,Not in labour force,Not in labour force,0.0,10843.0,Other Backward Class,RESAMPLED_BASELINE
Thiruvallur,01,Urban,75,Female,3,1,4,Self-employed in non-agriculture,Literate,Secondary,Not in labour force,Not in labour force,0.0,12953.0,Other Backward Class,RESAMPLED_BASELINE
Salem,07,Urban,22,Female,2,2,2,Self-employed in agriculture,Literate,Higher Secondary,Employed,Employed,0.0,6692.0,Other Backward Class,RESAMPLED_BASELINE
Madurai,22,Urban,50,Female,2,2,4,Self-employed in non-agriculture,Literate,Diploma/Certificate,Employed,Employed,20000.0,27750.0,Other Backward Class,RESAMPLED_BASELINE
Theni,23,Urban,9,Male,1,5,4,Self-employed in non-agriculture,Literate,Below Primary,Not in labour force,Not in labour force,0.0,10977.0,Other Backward Class,RESAMPLED_BASELINE
Krishnagiri,30,Rural,4,Male,1,6,8,Regular wage/salary earning,Illiterate,Not literate,Not in labour force,Not in labour force,0.0,17230.0,Other Backward Class,RESAMPLED_BASELINE
Tiruvannamalai,05,Rural,26,Male,1,5,4,Regular wage/salary earning,Literate,Diploma/Certificate,Not in labour force,Not in labour force,0.0,7037.0,Scheduled Caste,RESAMPLED_BASELINE
Chennai,02,Urban,73,Female,3,1,1,Others,Literate,Middle,Not in labour force,Not in labour force,0.0,8257.0,Other Backward Class,RESAMPLED_BASELINE
Kallakurichi,34,Rural,58,Male,2,1,2,Self-employed in agriculture,Literate,Primary,Employed,Employed,0.0,7933.0,Other Backward Class,RESAMPLED_BASELINE
Perambalur,14,Rural,22,Female,2,4,8,Self-employed in non-agriculture,Literate,Diploma/Certificate,Not in labour force,Not in labour force,0.0,16833.0,Other Backward Class,RESAMPLED_BASELINE
Tiruchirappalli,13,Urban,4,Female,1,5,5,Self-employed in non-agriculture,Illiterate,Not literate,Not in labour force,Not in labour force,0.0,21114.0,Other Backward Class,RESAMPLED_BASELINE
Salem,07,Urban,7,Male,1,5,5,Self-employed in agriculture,Literate,Below Primary,Not in labour force,Not in labour force,0.0,20204.0,Other Backward Class,RESAMPLED_BASELINE
Tenkasi,33,Urban,4,Female,1,5,5,Self-employed in non-agriculture,Illiterate,Not literate,Not in labour force,Not in labour force,0.0,12625.0,Other Backward Class,RESAMPLED_BASELINE
Perambalur,14,Rural,39,Female,2,1,3,Self-employed in agriculture,Literate,Middle,Employed,Employed,0.0,9251.0,Other Backward Class,RESAMPLED_BASELINE
Tirupathur,36,Rural,32,Male,1,5,5,Regular wage/salary earning,Literate,Middle,Employed,Employed,12000.0,9878.0,Other Backward Class,RESAMPLED_BASELINE
Chennai,02,Urban,45,Female,2,2,6,Self-employed in non-agriculture,Literate,Middle,Not in labour force,Not in labour force,0.0,24035.0,Other Backward Class,RESAMPLED_BASELINE
Viluppuram,06,Rural,1,Female,1,5,6,Regular wage/salary earning,Illiterate,Not literate,Not in labour force,Not in labour force,0.0,16725.0,Scheduled Caste,RESAMPLED_BASELINE
Cuddalore,16,Urban,72,Female,3,7,4,Self-employed in non-agriculture,Illiterate,Not literate,Not in labour force,Not in labour force,0.0,9267.0,Other Backward Class,RESAMPLED_BASELINE
Dindigul,11,Rural,28,Male,2,1,3,Self-employed in non-agriculture,Literate,Higher Secondary,Employed,Employed,0.0,6408.0,Other Backward Class,RESAMPLED_BASELINE
Dindigul,11,Urban,41,Male,2,1,4,Self-employed in non-agriculture,Literate,Diploma/Certificate,Employed,Employed,55000.0,40600.0,Other Backward Class,RESAMPLED_BASELINE
Tiruvannamalai,05,Rural,75,Female,3,7,4,Self-employed in agriculture,Illiterate,Not literate,Not in labour force,Not in labour force,0.0,9378.0,Other Backward Class,RESAMPLED_BASELINE
Tenkasi,33,Urban,33,Female,2,2,2,Self-employed in agriculture,Literate,Diploma/Certificate,Not in labour force,Not in labour force,0.0,16008.0,Other Backward Class,RESAMPLED_BASELINE
Namakkal,08,Urban,11,Male,1,5,4,Regular wage/salary earning,Literate,Primary,Not in labour force,Not in labour force,0.0,15438.0,Other Backward Class,RESAMPLED_BASELINE
Tiruppur,32,Rural,40,Female,3,3,4,Regular wage/salary earning,Literate,Below Primary,Employed,Employed,0.0,6758.0,Scheduled Caste,RESAMPLED_BASELINE
The Nilgiris,10,Rural,38,Female,2,6,5,Self-employed in agriculture,Literate,Middle,Employed,Employed,0.0,13558.0,Scheduled Caste,RESAMPLED_BASELINE
Pudukkottai,20,Rural,25,Male,1,5,3,Self-employed in agriculture,Literate,Middle,Employed,Employed,12000.0,8241.0,Other Backward Class,RESAMPLED_BASELINE
Chennai,02,Urban,51,Male,2,1,5,Self-employed in non-agriculture,Literate,Middle,Employed,Employed,16736.0,14403.0,Other Backward Class,RESAMPLED_BASELINE
Viluppuram,06,Rural,32,Female,2,4,7,Casual labour in non-agriculture,Literate,Middle,Employed,Employed,0.0,9000.0,Scheduled Caste,RESAMPLED_BASELINE
Tenkasi,33,Rural,74,Female,2,2,2,Others,Literate,Middle,Not in labour force,Not in labour force,0.0,25680.0,Other Backward Class,RESAMPLED_BASELINE
Erode,09,Rural,7,Male,1,5,4,Self-employed in non-agriculture,Literate,Below Primary,Not in labour force,Not in labour force,0.0,8353.0,Scheduled Caste,RESAMPLED_BASELINE
Kallakurichi,34,Rural,50,Female,2,2,2,Self-employed in non-agriculture,Literate,Middle,Employed,Employed,0.0,7183.0,Other Backward Class,RESAMPLED_BASELINE
Kancheepuram,03,Urban,37,Male,2,1,4,Self-employed in non-agriculture,Literate,Diploma/Certificate,Employed,Employed,38000.0,30610.0,Other Backward Class,RESAMPLED_BASELINE
Virudhunagar,24,Rural,32,Female,2,2,3,Casual labour in non-agriculture,Literate,Middle,Employed,Employed,0.0,8933.0,Other Backward Class,RESAMPLED_BASELINE
Ramanathapuram,25,Rural,11,Male,1,5,5,Self-employed in non-agriculture,Literate,Primary,Not in labour force,Not in labour force,0.0,16268.0,Other Backward Class,RESAMPLED_BASELINE
Tiruppur,32,Urban,8,Female,1,5,4,Self-employed in agriculture,Literate,Below Primary,Not in labour force,Not in labour force,0.0,14300.0,Other Backward Class,RESAMPLED_BASELINE
Coimbatore,31,Rural,5,Male,1,5,4,Regular wage/salary earning,Literate,Below Primary,Not in labour force,Not in labour force,0.0,14477.0,Other Backward Class,RESAMPLED_BASELINE
Ranipet,35,Rural,54,Female,2,2,5,Casual labour in non-agriculture,Literate,Middle,Employed,Employed,8000.0,8147.0,Scheduled Caste,RESAMPLED_BASELINE
Dindigul,11,Rural,34,Female,2,2,4,Self-employed in agriculture,Illiterate,Not literate,Employed,Employed,0.0,16287.0,Scheduled Caste,RESAMPLED_BASELINE
Sivaganga,21,Rural,12,Male,1,5,7,Casual labour in non-agriculture,Literate,Primary,Not in labour force,Not in labour force,0.0,10013.0,Other Backward Class,RESAMPLED_BASELINE
Salem,07,Urban,27,Male,1,5,3,Self-employed in non-agriculture,Literate,Diploma/Certificate,Employed,Employed,15000.0,10908.0,Other Backward Class,RESAMPLED_BASELINE
Dindigul,11,Rural,9,Female,1,5,4,Self-employed in agriculture,Literate,Below Primary,Not in labour force,Not in labour force,0.0,16287.0,Scheduled Caste,RESAMPLED_BASELINE
Salem,07,Urban,53,Male,2,1,4,Self-employed in agriculture,Literate,Higher Secondary,Employed,Employed,0.0,25575.0,Other Backward Class,RESAMPLED_BASELINE
Tiruchirappalli,13,Urban,9,Male,1,5,4,Others,Literate,Below Primary,Not in labour force,Not in labour force,0.0,15990.0,Other Backward Class,RESAMPLED_BASELINE
Tiruchirappalli,13,Urban,38,Male,2,1,4,Self-employed in agriculture,Literate,Middle,Employed,Employed,0.0,16100.0,Other Backward Class,RESAMPLED_BASELINE
Pudukkottai,20,Urban,0,Male,1,6,5,Regular wage/salary earning,Illiterate,Not literate,Not in labour force,Not in labour force,0.0,11569.0,Scheduled Caste,RESAMPLED_BASELINE
Virudhunagar,24,Rural,61,Female,3,1,1,Others,Illiterate,Not literate,Not in labour force,Not in labour force,0.0,5165.0,Other Backward Class,RESAMPLED_BASELINE
Virudhunagar,24,Rural,9,Male,1,5,4,Self-employed in non-agriculture,Literate,Below Primary,Not in labour force,Not in labour force,0.0,10332.0,Other Backward Class,RESAMPLED_BASELINE
Dindigul,11,Urban,2,Female,1,6,5,Self-employed in non-agriculture,Illiterate,Not literate,Not in labour force,Not in labour force,0.0,19537.0,Other Backward Class,RESAMPLED_BASELINE
Namakkal,08,Rural,19,Female,1,5,5,Casual labour in non-agriculture,Literate,Higher Secondary,Not in labour force,Not in labour force,0.0,13108.0,Other Backward Class,RESAMPLED_BASELINE
Vellore,04,Rural,62,Female,3,1,4,Casual labour in non-agriculture,Illiterate,Not literate,Not in labour force,Not in labour force,0.0,8703.0,Other Backward Class,RESAMPLED_BASELINE
Krishnagiri,30,Rural,59,Female,3,7,7,Casual labour in non-agriculture,Illiterate,Not literate,Employed,Employed,0.0,14286.0,Other Backward Class,RESAMPLED_BASELINE
Tenkasi,33,Urban,59,Male,2,1,2,Regular wage/salary earning,Literate,Middle,Employed,Employed,0.0,8737.0,Other Backward Class,RESAMPLED_BASELINE
Cuddalore,16,Rural,7,Male,1,5,4,Regular wage/salary earning,Literate,Below Primary,Not in labour force,Not in labour force,0.0,11175.0,Other Backward Class,RESAMPLED_BASELINE
Salem,07,Urban,5,Female,1,5,4,Self-employed in agriculture,Illiterate,Not literate,Not in labour force,Not in labour force,0.0,16329.0,Other Backward Class,RESAMPLED_BASELINE
Chennai,02,Urban,42,Male,2,1,4,Self-employed in non-agriculture,Literate,Diploma/Certificate,Employed,Employed,25000.0,33568.0,Other Backward Class,RESAMPLED_BASELINE
Tirunelveli,27,Urban,0,Male,1,6,5,Self-employed in agriculture,Illiterate,Not literate,Not in labour force,Not in labour force,0.0,11833.0,Other Backward Class,RESAMPLED_BASELINE
Chennai,02,Urban,9,Female,1,5,4,Self-employed in non-agriculture,Literate,Below Primary,Not in labour force,Not in labour force,0.0,20683.0,Others,RESAMPLED_BASELINE
Dharmapuri,29,Rural,62,Male,2,1,6,Self-employed in non-agriculture,Illiterate,Not literate,Employed,Employed,0.0,16809.0,Other Backward Class,RESAMPLED_BASELINE
Coimbatore,31,Urban,23,Female,1,5,4,Self-employed in non-agriculture,Literate,Diploma/Certificate,Unemployed,Unemployed,0.0,16710.0,Other Backward Class,RESAMPLED_BASELINE
Krishnagiri,30,Rural,30,Female,2,2,4,Regular wage/salary earning,Literate,Middle,Not in labour force,Not in labour force,0.0,10692.0,Other Backward Class,RESAMPLED_BASELINE
Thanjavur,19,Urban,34,Female,2,4,8,Self-employed in non-agriculture,Literate,Middle,Not in labour force,Not in labour force,0.0,17220.0,Other Backward Class,RESAMPLED_BASELINE
Tenkasi,33,Rural,12,Female,1,5,4,Self-employed in non-agriculture,Literate,Primary,Not in labour force,Not in labour force,0.0,17835.0,Other Backward Class,RESAMPLED_BASELINE
The Nilgiris,10,Urban,11,Male,1,5,5,Self-employed in non-agriculture,Literate,Primary,Not in labour force,Not in labour force,0.0,18053.0,Other Backward Class,RESAMPLED_BASELINE
Madurai,22,Urban,22,Female,2,4,4,Self-employed in agriculture,Literate,Diploma/Certificate,Not in labour force,Not in labour force,0.0,29517.0,Other Backward Class,RESAMPLED_BASELINE
Chennai,02,Urban,8,Male,1,5,5,Regular wage/salary earning,Literate,Below Primary,Not in labour force,Not in labour force,0.0,17847.0,Other Backward Class,RESAMPLED_BASELINE
Kancheepuram,03,Urban,45,Male,2,1,3,Regular wage/salary earning,Literate,Primary,Employed,Employed,0.0,15317.0,Other Backward Class,RESAMPLED_BASELINE
Coimbatore,31,Urban,54,Male,2,1,6,Self-employed in non-agriculture,Literate,Primary,Not in labour force,Not in labour force,0.0,29382.0,Other Backward Class,RESAMPLED_BASELINE
Madurai,22,Urban,50,Male,2,1,3,Self-employed in non-agriculture,Literate,Primary,Employed,Employed,7000.0,20823.0,Other Backward Class,RESAMPLED_BASELINE
Ramanathapuram,25,Rural,45,Male,2,3,4,Self-employed in agriculture,Literate,Middle,Employed,Employed,0.0,9750.0,Other Backward Class,RESAMPLED_BASELINE
Thiruvallur,01,Rural,50,Female,3,1,4,Regular wage/salary earning,Literate,Middle,Employed,Employed,9000.0,12783.0,Scheduled Caste,RESAMPLED_BASELINE
Viluppuram,06,Rural,13,Male,1,5,3,Regular wage/salary earning,Literate,Middle,Not in labour force,Not in labour force,0.0,15458.0,Other Backward Class,RESAMPLED_BASELINE
Sivaganga,21,Urban,15,Male,1,5,4,Self-employed in agriculture,Literate,Secondary,Not in labour force,Not in labour force,0.0,11417.0,Other Backward Class,RESAMPLED_BASELINE
Tiruchirappalli,13,Rural,60,Female,2,2,2,Self-employed in agriculture,Literate,Primary,Employed,Employed,0.0,10202.0,Scheduled Caste,RESAMPLED_BASELINE
Tiruppur,32,Rural,49,Male,2,1,3,Casual labour in agriculture,Literate,Below Primary,Employed,Employed,0.0,11873.0,Scheduled Caste,RESAMPLED_BASELINE
Kallakurichi,34,Rural,44,Male,2,1,4,Self-employed in agriculture,Literate,Primary,Employed,Employed,0.0,8317.0,Scheduled Caste,RESAMPLED_BASELINE
Pudukkottai,20,Rural,40,Male,2,4,3,Regular wage/salary earning,Literate,Middle,Employed,Employed,10500.0,6276.0,Scheduled Caste,RESAMPLED_BASELINE
Thanjavur,19,Urban,19,Male,1,5,4,Self-employed in non-agriculture,Literate,Higher Secondary,Not in labour force,Not in labour force,0.0,15717.0,Other Backward Class,RESAMPLED_BASELINE
Salem,07,Urban,4,Male,1,5,4,Self-employed in non-agriculture,Illiterate,Not literate,Not in labour force,Not in labour force,0.0,15377.0,Other Backward Class,RESAMPLED_BASELINE
Tirunelveli,27,Urban,15,Female,1,5,5,Self-employed in agriculture,Literate,Middle,Not in labour force,Not in labour force,0.0,15450.0,Other Backward Class,RESAMPLED_BASELINE
Thoothukudi,26,Rural,3,Female,1,5,5,Regular wage/salary earning,Illiterate,Not literate,Not in labour force,Not in labour force,0.0,12248.0,Other Backward Class,RESAMPLED_BASELINE
Namakkal,08,Rural,42,Female,2,2,3,Casual labour in non-agriculture,Literate,Primary,Employed,Employed,0.0,17625.0,Other Backward Class,RESAMPLED_BASELINE
Cuddalore,16,Urban,42,Female,2,3,4,Self-employed in agriculture,Literate,Middle,Not in labour force,Not in labour force,0.0,10200.0,Other Backward Class,RESAMPLED_BASELINE
Perambalur,14,Urban,50,Male,2,4,7,Self-employed in non-agriculture,Literate,Middle,Employed,Employed,12000.0,17657.0,Other Backward Class,RESAMPLED_BASELINE
Erode,09,Urban,11,Male,1,5,4,Self-employed in non-agriculture,Literate,Primary,Not in labour force,Not in labour force,0.0,22477.0,Other Backward Class,RESAMPLED_BASELINE
Tiruppur,32,Urban,21,Female,1,5,3,Self-employed in non-agriculture,Literate,Higher Secondary,Not in labour force,Not in labour force,0.0,15302.0,Other Backward Class,RESAMPLED_BASELINE
Chennai,02,Urban,34,Male,2,3,5,Self-employed in non-agriculture,Literate,Middle,Employed,Employed,20000.0,23054.0,Scheduled Caste,RESAMPLED_BASELINE
Nagapattinam,17,Urban,28,Female,2,4,5,Self-employed in agriculture,Literate,Diploma/Certificate,Not in labour force,Not in labour force,0.0,16639.0,Other Backward Class,RESAMPLED_BASELINE
Kallakurichi,34,Rural,22,Male,1,5,4,Self-employed in agriculture,Literate,Diploma/Certificate,Not in labour force,Not in labour force,0.0,13967.0,Other Backward Class,RESAMPLED_BASELINE
Kancheepuram,03,Rural,29,Male,2,3,5,Self-employed in non-agriculture,Literate,Diploma/Certificate,Employed,Employed,0.0,39367.0,Scheduled Caste,RESAMPLED_BASELINE
Chennai,02,Urban,7,Female,1,5,4,Self-employed in non-agriculture,Literate,Below Primary,Not in labour force,Not in labour force,0.0,24034.0,Others,RESAMPLED_BASELINE
Namakkal,08,Rural,55,Female,2,2,2,Casual labour in agriculture,Illiterate,Not literate,Employed,Employed,0.0,3267.0,Scheduled Caste,RESAMPLED_BASELINE
Namakkal,08,Urban,45,Female,2,2,2,Self-employed in non-agriculture,Literate,Middle,Not in labour force,Not in labour force,0.0,7050.0,Scheduled Caste,RESAMPLED_BASELINE
Madurai,22,Urban,55,Female,3,8,6,Regular wage/salary earning,Illiterate,Not literate,Not in labour force,Not in labour force,0.0,15043.0,Other Backward Class,RESAMPLED_BASELINE
Sivaganga,21,Rural,36,Male,2,1,3,Casual labour in non-agriculture,Literate,Middle,Employed,Employed,0.0,10288.0,Scheduled Caste,RESAMPLED_BASELINE
Coimbatore,31,Urban,11,Male,1,5,4,Self-employed in agriculture,Literate,Primary,Not in labour force,Not in labour force,0.0,22013.0,Other Backward Class,RESAMPLED_BASELINE
Kancheepuram,03,Rural,43,Female,2,2,4,Regular wage/salary earning,Literate,Below Primary,Employed,Employed,8000.0,22592.0,Other Backward Class,RESAMPLED_BASELINE
Tiruvannamalai,05,Rural,46,Male,2,1,2,Self-employed in agriculture,Illiterate,Not literate,Employed,Employed,0.0,9050.0,Scheduled Caste,RESAMPLED_BASELINE
Sivaganga,21,Rural,46,Female,2,2,3,Casual labour in non-agriculture,Literate,Middle,Employed,Employed,0.0,8517.0,Scheduled Caste,RESAMPLED_BASELINE
Dharmapuri,29,Urban,46,Female,3,1,2,Regular wage/salary earning,Literate,Primary,Employed,Employed,0.0,6903.0,Other Backward Class,RESAMPLED_BASELINE
Dindigul,11,Rural,36,Male,2,3,6,Self-employed in agriculture,Literate,Secondary,Employed,Employed,0.0,22437.0,Other Backward Class,RESAMPLED_BASELINE
Erode,09,Rural,20,Male,1,5,4,Regular wage/salary earning,Literate,Secondary,Employed,Employed,17500.0,15000.0,Other Backward Class,RESAMPLED_BASELINE
Chennai,02,Urban,81,Female,2,2,3,Self-employed in non-agriculture,Literate,Diploma/Certificate,Not in labour force,Not in labour force,0.0,12575.0,Others,RESAMPLED_BASELINE
Ariyalur,15,Rural,4,Female,1,5,4,Casual labour in agriculture,Illiterate,Not literate,Not in labour force,Not in labour force,0.0,9037.0,Scheduled Caste,RESAMPLED_BASELINE
Tiruvannamalai,05,Rural,75,Male,2,1,3,Self-employed in non-agriculture,Illiterate,Not literate,Not in labour force,Not in labour force,0.0,3475.0,Other Backward Class,RESAMPLED_BASELINE
Cuddalore,16,Rural,12,Female,1,5,5,Casual labour in non-agriculture,Literate,Primary,Not in labour force,Not in labour force,0.0,13983.0,Other Backward Class,RESAMPLED_BASELINE
Kancheepuram,03,Rural,4,Female,1,6,8,Regular wage/salary earning,Illiterate,Not literate,Not in labour force,Not in labour force,0.0,35417.0,Scheduled Caste,RESAMPLED_BASELINE
Tenkasi,33,Urban,25,Male,1,5,4,Self-employed in non-agriculture,Literate,Higher Secondary,Employed,Employed,18500.0,18125.0,Other Backward Class,RESAMPLED_BASELINE
Erode,09,Urban,34,Female,2,2,4,Self-employed in agriculture,Literate,Middle,Employed,Employed,0.0,19633.0,Other Backward Class,RESAMPLED_BASELINE
Namakkal,08,Rural,55,Male,2,1,4,Regular wage/salary earning,Illiterate,Not literate,Employed,Employed,19000.0,11133.0,Scheduled Caste,RESAMPLED_BASELINE
Dharmapuri,29,Rural,22,Male,1,5,4,Regular wage/salary earning,Literate,Diploma/Certificate,Employed,Employed,16400.0,14797.0,Other Backward Class,RESAMPLED_BASELINE
Sivaganga,21,Rural,59,Female,3,7,4,Casual labour in non-agriculture,Illiterate,Not literate,Employed,Employed,0.0,8992.0,Other Backward Class,RESAMPLED_BASELINE
Kancheepuram,03,Urban,67,Female,2,2,2,Others,Literate,Diploma/Certificate,Not in labour force,Not in labour force,0.0,18632.0,Scheduled Caste,RESAMPLED_BASELINE
Viluppuram,06,Rural,4,Male,1,6,7,Casual labour in non-agriculture,Illiterate,Not literate,Not in labour force,Not in labour force,0.0,9800.0,Scheduled Caste,RESAMPLED_BASELINE
Mayiladuthurai,38,Rural,65,Female,3,1,1,Others,Illiterate,Not literate,Not in labour force,Not in labour force,0.0,5471.0,Scheduled Caste,RESAMPLED_BASELINE
Thanjavur,19,Rural,68,Male,2,1,2,Self-employed in agriculture,Literate,Middle,Employed,Employed,0.0,7624.0,Other Backward Class,RESAMPLED_BASELINE
Erode,09,Rural,12,Female,1,5,4,Casual labour in non-agriculture,Literate,Primary,Not in labour force,Not in labour force,0.0,11177.0,Other Backward Class,RESAMPLED_BASELINE
Coimbatore,31,Rural,31,Male,2,4,4,Regular wage/salary earning,Literate,Secondary,Employed,Employed,20000.0,14637.0,Other Backward Class,RESAMPLED_BASELINE
Krishnagiri,30,Rural,49,Female,3,1,1,Regular wage/salary earning,Literate,Primary,Employed,Employed,7600.0,3728.0,Other Backward Class,RESAMPLED_BASELINE
Perambalur,14,Rural,62,Male,2,1,6,Self-employed in agriculture,Literate,Middle,Employed,Employed,0.0,14418.0,Other Backward Class,RESAMPLED_BASELINE
Dharmapuri,29,Rural,48,Female,2,1,4,Regular wage/salary earning,Literate,Middle,Employed,Employed,0.0,9660.0,Other Backward Class,RESAMPLED_BASELINE
Kancheepuram,03,Urban,33,Female,2,2,2,Self-employed in non-agriculture,Literate,Middle,Employed,Employed,12500.0,9107.0,Other Backward Class,RESAMPLED_BASELINE
Perambalur,14,Rural,67,Male,2,1,2,Casual labour in agriculture,Illiterate,Not literate,Employed,Employed,0.0,5480.0,Other Backward Class,RESAMPLED_BASELINE
Thoothukudi,26,Urban,46,Male,2,1,4,Self-employed in agriculture,Literate,Middle,Employed,Employed,0.0,11538.0,Scheduled Tribe,RESAMPLED_BASELINE
Thanjavur,19,Urban,30,Male,2,1,3,Self-employed in non-agriculture,Literate,Diploma/Certificate,Employed,Employed,28500.0,13730.0,Other Backward Class,RESAMPLED_BASELINE
Tiruppur,32,Urban,55,Female,2,2,2,Regular wage/salary earning,Literate,Middle,Not in labour force,Not in labour force,0.0,9487.0,Other Backward Class,RESAMPLED_BASELINE
Pudukkottai,20,Rural,23,Female,2,4,8,Regular wage/salary earning,Literate,Higher Secondary,Not in labour force,Not in labour force,0.0,12223.0,Other Backward Class,RESAMPLED_BASELINE
Chennai,02,Urban,62,Female,2,3,4,Self-employed in non-agriculture,Literate,Higher Secondary,Not in labour force,Not in labour force,0.0,49333.0,Others,RESAMPLED_BASELINE
Krishnagiri,30,Urban,4,Male,1,5,3,Regular wage/salary earning,Illiterate,Not literate,Not in labour force,Not in labour force,0.0,10203.0,Other Backward Class,RESAMPLED_BASELINE
Tiruchirappalli,13,Urban,35,Female,2,2,4,Regular wage/salary earning,Literate,Below Primary,Employed,Employed,0.0,8436.0,Other Backward Class,RESAMPLED_BASELINE
Thiruvarur,18,Rural,62,Male,2,1,2,Casual labour in agriculture,Literate,Below Primary,Employed,Employed,0.0,7343.0,Scheduled Caste,RESAMPLED_BASELINE
Dindigul,11,Rural,55,Female,2,2,2,Self-employed in non-agriculture,Illiterate,Not literate,Employed,Employed,0.0,4354.0,Scheduled Caste,RESAMPLED_BASELINE
Sivaganga,21,Urban,48,Male,2,1,4,Self-employed in agriculture,Literate,Middle,Employed,Employed,0.0,10263.0,Other Backward Class,RESAMPLED_BASELINE
Chennai,02,Urban,30,Female,2,4,3,Self-employed in non-agriculture,Literate,Diploma/Certificate,Not in labour force,Not in labour force,0.0,20497.0,Other Backward Class,RESAMPLED_BASELINE
Tenkasi,33,Rural,32,Female,2,2,4,Regular wage/salary earning,Literate,Secondary,Not in labour force,Not in labour force,0.0,22075.0,Other Backward Class,RESAMPLED_BASELINE
Chennai,02,Urban,50,Female,2,2,2,Regular wage/salary earning,Literate,Primary,Employed,Employed,8030.0,7483.0,Other Backward Class,RESAMPLED_BASELINE
Thiruvallur,01,Urban,73,Male,2,1,2,Others,Literate,Secondary,Not in labour force,Not in labour force,0.0,20433.0,Other Backward Class,RESAMPLED_BASELINE
Tirunelveli,27,Rural,11,Female,1,5,4,Regular wage/salary earning,Literate,Primary,Not in labour force,Not in labour force,0.0,18967.0,Other Backward Class,RESAMPLED_BASELINE
Tiruchirappalli,13,Rural,6,Female,1,6,4,Casual labour in non-agriculture,Literate,Below Primary,Not in labour force,Not in labour force,0.0,9850.0,Other Backward Class,RESAMPLED_BASELINE
Thiruvallur,01,Urban,45,Male,2,1,4,Self-employed in agriculture,Literate,Higher Secondary,Employed,Employed,0.0,10870.0,Others,RESAMPLED_BASELINE
Tiruvannamalai,05,Urban,10,Male,1,5,4,Self-employed in agriculture,Literate,Primary,Not in labour force,Not in labour force,0.0,15489.0,Other Backward Class,RESAMPLED_BASELINE
Krishnagiri,30,Rural,27,Male,1,1,1,Casual labour in non-agriculture,Literate,Higher Secondary,Employed,Employed,0.0,3334.0,Scheduled Caste,RESAMPLED_BASELINE
Salem,07,Rural,35,Female,2,4,5,Self-employed in non-agriculture,Literate,Middle,Not in labour force,Not in labour force,0.0,11433.0,Other Backward Class,RESAMPLED_BASELINE
Tiruvannamalai,05,Rural,75,Female,3,8,5,Casual labour in non-agriculture,Illiterate,Not literate,Not in labour force,Not in labour force,0.0,8005.0,Scheduled Caste,RESAMPLED_BASELINE
Kanniyakumari,28,Urban,61,Female,2,2,5,Self-employed in non-agriculture,Literate,Diploma/Certificate,Not in labour force,Not in labour force,0.0,22202.0,Other Backward Class,RESAMPLED_BASELINE
Thiruvallur,01,Rural,54,Female,2,2,2,Others,Illiterate,Not literate,Not in labour force,Not in labour force,0.0,5367.0,Other Backward Class,RESAMPLED_BASELINE
Ranipet,35,Rural,38,Female,2,2,3,Self-employed in agriculture,Illiterate,Not literate,Employed,Employed,0.0,5528.0,Other Backward Class,RESAMPLED_BASELINE
Karur,12,Rural,63,Male,3,1,3,Self-employed in agriculture,Literate,Higher Secondary,Employed,Employed,0.0,11850.0,Other Backward Class,RESAMPLED_BASELINE
Kancheepuram,03,Rural,52,Male,2,1,2,Self-employed in non-agriculture,Literate,Primary,Employed,Employed,0.0,4133.0,Other Backward Class,RESAMPLED_BASELINE
Karur,12,Urban,49,Male,2,1,3,Self-employed in agriculture,Literate,Secondary,Employed,Employed,0.0,13172.0,Other Backward Class,RESAMPLED_BASELINE
Thoothukudi,26,Rural,11,Female,1,5,3,Casual labour in non-agriculture,Literate,Primary,Not in labour force,Not in labour force,0.0,11283.0,Other Backward Class,RESAMPLED_BASELINE
Vellore,04,Rural,40,Male,2,1,6,Self-employed in agriculture,Literate,Secondary,Employed,Employed,0.0,12988.0,Other Backward Class,RESAMPLED_BASELINE
Cuddalore,16,Rural,15,Male,1,5,4,Regular wage/salary earning,Literate,Secondary,Not in labour force,Not in labour force,0.0,11417.0,Other Backward Class,RESAMPLED_BASELINE
Karur,12,Rural,56,Male,2,1,3,Casual labour in agriculture,Literate,Below Primary,Employed,Employed,0.0,11178.0,Other Backward Class,RESAMPLED_BASELINE
Tirupathur,36,Urban,3,Female,1,5,5,Self-employed in non-agriculture,Illiterate,Not literate,Not in labour force,Not in labour force,0.0,10842.0,Other Backward Class,RESAMPLED_BASELINE
Madurai,22,Rural,65,Female,2,2,4,Casual labour in non-agriculture,Illiterate,Not literate,Not in labour force,Not in labour force,0.0,9845.0,Scheduled Caste,RESAMPLED_BASELINE
Tirupathur,36,Urban,27,Male,1,5,5,Self-employed in non-agriculture,Literate,Diploma/Certificate,Employed,Employed,12000.0,9469.0,Other Backward Class,RESAMPLED_BASELINE
Thiruvallur,01,Urban,27,Female,1,5,5,Self-employed in non-agriculture,Literate,Diploma/Certificate,Employed,Employed,20000.0,26167.0,Scheduled Caste,RESAMPLED_BASELINE
Sivaganga,21,Rural,1,Female,1,6,4,Casual labour in non-agriculture,Illiterate,Not literate,Not in labour force,Not in labour force,0.0,7842.0,Other Backward Class,RESAMPLED_BASELINE
Sivaganga,21,Rural,68,Female,3,1,6,Others,Literate,Below Primary,Not in labour force,Not in labour force,0.0,19033.0,Other Backward Class,RESAMPLED_BASELINE
Chennai,02,Urban,61,Female,3,1,2,Self-employed in non-agriculture,Literate,Diploma/Certificate,Not in labour force,Not in labour force,0.0,31247.0,Other Backward Class,RESAMPLED_BASELINE
Erode,09,Urban,55,Female,2,3,3,Regular wage/salary earning,Literate,Higher Secondary,Not in labour force,Not in labour force,0.0,10023.0,Other Backward Class,RESAMPLED_BASELINE
Thiruvarur,18,Rural,4,Male,1,5,4,Self-employed in agriculture,Illiterate,Not literate,Not in labour force,Not in labour force,0.0,12975.0,Scheduled Caste,RESAMPLED_BASELINE
Krishnagiri,30,Rural,16,Male,1,5,4,Casual labour in non-agriculture,Literate,Secondary,Not in labour force,Not in labour force,0.0,9885.0,Other Backward Class,RESAMPLED_BASELINE
Viluppuram,06,Urban,43,Male,2,1,4,Self-employed in non-agriculture,Literate,Higher Secondary,Employed,Employed,15000.0,13442.0,Other Backward Class,RESAMPLED_BASELINE
Tiruppur,32,Rural,64,Male,2,7,6,Casual labour in agriculture,Illiterate,Not literate,Not in labour force,Not in labour force,0.0,9727.0,Scheduled Caste,RESAMPLED_BASELINE
Madurai,22,Urban,27,Male,1,5,4,Regular wage/salary earning,Literate,Secondary,Employed,Employed,0.0,16763.0,Scheduled Caste,RESAMPLED_BASELINE
Vellore,04,Rural,62,Female,3,1,4,Casual labour in non-agriculture,Illiterate,Not literate,Not in labour force,Not in labour force,0.0,8703.0,Other Backward Class,RESAMPLED_BASELINE
Ramanathapuram,25,Rural,18,Female,1,5,5,Self-employed in agriculture,Literate,Higher Secondary,Not in labour force,Not in labour force,0.0,10042.0,Other Backward Class,RESAMPLED_BASELINE
Ariyalur,15,Rural,12,Male,1,5,4,Regular wage/salary earning,Literate,Primary,Not in labour force,Not in labour force,0.0,12783.0,Other Backward Class,RESAMPLED_BASELINE
Chennai,02,Urban,28,Male,1,5,4,Self-employed in non-agriculture,Literate,Diploma/Certificate,Unemployed,Unemployed,0.0,28117.0,Other Backward Class,RESAMPLED_BASELINE
Ranipet,35,Rural,42,Male,2,1,4,Casual labour in non-agriculture,Literate,Secondary,Employed,Employed,0.0,8961.0,Other Backward Class,RESAMPLED_BASELINE
Tirunelveli,27,Rural,39,Male,2,1,4,Regular wage/salary earning,Literate,Diploma/Certificate,Employed,Employed,22000.0,18967.0,Other Backward Class,RESAMPLED_BASELINE
Salem,07,Urban,70,Female,3,1,2,Self-employed in non-agriculture,Illiterate,Not literate,Not in labour force,Not in labour force,0.0,6288.0,Other Backward Class,RESAMPLED_BASELINE
Pudukkottai,20,Rural,18,Male,1,5,5,Casual labour in non-agriculture,Literate,Higher Secondary,Not in labour force,Not in labour force,0.0,7513.0,Scheduled Caste,RESAMPLED_BASELINE
Salem,07,Rural,39,Female,2,2,3,Regular wage/salary earning,Literate,Primary,Employed,Employed,8000.0,8758.0,Other Backward Class,RESAMPLED_BASELINE
Cuddalore,16,Urban,69,Female,3,1,1,Others,Literate,Primary,Not in labour force,Not in labour force,0.0,1908.0,Other Backward Class,RESAMPLED_BASELINE
Dharmapuri,29,Rural,58,Female,3,7,3,Self-employed in agriculture,Illiterate,Not literate,Employed,Employed,0.0,7328.0,Other Backward Class,RESAMPLED_BASELINE
Thiruvallur,01,Urban,4,Female,1,5,4,Self-employed in agriculture,Illiterate,Not literate,Not in labour force,Not in labour force,0.0,16835.0,Scheduled Caste,RESAMPLED_BASELINE
Thiruvallur,01,Urban,26,Male,1,5,4,Self-employed in agriculture,Literate,Diploma/Certificate,Employed,Employed,21500.0,16152.0,Other Backward Class,RESAMPLED_BASELINE
Thiruvallur,01,Rural,16,Male,1,5,4,Self-employed in non-agriculture,Literate,Higher Secondary,Not in labour force,Not in labour force,0.0,15980.0,Other Backward Class,RESAMPLED_BASELINE
Tiruchirappalli,13,Urban,48,Female,2,2,3,Self-employed in non-agriculture,Literate,Middle,Not in labour force,Not in labour force,0.0,6603.0,Other Backward Class,RESAMPLED_BASELINE
Thoothukudi,26,Urban,26,Female,2,2,4,Regular wage/salary earning,Literate,Diploma/Certificate,Not in labour force,Not in labour force,0.0,12305.0,Other Backward Class,RESAMPLED_BASELINE
Coimbatore,31,Urban,39,Male,2,3,4,Self-employed in non-agriculture,Literate,Secondary,Employed,Employed,12280.0,20858.0,Other Backward Class,RESAMPLED_BASELINE
Virudhunagar,24,Urban,49,Female,2,2,5,Self-employed in non-agriculture,Literate,Primary,Not in labour force,Not in labour force,0.0,12663.0,Other Backward Class,RESAMPLED_BASELINE
Krishnagiri,30,Urban,35,Female,2,2,4,Regular wage/salary earning,Literate,Below Primary,Not in labour force,Not in labour force,0.0,8966.0,Other Backward Class,RESAMPLED_BASELINE
Madurai,22,Urban,13,Male,1,6,4,Others,Literate,Primary,Not in labour force,Not in labour force,0.0,49271.0,Others,RESAMPLED_BASELINE
Thoothukudi,26,Urban,4,Male,1,5,3,Self-employed in non-agriculture,Literate,Below Primary,Not in labour force,Not in labour force,0.0,11913.0,Other Backward Class,RESAMPLED_BASELINE
Unknown,37,Rural,85,Female,3,1,1,Others,Illiterate,Not literate,Not in labour force,Not in labour force,0.0,2333.0,Other Backward Class,RESAMPLED_BASELINE
Sivaganga,21,Rural,71,Male,3,7,3,Self-employed in non-agriculture,Illiterate,Not literate,Not in labour force,Not in labour force,0.0,9427.0,Other Backward Class,RESAMPLED_BASELINE
Cuddalore,16,Rural,14,Male,1,5,4,Regular wage/salary earning,Literate,Middle,Not in labour force,Not in labour force,0.0,15083.0,Other Backward Class,RESAMPLED_BASELINE
Madurai,22,Urban,52,Female,2,7,5,Self-employed in non-agriculture,Literate,Middle,Not in labour force,Not in labour force,0.0,17083.0,Other Backward Class,RESAMPLED_BASELINE
Erode,09,Rural,40,Female,2,2,5,Regular wage/salary earning,Literate,Higher Secondary,Employed,Employed,19600.0,15308.0,Scheduled Caste,RESAMPLED_BASELINE
Cuddalore,16,Rural,32,Male,2,1,4,Self-employed in non-agriculture,Literate,Diploma/Certificate,Employed,Employed,0.0,10575.0,Scheduled Caste,RESAMPLED_BASELINE
Chennai,02,Urban,45,Male,2,1,3,Self-employed in agriculture,Literate,Middle,Employed,Employed,0.0,15733.0,Other Backward Class,RESAMPLED_BASELINE
Ranipet,35,Urban,46,Female,3,8,2,Self-employed in non-agriculture,Literate,Primary,Employed,Employed,1000.0,3930.0,Other Backward Class,RESAMPLED_BASELINE
Tiruvannamalai,05,Rural,82,Female,3,7,2,Casual labour in non-agriculture,Illiterate,Not literate,Not in labour force,Not in labour force,0.0,2240.0,Scheduled Caste,RESAMPLED_BASELINE
Kancheepuram,03,Rural,13,Male,1,5,5,Self-employed in non-agriculture,Literate,Primary,Not in labour force,Not in labour force,0.0,19141.0,Other Backward Class,RESAMPLED_BASELINE
Theni,23,Urban,37,Female,2,2,5,Self-employed in agriculture,Literate,Higher Secondary,Employed,Employed,0.0,19678.0,Other Backward Class,RESAMPLED_BASELINE
Tirunelveli,27,Rural,3,Female,1,5,4,Regular wage/salary earning,Illiterate,Not literate,Not in labour force,Not in labour force,0.0,18967.0,Other Backward Class,RESAMPLED_BASELINE
Cuddalore,16,Urban,13,Male,1,5,4,Self-employed in agriculture,Literate,Middle,Not in labour force,Not in labour force,0.0,9633.0,Other Backward Class,RESAMPLED_BASELINE
Vellore,04,Rural,16,Male,1,5,4,Casual labour in non-agriculture,Literate,Secondary,Not in labour force,Not in labour force,0.0,11471.0,Other Backward Class,RESAMPLED_BASELINE
Viluppuram,06,Rural,43,Female,2,2,2,Casual labour in non-agriculture,Literate,Middle,Employed,Employed,0.0,10167.0,Scheduled Caste,RESAMPLED_BASELINE
Thiruvallur,01,Urban,56,Male,2,1,5,Self-employed in non-agriculture,Literate,Middle,Employed,Employed,8750.0,24444.0,Other Backward Class,RESAMPLED_BASELINE
Kanniyakumari,28,Urban,38,Male,1,5,2,Regular wage/salary earning,Literate,Primary,Employed,Employed,0.0,8160.0,Other Backward Class,RESAMPLED_BASELINE
Ramanathapuram,25,Rural,45,Male,2,1,5,Self-employed in non-agriculture,Literate,Middle,Employed,Employed,0.0,16268.0,Other Backward Class,RESAMPLED_BASELINE
Madurai,22,Rural,32,Male,2,3,3,Regular wage/salary earning,Literate,Diploma/Certificate,Employed,Employed,15000.0,10570.0,Scheduled Caste,RESAMPLED_BASELINE
Erode,09,Rural,44,Male,2,1,4,Self-employed in non-agriculture,Literate,Secondary,Employed,Employed,0.0,14317.0,Other Backward Class,RESAMPLED_BASELINE
Thiruvallur,01,Urban,15,Male,1,5,4,Regular wage/salary earning,Literate,Middle,Not in labour force,Not in labour force,0.0,16405.0,Other Backward Class,RESAMPLED_BASELINE
Thoothukudi,26,Urban,27,Male,1,5,4,Self-employed in agriculture,Literate,Diploma/Certificate,Employed,Employed,13000.0,20042.0,Other Backward Class,RESAMPLED_BASELINE
Coimbatore,31,Urban,49,Female,2,2,4,Self-employed in agriculture,Literate,Higher Secondary,Employed,Employed,0.0,20500.0,Other Backward Class,RESAMPLED_BASELINE
Tenkasi,33,Urban,41,Female,2,2,4,Self-employed in non-agriculture,Literate,Middle,Not in labour force,Not in labour force,0.0,15755.0,Other Backward Class,RESAMPLED_BASELINE
Vellore,04,Rural,55,Female,3,1,1,Others,Literate,Primary,Not in labour force,Not in labour force,0.0,3727.0,Other Backward Class,RESAMPLED_BASELINE
Tiruvannamalai,05,Rural,50,Female,2,2,3,Casual labour in agriculture,Literate,Below Primary,Employed,Employed,0.0,6613.0,Other Backward Class,RESAMPLED_BASELINE
Thiruvallur,01,Urban,31,Female,2,4,5,Self-employed in non-agriculture,Literate,Diploma/Certificate,Not in labour force,Not in labour force,0.0,21083.0,Other Backward Class,RESAMPLED_BASELINE
Salem,07,Urban,41,Male,4,3,2,Self-employed in non-agriculture,Literate,Middle,Employed,Employed,13500.0,6288.0,Other Backward Class,RESAMPLED_BASELINE
Dharmapuri,29,Urban,20,Male,1,5,2,Regular wage/salary earning,Literate,Middle,Employed,Employed,0.0,6903.0,Other Backward Class,RESAMPLED_BASELINE
Sivaganga,21,Urban,18,Female,1,6,3,Self-employed in non-agriculture,Literate,Higher Secondary,Not in labour force,Not in labour force,0.0,8688.0,Other Backward Class,RESAMPLED_BASELINE
Namakkal,08,Rural,21,Female,1,5,4,Casual labour in agriculture,Literate,Diploma/Certificate,Not in labour force,Not in labour force,0.0,7972.0,Scheduled Caste,RESAMPLED_BASELINE
Thanjavur,19,Rural,11,Male,1,5,4,Casual labour in agriculture,Literate,Primary,Not in labour force,Not in labour force,0.0,19238.0,Other Backward Class,RESAMPLED_BASELINE
Dharmapuri,29,Rural,49,Female,2,2,7,Regular wage/salary earning,Literate,Primary,Employed,Employed,0.0,16501.0,Other Backward Class,RESAMPLED_BASELINE
Tiruvannamalai,05,Urban,12,Male,1,5,4,Self-employed in non-agriculture,Literate,Primary,Not in labour force,Not in labour force,0.0,17046.0,Other Backward Class,RESAMPLED_BASELINE
Salem,07,Urban,50,Female,2,2,6,Self-employed in non-agriculture,Literate,Primary,Not in labour force,Not in labour force,0.0,35383.0,Other Backward Class,RESAMPLED_BASELINE
Kancheepuram,03,Urban,27,Male,1,1,1,Self-employed in non-agriculture,Literate,Diploma/Certificate,Employed,Employed,60000.0,16833.0,Other Backward Class,RESAMPLED_BASELINE
Chennai,02,Urban,2,Male,1,5,4,Self-employed in non-agriculture,Illiterate,Not literate,Not in labour force,Not in labour force,0.0,25717.0,Other Backward Class,RESAMPLED_BASELINE
Thanjavur,19,Rural,36,Male,2,1,4,Regular wage/salary earning,Literate,Diploma/Certificate,Employed,Employed,23100.0,12220.0,Scheduled Caste,RESAMPLED_BASELINE
Coimbatore,31,Rural,65,Male,3,1,2,Regular wage/salary earning,Illiterate,Not literate,Employed,Employed,0.0,7092.0,Other Backward Class,RESAMPLED_BASELINE
Thoothukudi,26,Rural,9,Female,1,5,5,Regular wage/salary earning,Literate,Below Primary,Not in labour force,Not in labour force,0.0,12890.0,Other Backward Class,RESAMPLED_BASELINE
Cuddalore,16,Rural,24,Male,1,5,5,Casual labour in non-agriculture,Literate,Diploma/Certificate,Employed,Employed,0.0,12467.0,Other Backward Class,RESAMPLED_BASELINE
Tiruvannamalai,05,Rural,14,Male,1,5,5,Regular wage/salary earning,Literate,Middle,Not in labour force,Not in labour force,0.0,15150.0,Other Backward Class,RESAMPLED_BASELINE
Thiruvarur,18,Rural,39,Female,2,2,4,Casual labour in agriculture,Literate,Middle,Employed,Employed,0.0,15568.0,Other Backward Class,RESAMPLED_BASELINE
Salem,07,Urban,9,Male,1,5,4,Self-employed in non-agriculture,Literate,Below Primary,Not in labour force,Not in labour force,0.0,15377.0,Other Backward Class,RESAMPLED_BASELINE
Salem,07,Urban,55,Female,3,1,1,Self-employed in agriculture,Illiterate,Not literate,Employed,Employed,0.0,1042.0,Other Backward Class,RESAMPLED_BASELINE
Cuddalore,16,Rural,30,Female,2,2,4,Regular wage/salary earning,Literate,Diploma/Certificate,Employed,Employed,18000.0,15517.0,Scheduled Caste,RESAMPLED_BASELINE
Kancheepuram,03,Urban,5,Female,1,5,4,Self-employed in agriculture,Illiterate,Not literate,Not in labour force,Not in labour force,0.0,22703.0,Other Backward Class,RESAMPLED_BASELINE
Pudukkottai,20,Rural,63,Female,2,2,8,Self-employed in agriculture,Literate,Below Primary,Employed,Employed,0.0,10805.0,Scheduled Caste,RESAMPLED_BASELINE
Thiruvarur,18,Rural,32,Male,2,3,12,Regular wage/salary earning,Literate,Diploma/Certificate,Employed,Employed,17325.0,58995.0,Scheduled Caste,RESAMPLED_BASELINE
Thiruvallur,01,Urban,25,Male,1,5,4,Self-employed in non-agriculture,Literate,Diploma/Certificate,Employed,Employed,35000.0,14495.0,Other Backward Class,RESAMPLED_BASELINE
Kanniyakumari,28,Urban,44,Female,2,2,2,Regular wage/salary earning,Literate,Higher Secondary,Employed,Employed,0.0,13833.0,Other Backward Class,RESAMPLED_BASELINE
Thiruvallur,01,Urban,52,Male,2,1,5,Self-employed in agriculture,Literate,Middle,Employed,Employed,0.0,22842.0,Other Backward Class,RESAMPLED_BASELINE
Thiruvarur,18,Rural,85,Female,3,1,2,Others,Literate,Primary,Not in labour force,Not in labour force,0.0,8347.0,Other Backward Class,RESAMPLED_BASELINE
Thiruvallur,01,Urban,32,Male,2,3,5,Self-employed in agriculture,Literate,Diploma/Certificate,Employed,Employed,0.0,26527.0,Others,RESAMPLED_BASELINE
Krishnagiri,30,Rural,26,Male,1,5,4,Regular wage/salary earning,Literate,Secondary,Employed,Employed,0.0,11086.0,Scheduled Caste,RESAMPLED_BASELINE
Sivaganga,21,Rural,45,Male,2,1,6,Casual labour in agriculture,Literate,Below Primary,Employed,Employed,0.0,14412.0,Other Backward Class,RESAMPLED_BASELINE
Chennai,02,Urban,35,Female,2,4,7,Self-employed in non-agriculture,Literate,Diploma/Certificate,Not in labour force,Not in labour force,0.0,29670.0,Other Backward Class,RESAMPLED_BASELINE
Mayiladuthurai,38,Rural,53,Male,1,8,3,Others,Illiterate,Not literate,Not in labour force,Not in labour force,0.0,14622.0,Other Backward Class,RESAMPLED_BASELINE
Ranipet,35,Rural,34,Male,2,1,3,Casual labour in non-agriculture,Literate,Middle,Employed,Employed,0.0,5894.0,Scheduled Caste,RESAMPLED_BASELINE
Thiruvarur,18,Rural,35,Female,2,2,6,Self-employed in non-agriculture,Literate,Middle,Not in labour force,Not in labour force,0.0,16859.0,Scheduled Caste,RESAMPLED_BASELINE
Mayiladuthurai,38,Rural,22,Male,1,5,4,Casual labour in non-agriculture,Literate,Diploma/Certificate,Unemployed,Unemployed,0.0,13910.0,Other Backward Class,RESAMPLED_BASELINE
Kancheepuram,03,Urban,25,Female,1,8,5,Self-employed in non-agriculture,Literate,Higher Secondary,Not in labour force,Not in labour force,0.0,21500.0,Scheduled Caste,RESAMPLED_BASELINE
Chennai,02,Urban,75,Male,3,1,1,Self-employed in non-agriculture,Illiterate,Not literate,Employed,Employed,15000.0,5250.0,Scheduled Caste,RESAMPLED_BASELINE
Pudukkottai,20,Rural,70,Male,2,7,6,Regular wage/salary earning,Illiterate,Not literate,Not in labour force,Not in labour force,0.0,13763.0,Other Backward Class,RESAMPLED_BASELINE
Thoothukudi,26,Rural,18,Female,1,5,5,Casual labour in non-agriculture,Literate,Higher Secondary,Not in labour force,Not in labour force,0.0,9033.0,Scheduled Caste,RESAMPLED_BASELINE
Kancheepuram,03,Urban,17,Female,1,5,4,Regular wage/salary earning,Literate,Higher Secondary,Not in labour force,Not in labour force,0.0,8350.0,Other Backward Class,RESAMPLED_BASELINE
Pudukkottai,20,Rural,17,Male,1,5,5,Self-employed in agriculture,Literate,Higher Secondary,Not in labour force,Not in labour force,0.0,10853.0,Other Backward Class,RESAMPLED_BASELINE
Salem,07,Urban,68,Female,2,2,3,Self-employed in non-agriculture,Literate,Primary,Not in labour force,Not in labour force,0.0,17700.0,Other Backward Class,RESAMPLED_BASELINE
Thoothukudi,26,Rural,26,Male,1,5,3,Regular wage/salary earning,Literate,Diploma/Certificate,Employed,Employed,19500.0,9363.0,Scheduled Caste,RESAMPLED_BASELINE
Chennai,02,Urban,23,Male,1,5,3,Self-employed in non-agriculture,Literate,Diploma/Certificate,Not in labour force,Not in labour force,0.0,22053.0,Other Backward Class,RESAMPLED_BASELINE
Coimbatore,31,Urban,23,Male,1,5,3,Self-employed in non-agriculture,Literate,Middle,Employed,Employed,17330.0,11224.0,Scheduled Caste,RESAMPLED_BASELINE
Dharmapuri,29,Rural,22,Female,1,5,5,Regular wage/salary earning,Literate,Diploma/Certificate,Unemployed,Unemployed,0.0,14844.0,Other Backward Class,RESAMPLED_BASELINE
Erode,09,Urban,56,Female,2,2,3,Self-employed in non-agriculture,Literate,Higher Secondary,Not in labour force,Not in labour force,0.0,13917.0,Other Backward Class,RESAMPLED_BASELINE
Namakkal,08,Rural,27,Male,1,5,4,Regular wage/salary earning,Literate,Diploma/Certificate,Employed,Employed,25000.0,10667.0,Other Backward Class,RESAMPLED_BASELINE
Vellore,04,Rural,37,Female,2,2,3,Self-employed in non-agriculture,Literate,Secondary,Not in labour force,Not in labour force,0.0,10609.0,Other Backward Class,RESAMPLED_BASELINE
Ariyalur,15,Rural,45,Female,2,2,5,Self-employed in agriculture,Literate,Primary,Employed,Employed,0.0,15467.0,Other Backward Class,RESAMPLED_BASELINE
Coimbatore,31,Urban,31,Female,2,2,2,Self-employed in non-agriculture,Literate,Primary,Employed,Employed,9260.0,16233.0,Other Backward Class,RESAMPLED_BASELINE
Virudhunagar,24,Rural,37,Female,2,2,4,Self-employed in agriculture,Literate,Below Primary,Employed,Employed,0.0,12663.0,Other Backward Class,RESAMPLED_BASELINE
Karur,12,Rural,22,Female,1,5,4,Self-employed in non-agriculture,Literate,Diploma/Certificate,Unemployed,Unemployed,0.0,6742.0,Scheduled Caste,RESAMPLED_BASELINE
Thoothukudi,26,Urban,64,Female,2,2,3,Self-employed in non-agriculture,Literate,Secondary,Not in labour force,Not in labour force,0.0,12725.0,Others,RESAMPLED_BASELINE
Salem,07,Rural,31,Male,2,3,4,Regular wage/salary earning,Literate,Diploma/Certificate,Employed,Employed,18000.0,18350.0,Other Backward Class,RESAMPLED_BASELINE
Dharmapuri,29,Rural,49,Male,2,1,6,Casual labour in agriculture,Illiterate,Not literate,Employed,Employed,0.0,9579.0,Scheduled Caste,RESAMPLED_BASELINE
Kanniyakumari,28,Urban,65,Female,3,1,2,Regular wage/salary earning,Illiterate,Not literate,Not in labour force,Not in labour force,0.0,12800.0,Other Backward Class,RESAMPLED_BASELINE
Perambalur,14,Rural,13,Female,1,5,3,Self-employed in agriculture,Literate,Middle,Not in labour force,Not in labour force,0.0,9251.0,Other Backward Class,RESAMPLED_BASELINE
Salem,07,Urban,18,Female,1,5,4,Self-employed in non-agriculture,Literate,Higher Secondary,Not in labour force,Not in labour force,0.0,14067.0,Other Backward Class,RESAMPLED_BASELINE
Coimbatore,31,Urban,41,Female,2,2,6,Self-employed in non-agriculture,Literate,Higher Secondary,Not in labour force,Not in labour force,0.0,30432.0,Other Backward Class,RESAMPLED_BASELINE
Thoothukudi,26,Urban,47,Male,2,1,5,Regular wage/salary earning,Literate,Middle,Employed,Employed,0.0,15682.0,Other Backward Class,RESAMPLED_BASELINE
Erode,09,Urban,30,Male,1,5,3,Self-employed in non-agriculture,Literate,Diploma/Certificate,Employed,Employed,10600.0,13073.0,Other Backward Class,RESAMPLED_BASELINE
Thiruvallur,01,Urban,32,Male,1,5,3,Regular wage/salary earning,Literate,Middle,Employed,Employed,0.0,8867.0,Other Backward Class,RESAMPLED_BASELINE
Krishnagiri,30,Rural,26,Male,1,5,4,Regular wage/salary earning,Literate,Secondary,Employed,Employed,0.0,11086.0,Scheduled Caste,RESAMPLED_BASELINE
Thoothukudi,26,Rural,37,Female,2,2,5,Self-employed in agriculture,Literate,Middle,Employed,Employed,0.0,10143.0,Scheduled Caste,RESAMPLED_BASELINE
Erode,09,Rural,49,Male,2,1,2,Self-employed in agriculture,Literate,Primary,Employed,Employed,0.0,12642.0,Other Backward Class,RESAMPLED_BASELINE
Theni,23,Urban,47,Male,1,1,1,Regular wage/salary earning,Literate,Middle,Employed,Employed,0.0,5350.0,Other Backward Class,RESAMPLED_BASELINE
Coimbatore,31,Urban,37,Female,2,2,5,Self-employed in agriculture,Literate,Higher Secondary,Not in labour force,Not in labour force,0.0,17720.0,Other Backward Class,RESAMPLED_BASELINE
Chennai,02,Urban,2,Male,1,5,4,Self-employed in non-agriculture,Illiterate,Not literate,Not in labour force,Not in labour force,0.0,26265.0,Other Backward Class,RESAMPLED_BASELINE
Tiruchirappalli,13,Rural,65,Male,3,7,4,Regular wage/salary earning,Literate,Primary,Employed,Employed,0.0,12988.0,Scheduled Caste,RESAMPLED_BASELINE
Unknown,37,Rural,36,Female,2,2,4,Regular wage/salary earning,Literate,Primary,Employed,Employed,0.0,7297.0,Other Backward Class,RESAMPLED_BASELINE
Perambalur,14,Rural,36,Female,2,2,4,Self-employed in non-agriculture,Literate,Middle,Employed,Employed,0.0,9592.0,Other Backward Class,RESAMPLED_BASELINE
Chennai,02,Urban,81,Female,2,2,3,Self-employed in non-agriculture,Literate,Diploma/Certificate,Not in labour force,Not in labour force,0.0,12575.0,Others,RESAMPLED_BASELINE
Tiruppur,32,Rural,60,Male,2,1,4,Self-employed in agriculture,Illiterate,Not literate,Employed,Employed,0.0,11218.0,Other Backward Class,RESAMPLED_BASELINE
Tiruchirappalli,13,Urban,11,Male,1,5,4,Regular wage/salary earning,Literate,Primary,Not in labour force,Not in labour force,0.0,8436.0,Other Backward Class,RESAMPLED_BASELINE
Ramanathapuram,25,Urban,32,Male,2,1,4,Self-employed in non-agriculture,Literate,Diploma/Certificate,Employed,Employed,24000.0,13493.0,Other Backward Class,RESAMPLED_BASELINE
Tenkasi,33,Urban,25,Female,1,5,5,Self-employed in non-agriculture,Literate,Secondary,Not in labour force,Not in labour force,0.0,32858.0,Scheduled Caste,RESAMPLED_BASELINE
Thoothukudi,26,Rural,21,Male,1,5,5,Casual labour in non-agriculture,Literate,Secondary,Not in labour force,Not in labour force,0.0,9033.0,Scheduled Caste,RESAMPLED_BASELINE
Thiruvallur,01,Urban,36,Male,2,1,4,Self-employed in non-agriculture,Literate,Diploma/Certificate,Employed,Employed,26800.0,19414.0,Other Backward Class,RESAMPLED_BASELINE
Kancheepuram,03,Rural,7,Male,1,6,6,Regular wage/salary earning,Literate,Below Primary,Not in labour force,Not in labour force,0.0,14729.0,Scheduled Caste,RESAMPLED_BASELINE
Chennai,02,Urban,32,Male,2,1,2,Self-employed in non-agriculture,Literate,Below Primary,Employed,Employed,15000.0,13083.0,Other Backward Class,RESAMPLED_BASELINE
Erode,09,Urban,37,Female,2,2,4,Self-employed in non-agriculture,Literate,Below Primary,Employed,Employed,0.0,15217.0,Scheduled Caste,RESAMPLED_BASELINE
Chennai,02,Urban,69,Female,3,7,5,Self-employed in non-agriculture,Literate,Higher Secondary,Not in labour force,Not in labour force,0.0,15417.0,Other Backward Class,RESAMPLED_BASELINE
Mayiladuthurai,38,Urban,71,Female,3,1,1,Others,Literate,Middle,Not in labour force,Not in labour force,0.0,5720.0,Other Backward Class,RESAMPLED_BASELINE
Virudhunagar,24,Urban,12,Female,1,5,3,Self-employed in non-agriculture,Literate,Primary,Not in labour force,Not in labour force,0.0,9467.0,Other Backward Class,RESAMPLED_BASELINE
Namakkal,08,Rural,39,Male,2,1,4,Regular wage/salary earning,Literate,Secondary,Employed,Employed,27000.0,16558.0,Other Backward Class,RESAMPLED_BASELINE
Tiruchirappalli,13,Rural,5,Female,1,5,3,Self-employed in non-agriculture,Illiterate,Not literate,Not in labour force,Not in labour force,0.0,10085.0,Other Backward Class,RESAMPLED_BASELINE
Mayiladuthurai,38,Rural,32,Female,2,2,7,Regular wage/salary earning,Literate,Middle,Not in labour force,Not in labour force,0.0,14748.0,Other Backward Class,RESAMPLED_BASELINE
Ranipet,35,Rural,38,Female,2,2,3,Self-employed in agriculture,Illiterate,Not literate,Employed,Employed,0.0,5528.0,Other Backward Class,RESAMPLED_BASELINE
Tirunelveli,27,Urban,40,Male,2,1,4,Self-employed in non-agriculture,Literate,Higher Secondary,Employed,Employed,15000.0,21493.0,Other Backward Class,RESAMPLED_BASELINE
Pudukkottai,20,Rural,20,Male,1,5,5,Casual labour in non-agriculture,Literate,Higher Secondary,Not in labour force,Not in labour force,0.0,7513.0,Scheduled Caste,RESAMPLED_BASELINE
Perambalur,14,Urban,14,Female,1,5,4,Self-employed in non-agriculture,Literate,Middle,Not in labour force,Not in labour force,0.0,11469.0,Other Backward Class,RESAMPLED_BASELINE
Salem,07,Rural,24,Male,2,3,6,Regular wage/salary earning,Literate,Diploma/Certificate,Employed,Employed,15000.0,17333.0,Other Backward Class,RESAMPLED_BASELINE
Theni,23,Urban,39,Female,2,2,4,Self-employed in non-agriculture,Literate,Higher Secondary,Not in labour force,Not in labour force,0.0,17893.0,Other Backward Class,RESAMPLED_BASELINE
Madurai,22,Urban,41,Female,2,2,4,Self-employed in agriculture,Literate,Higher Secondary,Employed,Employed,10000.0,16772.0,Other Backward Class,RESAMPLED_BASELINE
Pudukkottai,20,Rural,18,Male,1,5,4,Regular wage/salary earning,Literate,Higher Secondary,Not in labour force,Not in labour force,0.0,14325.0,Other Backward Class,RESAMPLED_BASELINE
Sivaganga,21,Rural,62,Female,3,1,1,Others,Illiterate,Not literate,Not in labour force,Not in labour force,0.0,8475.0,Scheduled Caste,RESAMPLED_BASELINE
Thoothukudi,26,Urban,29,Female,2,3,4,Others,Literate,Diploma/Certificate,Not in labour force,Not in labour force,0.0,15310.0,Other Backward Class,RESAMPLED_BASELINE
Madurai,22,Rural,70,Female,2,2,4,Casual labour in non-agriculture,Illiterate,Not literate,Employed,Employed,0.0,6815.0,Other Backward Class,RESAMPLED_BASELINE
Thiruvallur,01,Urban,52,Female,3,1,3,Self-employed in non-agriculture,Literate,Below Primary,Not in labour force,Not in labour force,0.0,15787.0,Other Backward Class,RESAMPLED_BASELINE
Salem,07,Rural,56,Male,2,1,3,Regular wage/salary earning,Literate,Primary,Employed,Employed,0.0,13683.0,Other Backward Class,RESAMPLED_BASELINE
Tenkasi,33,Urban,58,Female,2,2,3,Self-employed in non-agriculture,Literate,Higher Secondary,Not in labour force,Not in labour force,0.0,32827.0,Other Backward Class,RESAMPLED_BASELINE
Thiruvallur,01,Urban,32,Female,2,2,4,Self-employed in non-agriculture,Literate,Secondary,Employed,Employed,11000.0,23887.0,Scheduled Caste,RESAMPLED_BASELINE
Pudukkottai,20,Rural,60,Female,3,1,4,Casual labour in agriculture,Literate,Below Primary,Employed,Employed,0.0,12427.0,Other Backward Class,RESAMPLED_BASELINE
Salem,07,Rural,70,Female,3,1,1,Casual labour in non-agriculture,Illiterate,Not literate,Employed,Employed,0.0,3083.0,Scheduled Caste,RESAMPLED_BASELINE
Coimbatore,31,Urban,15,Male,1,5,4,Self-employed in non-agriculture,Literate,Secondary,Not in labour force,Not in labour force,0.0,15370.0,Other Backward Class,RESAMPLED_BASELINE
Dharmapuri,29,Rural,23,Male,1,5,3,Regular wage/salary earning,Literate,Diploma/Certificate,Employed,Employed,16400.0,7489.0,Scheduled Caste,RESAMPLED_BASELINE
Chennai,02,Urban,42,Male,2,1,3,Self-employed in non-agriculture,Literate,Middle,Employed,Employed,30000.0,10333.0,Other Backward Class,RESAMPLED_BASELINE
Dindigul,11,Rural,4,Male,1,5,5,Casual labour in agriculture,Illiterate,Not literate,Not in labour force,Not in labour force,0.0,10628.0,Scheduled Caste,RESAMPLED_BASELINE
Tiruvannamalai,05,Rural,42,Male,2,1,4,Self-employed in non-agriculture,Literate,Primary,Employed,Employed,0.0,10519.0,Other Backward Class,RESAMPLED_BASELINE
Krishnagiri,30,Rural,58,Female,2,2,6,Self-employed in agriculture,Literate,Below Primary,Employed,Employed,0.0,15943.0,Other Backward Class,RESAMPLED_BASELINE
Thanjavur,19,Rural,62,Female,3,1,2,Casual labour in non-agriculture,Illiterate,Not literate,Not in labour force,Not in labour force,0.0,5659.0,Other Backward Class,RESAMPLED_BASELINE
Kallakurichi,34,Rural,21,Female,1,5,3,Regular wage/salary earning,Literate,Middle,Not in labour force,Not in labour force,0.0,4155.0,Scheduled Tribe,RESAMPLED_BASELINE
Namakkal,08,Rural,62,Female,2,2,2,Self-employed in non-agriculture,Literate,Primary,Not in labour force,Not in labour force,0.0,6875.0,Other Backward Class,RESAMPLED_BASELINE
Salem,07,Rural,36,Female,2,2,2,Regular wage/salary earning,Literate,Middle,Employed,Employed,0.0,4800.0,Other Backward Class,RESAMPLED_BASELINE
Ariyalur,15,Rural,6,Male,1,5,3,Casual labour in non-agriculture,Literate,Below Primary,Not in labour force,Not in labour force,0.0,5950.0,Scheduled Caste,RESAMPLED_BASELINE
Tiruchirappalli,13,Urban,37,Female,2,2,3,Self-employed in agriculture,Literate,Diploma/Certificate,Employed,Employed,10000.0,14553.0,Other Backward Class,RESAMPLED_BASELINE
Ariyalur,15,Rural,35,Female,3,1,1,Regular wage/salary earning,Literate,Higher Secondary,Employed,Employed,7500.0,5092.0,Other Backward Class,RESAMPLED_BASELINE
Tiruvannamalai,05,Rural,48,Female,1,8,6,Regular wage/salary earning,Illiterate,Not literate,Not in labour force,Not in labour force,0.0,11562.0,Other Backward Class,RESAMPLED_BASELINE
Thiruvallur,01,Urban,47,Female,2,2,3,Regular wage/salary earning,Literate,Higher Secondary,Not in labour force,Not in labour force,0.0,15760.0,Other Backward Class,RESAMPLED_BASELINE
Ariyalur,15,Rural,59,Female,3,1,1,Casual labour in non-agriculture,Illiterate,Not literate,Not in labour force,Not in labour force,0.0,3515.0,Scheduled Caste,RESAMPLED_BASELINE
Chennai,02,Urban,40,Female,2,2,4,Self-employed in non-agriculture,Literate,Middle,Not in labour force,Not in labour force,0.0,10870.0,Others,RESAMPLED_BASELINE
Tenkasi,33,Urban,3,Male,1,6,5,Self-employed in non-agriculture,Illiterate,Not literate,Not in labour force,Not in labour force,0.0,19917.0,Other Backward Class,RESAMPLED_BASELINE
Dindigul,11,Rural,60,Female,2,2,3,Others,Literate,Below Primary,Not in labour force,Not in labour force,0.0,5330.0,Scheduled Caste,RESAMPLED_BASELINE
Thiruvallur,01,Urban,23,Female,1,5,4,Self-employed in non-agriculture,Literate,Diploma/Certificate,Unemployed,Unemployed,0.0,36602.0,Other Backward Class,RESAMPLED_BASELINE
Thiruvarur,18,Rural,13,Male,1,5,4,Self-employed in non-agriculture,Literate,Primary,Not in labour force,Not in labour force,0.0,25633.0,Other Backward Class,RESAMPLED_BASELINE
Tirunelveli,27,Rural,32,Male,2,3,5,Casual labour in non-agriculture,Literate,Primary,Employed,Employed,0.0,15397.0,Other Backward Class,RESAMPLED_BASELINE
Salem,07,Rural,10,Female,1,5,4,Regular wage/salary earning,Literate,Below Primary,Not in labour force,Not in labour force,0.0,10500.0,Scheduled Caste,RESAMPLED_BASELINE
Pudukkottai,20,Rural,10,Female,1,6,8,Self-employed in agriculture,Literate,Primary,Not in labour force,Not in labour force,0.0,10805.0,Scheduled Caste,RESAMPLED_BASELINE
Madurai,22,Rural,45,Male,2,1,4,Regular wage/salary earning,Literate,Higher Secondary,Employed,Employed,24000.0,13751.0,Other Backward Class,RESAMPLED_BASELINE
Kallakurichi,34,Rural,18,Male,1,5,4,Casual labour in agriculture,Literate,Higher Secondary,Not in labour force,Not in labour force,0.0,9383.0,Other Backward Class,RESAMPLED_BASELINE
Thiruvallur,01,Urban,59,Female,4,1,1,Regular wage/salary earning,Literate,Primary,Employed,Employed,0.0,6791.0,Scheduled Caste,RESAMPLED_BASELINE
Coimbatore,31,Urban,25,Male,2,1,4,Self-employed in non-agriculture,Literate,Secondary,Employed,Employed,17480.0,12144.0,Other Backward Class,RESAMPLED_BASELINE
Chennai,02,Urban,61,Female,3,1,1,Others,Illiterate,Not literate,Not in labour force,Not in labour force,0.0,5215.0,Other Backward Class,RESAMPLED_BASELINE
Erode,09,Urban,55,Female,2,3,3,Regular wage/salary earning,Literate,Higher Secondary,Not in labour force,Not in labour force,0.0,10023.0,Other Backward Class,RESAMPLED_BASELINE
Thiruvallur,01,Rural,12,Female,1,5,5,Self-employed in non-agriculture,Literate,Primary,Not in labour force,Not in labour force,0.0,15790.0,Other Backward Class,RESAMPLED_BASELINE
Tirunelveli,27,Urban,26,Female,2,2,4,Self-employed in non-agriculture,Literate,Diploma/Certificate,Not in labour force,Not in labour force,0.0,22167.0,Scheduled Caste,RESAMPLED_BASELINE
Ariyalur,15,Rural,56,Male,2,1,4,Self-employed in non-agriculture,Literate,Middle,Employed,Employed,0.0,11471.0,Other Backward Class,RESAMPLED_BASELINE
Kancheepuram,03,Urban,4,Male,1,5,5,Self-employed in agriculture,Illiterate,Not literate,Not in labour force,Not in labour force,0.0,20750.0,Other Backward Class,RESAMPLED_BASELINE
Kallakurichi,34,Rural,36,Female,2,4,7,Casual labour in agriculture,Literate,Primary,Employed,Employed,0.0,10888.0,Scheduled Tribe,RESAMPLED_BASELINE
Ramanathapuram,25,Rural,46,Male,2,1,4,Regular wage/salary earning,Literate,Below Primary,Employed,Employed,11300.0,9992.0,Other Backward Class,RESAMPLED_BASELINE
Virudhunagar,24,Rural,34,Female,2,2,4,Self-employed in non-agriculture,Literate,Secondary,Not in labour force,Not in labour force,0.0,10332.0,Other Backward Class,RESAMPLED_BASELINE
Karur,12,Rural,22,Female,1,5,4,Self-employed in non-agriculture,Literate,Diploma/Certificate,Unemployed,Unemployed,0.0,6742.0,Scheduled Caste,RESAMPLED_BASELINE
Theni,23,Urban,3,Male,1,5,4,Self-employed in non-agriculture,Illiterate,Not literate,Not in labour force,Not in labour force,0.0,16520.0,Scheduled Caste,RESAMPLED_BASELINE
Tiruvannamalai,05,Rural,50,Female,2,2,3,Self-employed in agriculture,Illiterate,Not literate,Employed,Employed,0.0,10892.0,Other Backward Class,RESAMPLED_BASELINE
Mayiladuthurai,38,Rural,32,Female,2,1,4,Regular wage/salary earning,Literate,Diploma/Certificate,Employed,Employed,0.0,9950.0,Scheduled Caste,RESAMPLED_BASELINE
Madurai,22,Rural,45,Female,2,2,5,Regular wage/salary earning,Illiterate,Not literate,Not in labour force,Not in labour force,0.0,16368.0,Other Backward Class,RESAMPLED_BASELINE
Dindigul,11,Rural,53,Male,2,1,5,Self-employed in agriculture,Illiterate,Not literate,Employed,Employed,0.0,17649.0,Other Backward Class,RESAMPLED_BASELINE
Coimbatore,31,Urban,0,Female,1,5,3,Self-employed in non-agriculture,Illiterate,Not literate,Not in labour force,Not in labour force,0.0,8536.0,Other Backward Class,RESAMPLED_BASELINE
Coimbatore,31,Urban,46,Female,2,2,3,Self-employed in non-agriculture,Literate,Middle,Employed,Employed,10080.0,5953.0,Scheduled Caste,RESAMPLED_BASELINE
Tiruvannamalai,05,Rural,74,Male,2,1,3,Self-employed in agriculture,Literate,Primary,Employed,Employed,0.0,7778.0,Other Backward Class,RESAMPLED_BASELINE
Coimbatore,31,Urban,4,Female,1,5,4,Self-employed in non-agriculture,Illiterate,Not literate,Not in labour force,Not in labour force,0.0,21952.0,Other Backward Class,RESAMPLED_BASELINE
Tenkasi,33,Urban,14,Female,1,5,4,Self-employed in non-agriculture,Literate,Middle,Not in labour force,Not in labour force,0.0,41073.0,Other Backward Class,RESAMPLED_BASELINE
Thiruvallur,01,Rural,12,Female,1,5,5,Self-employed in non-agriculture,Literate,Primary,Not in labour force,Not in labour force,0.0,15790.0,Other Backward Class,RESAMPLED_BASELINE
Kancheepuram,03,Rural,22,Male,1,5,5,Regular wage/salary earning,Literate,Higher Secondary,Employed,Employed,12000.0,22458.0,Scheduled Caste,RESAMPLED_BASELINE
Krishnagiri,30,Rural,33,Male,1,5,3,Regular wage/salary earning,Literate,Diploma/Certificate,Employed,Employed,19400.0,10286.0,Scheduled Caste,RESAMPLED_BASELINE
Thanjavur,19,Urban,3,Male,1,5,2,Others,Illiterate,Not literate,Not in labour force,Not in labour force,0.0,53048.0,Other Backward Class,RESAMPLED_BASELINE
Thanjavur,19,Urban,10,Male,1,5,4,Self-employed in non-agriculture,Literate,Below Primary,Not in labour force,Not in labour force,0.0,53247.0,Other Backward Class,RESAMPLED_BASELINE
Coimbatore,31,Rural,25,Female,2,4,5,Regular wage/salary earning,Literate,Diploma/Certificate,Not in labour force,Not in labour force,0.0,21543.0,Other Backward Class,RESAMPLED_BASELINE
Madurai,22,Rural,27,Male,1,5,3,Casual labour in non-agriculture,Literate,Higher Secondary,Employed,Employed,0.0,10122.0,Other Backward Class,RESAMPLED_BASELINE
Madurai,22,Urban,5,Male,1,5,4,Self-employed in agriculture,Literate,Below Primary,Not in labour force,Not in labour force,0.0,19557.0,Other Backward Class,RESAMPLED_BASELINE
Ramanathapuram,25,Rural,12,Female,1,5,3,Casual labour in non-agriculture,Literate,Primary,Not in labour force,Not in labour force,0.0,9200.0,Scheduled Caste,RESAMPLED_BASELINE
Cuddalore,16,Rural,12,Female,1,5,4,Casual labour in non-agriculture,Literate,Primary,Not in labour force,Not in labour force,0.0,10975.0,Scheduled Caste,RESAMPLED_BASELINE
Thoothukudi,26,Urban,42,Female,2,2,4,Self-employed in agriculture,Literate,Diploma/Certificate,Not in labour force,Not in labour force,0.0,16592.0,Other Backward Class,RESAMPLED_BASELINE
Vellore,04,Rural,37,Male,1,8,6,Self-employed in agriculture,Illiterate,Not literate,Not in labour force,Not in labour force,0.0,12988.0,Other Backward Class,RESAMPLED_BASELINE
Kallakurichi,34,Rural,50,Female,2,2,2,Self-employed in non-agriculture,Literate,Middle,Employed,Employed,0.0,7183.0,Other Backward Class,RESAMPLED_BASELINE
Tenkasi,33,Urban,9,Female,1,5,4,Self-employed in non-agriculture,Literate,Below Primary,Not in labour force,Not in labour force,0.0,15785.0,Others,RESAMPLED_BASELINE
The Nilgiris,10,Urban,22,Female,2,2,3,Self-employed in non-agriculture,Literate,Diploma/Certificate,Employed,Employed,10200.0,6425.0,Other Backward Class,RESAMPLED_BASELINE
Thanjavur,19,Urban,41,Female,2,2,4,Self-employed in non-agriculture,Literate,Diploma/Certificate,Not in labour force,Not in labour force,0.0,58619.0,Other Backward Class,RESAMPLED_BASELINE
Ramanathapuram,25,Urban,71,Male,2,1,6,Self-employed in agriculture,Literate,Below Primary,Not in labour force,Not in labour force,0.0,11733.0,Other Backward Class,RESAMPLED_BASELINE
Tirunelveli,27,Rural,37,Female,2,2,4,Regular wage/salary earning,Literate,Diploma/Certificate,Not in labour force,Not in labour force,0.0,18967.0,Other Backward Class,RESAMPLED_BASELINE
Theni,23,Rural,21,Female,1,6,3,Regular wage/salary earning,Literate,Diploma/Certificate,Unemployed,Unemployed,0.0,7742.0,Scheduled Caste,RESAMPLED_BASELINE
Salem,07,Rural,21,Female,1,5,4,Casual labour in non-agriculture,Literate,Diploma/Certificate,Not in labour force,Not in labour force,0.0,12925.0,Other Backward Class,RESAMPLED_BASELINE
Kanniyakumari,28,Urban,55,Male,2,1,5,Regular wage/salary earning,Literate,Primary,Employed,Employed,0.0,19247.0,Other Backward Class,RESAMPLED_BASELINE
Ranipet,35,Urban,3,Male,1,6,14,Self-employed in non-agriculture,Illiterate,Not literate,Not in labour force,Not in labour force,0.0,50046.0,Other Backward Class,RESAMPLED_BASELINE
Theni,23,Rural,16,Male,1,5,5,Casual labour in non-agriculture,Literate,Secondary,Not in labour force,Not in labour force,0.0,10843.0,Other Backward Class,RESAMPLED_BASELINE
Vellore,04,Urban,13,Female,1,6,3,Others,Literate,Primary,Not in labour force,Not in labour force,0.0,31838.0,Other Backward Class,RESAMPLED_BASELINE
Perambalur,14,Urban,47,Female,2,2,2,Regular wage/salary earning,Literate,Primary,Employed,Employed,0.0,5752.0,Other Backward Class,RESAMPLED_BASELINE
Kanniyakumari,28,Urban,53,Male,2,1,5,Self-employed in non-agriculture,Literate,Below Primary,Employed,Employed,5500.0,14395.0,Other Backward Class,RESAMPLED_BASELINE
Chennai,02,Urban,38,Female,2,4,5,Self-employed in non-agriculture,Literate,Diploma/Certificate,Employed,Employed,35123.0,40274.0,Other Backward Class,RESAMPLED_BASELINE
Tirunelveli,27,Rural,22,Male,1,5,5,Self-employed in non-agriculture,Literate,Middle,Unemployed,Unemployed,0.0,17175.0,Other Backward Class,RESAMPLED_BASELINE
Cuddalore,16,Rural,62,Female,2,1,2,Casual labour in agriculture,Illiterate,Not literate,Employed,Employed,0.0,3483.0,Scheduled Caste,RESAMPLED_BASELINE
Erode,09,Urban,59,Male,3,8,3,Self-employed in non-agriculture,Literate,Higher Secondary,Employed,Employed,9000.0,12740.0,Other Backward Class,RESAMPLED_BASELINE
Pudukkottai,20,Rural,55,Male,2,1,4,Self-employed in non-agriculture,Literate,Higher Secondary,Employed,Employed,0.0,9668.0,Other Backward Class,RESAMPLED_BASELINE
Chennai,02,Urban,0,Male,1,5,3,Self-employed in non-agriculture,Illiterate,Not literate,Not in labour force,Not in labour force,0.0,20600.0,Other Backward Class,RESAMPLED_BASELINE
Unknown,37,Rural,45,Male,2,1,4,Regular wage/salary earning,Literate,Middle,Employed,Employed,0.0,8077.0,Other Backward Class,RESAMPLED_BASELINE
Madurai,22,Urban,60,Female,2,2,2,Self-employed in non-agriculture,Literate,Higher Secondary,Not in labour force,Not in labour force,0.0,10957.0,Other Backward Class,RESAMPLED_BASELINE
Tiruchirappalli,13,Urban,48,Male,2,1,6,Self-employed in agriculture,Literate,Secondary,Employed,Employed,0.0,28375.0,Other Backward Class,RESAMPLED_BASELINE
Tirupathur,36,Rural,45,Female,3,1,2,Regular wage/salary earning,Illiterate,Not literate,Employed,Employed,8000.0,7478.0,Other Backward Class,RESAMPLED_BASELINE
Kallakurichi,34,Rural,11,Female,1,5,4,Casual labour in non-agriculture,Literate,Primary,Not in labour force,Not in labour force,0.0,8903.0,Other Backward Class,RESAMPLED_BASELINE
Thiruvallur,01,Rural,21,Male,1,5,3,Regular wage/salary earning,Literate,Diploma/Certificate,Employed,Employed,10000.0,15502.0,Other Backward Class,RESAMPLED_BASELINE
Namakkal,08,Rural,8,Female,1,5,4,Regular wage/salary earning,Literate,Below Primary,Not in labour force,Not in labour force,0.0,16558.0,Other Backward Class,RESAMPLED_BASELINE
Viluppuram,06,Rural,80,Male,2,1,2,Self-employed in agriculture,Illiterate,Not literate,Not in labour force,Not in labour force,0.0,3050.0,Scheduled Caste,RESAMPLED_BASELINE
Thanjavur,19,Rural,45,Female,3,8,4,Self-employed in agriculture,Literate,Secondary,Not in labour force,Not in labour force,0.0,10336.0,Other Backward Class,RESAMPLED_BASELINE
Thiruvallur,01,Rural,37,Female,2,2,5,Self-employed in non-agriculture,Illiterate,Not literate,Not in labour force,Not in labour force,0.0,15790.0,Other Backward Class,RESAMPLED_BASELINE
Thanjavur,19,Rural,43,Male,2,1,5,Self-employed in agriculture,Literate,Middle,Employed,Employed,0.0,23389.0,Other Backward Class,RESAMPLED_BASELINE
Coimbatore,31,Rural,16,Female,1,6,4,Casual labour in agriculture,Literate,Secondary,Not in labour force,Not in labour force,0.0,5792.0,Scheduled Caste,RESAMPLED_BASELINE
Kancheepuram,03,Urban,68,Female,3,1,1,Others,Illiterate,Not literate,Not in labour force,Not in labour force,0.0,7747.0,Other Backward Class,RESAMPLED_BASELINE
Tiruvannamalai,05,Rural,32,Female,2,8,11,Self-employed in agriculture,Literate,Diploma/Certificate,Not in labour force,Not in labour force,0.0,31142.0,Other Backward Class,RESAMPLED_BASELINE
Thiruvarur,18,Urban,37,Female,2,1,5,Others,Literate,Secondary,Not in labour force,Not in labour force,0.0,39653.0,Other Backward Class,RESAMPLED_BASELINE
Kallakurichi,34,Rural,21,Female,2,4,4,Casual labour in agriculture,Literate,Middle,Not in labour force,Not in labour force,0.0,6258.0,Scheduled Tribe,RESAMPLED_BASELINE
Salem,07,Urban,43,Female,2,2,4,Self-employed in non-agriculture,Literate,Below Primary,Employed,Employed,0.0,11117.0,Other Backward Class,RESAMPLED_BASELINE
Coimbatore,31,Urban,26,Male,2,2,3,Self-employed in non-agriculture,Literate,Primary,Employed,Employed,12000.0,11451.0,Other Backward Class,RESAMPLED_BASELINE
Virudhunagar,24,Urban,7,Male,1,5,4,Self-employed in non-agriculture,Literate,Below Primary,Not in labour force,Not in labour force,0.0,13285.0,Other Backward Class,RESAMPLED_BASELINE
Coimbatore,31,Rural,60,Female,3,1,4,Casual labour in agriculture,Illiterate,Not literate,Not in labour force,Not in labour force,0.0,5792.0,Scheduled Caste,RESAMPLED_BASELINE
Thanjavur,19,Urban,22,Female,2,4,8,Self-employed in agriculture,Literate,Diploma/Certificate,Not in labour force,Not in labour force,0.0,43725.0,Other Backward Class,RESAMPLED_BASELINE
Thanjavur,19,Urban,40,Female,1,5,3,Self-employed in agriculture,Literate,Middle,Employed,Employed,0.0,20908.0,Scheduled Caste,RESAMPLED_BASELINE
Thiruvarur,18,Rural,23,Female,2,2,2,Others,Literate,Diploma/Certificate,Not in labour force,Not in labour force,0.0,9972.0,Other Backward Class,RESAMPLED_BASELINE
Krishnagiri,30,Urban,9,Male,1,5,5,Regular wage/salary earning,Literate,Below Primary,Not in labour force,Not in labour force,0.0,10892.0,Other Backward Class,RESAMPLED_BASELINE
Tirupathur,36,Urban,38,Male,2,1,4,Self-employed in non-agriculture,Literate,Diploma/Certificate,Employed,Employed,15000.0,14348.0,Other Backward Class,RESAMPLED_BASELINE
Kancheepuram,03,Urban,5,Female,1,6,5,Self-employed in non-agriculture,Illiterate,Not literate,Not in labour force,Not in labour force,0.0,40703.0,Scheduled Caste,RESAMPLED_BASELINE
Dharmapuri,29,Rural,2,Female,1,6,6,Casual labour in non-agriculture,Illiterate,Not literate,Not in labour force,Not in labour force,0.0,16754.0,Other Backward Class,RESAMPLED_BASELINE
Mayiladuthurai,38,Rural,19,Male,1,5,4,Others,Literate,Higher Secondary,Not in labour force,Not in labour force,0.0,21002.0,Other Backward Class,RESAMPLED_BASELINE
Vellore,04,Rural,34,Female,2,2,5,Self-employed in non-agriculture,Literate,Secondary,Employed,Employed,9000.0,8093.0,Other Backward Class,RESAMPLED_BASELINE
Coimbatore,31,Rural,50,Female,2,2,4,Regular wage/salary earning,Illiterate,Not literate,Employed,Employed,0.0,16212.0,Other Backward Class,RESAMPLED_BASELINE
Coimbatore,31,Urban,7,Male,1,5,3,Self-employed in non-agriculture,Literate,Below Primary,Not in labour force,Not in labour force,0.0,15458.0,Other Backward Class,RESAMPLED_BASELINE
Ranipet,35,Urban,50,Male,2,1,3,Regular wage/salary earning,Literate,Diploma/Certificate,Employed,Employed,0.0,7348.0,Other Backward Class,RESAMPLED_BASELINE
Kanniyakumari,28,Urban,5,Male,1,5,4,Self-employed in non-agriculture,Illiterate,Not literate,Not in labour force,Not in labour force,0.0,14900.0,Other Backward Class,RESAMPLED_BASELINE
Namakkal,08,Urban,52,Male,2,1,5,Self-employed in agriculture,Literate,Below Primary,Employed,Employed,0.0,21404.0,Other Backward Class,RESAMPLED_BASELINE
Erode,09,Rural,55,Female,3,1,1,Others,Illiterate,Not literate,Not in labour force,Not in labour force,0.0,1403.0,Scheduled Caste,RESAMPLED_BASELINE
Ariyalur,15,Rural,70,Female,3,7,5,Self-employed in agriculture,Illiterate,Not literate,Not in labour force,Not in labour force,0.0,15467.0,Other Backward Class,RESAMPLED_BASELINE
Thiruvallur,01,Urban,4,Female,1,5,4,Self-employed in agriculture,Illiterate,Not literate,Not in labour force,Not in labour force,0.0,16835.0,Scheduled Caste,RESAMPLED_BASELINE
Unknown,37,Rural,17,Male,1,5,4,Regular wage/salary earning,Literate,Higher Secondary,Not in labour force,Not in labour force,0.0,8077.0,Other Backward Class,RESAMPLED_BASELINE
Dindigul,11,Urban,4,Female,1,5,4,Self-employed in agriculture,Illiterate,Not literate,Not in labour force,Not in labour force,0.0,19342.0,Other Backward Class,RESAMPLED_BASELINE
The Nilgiris,10,Urban,24,Male,2,1,3,Self-employed in non-agriculture,Literate,Middle,Employed,Employed,0.0,6470.0,Other Backward Class,RESAMPLED_BASELINE
Thanjavur,19,Rural,14,Male,1,5,5,Self-employed in non-agriculture,Literate,Middle,Not in labour force,Not in labour force,0.0,15034.0,Other Backward Class,RESAMPLED_BASELINE
Chennai,02,Urban,25,Male,2,1,2,Self-employed in non-agriculture,Literate,Middle,Employed,Employed,0.0,14678.0,Scheduled Caste,RESAMPLED_BASELINE
Tiruchirappalli,13,Rural,37,Female,2,2,4,Regular wage/salary earning,Literate,Diploma/Certificate,Employed,Employed,38500.0,14463.0,Other Backward Class,RESAMPLED_BASELINE
Dindigul,11,Rural,4,Male,1,6,6,Regular wage/salary earning,Literate,Below Primary,Not in labour force,Not in labour force,0.0,11609.0,Other Backward Class,RESAMPLED_BASELINE
Krishnagiri,30,Urban,49,Male,2,1,4,Self-employed in non-agriculture,Literate,Middle,Employed,Employed,33500.0,13213.0,Scheduled Caste,RESAMPLED_BASELINE
Krishnagiri,30,Urban,7,Female,1,5,4,Self-employed in non-agriculture,Literate,Below Primary,Not in labour force,Not in labour force,0.0,12301.0,Other Backward Class,RESAMPLED_BASELINE
Chennai,02,Urban,2,Male,1,6,6,Self-employed in agriculture,Illiterate,Not literate,Not in labour force,Not in labour force,0.0,26048.0,Others,RESAMPLED_BASELINE
Krishnagiri,30,Urban,33,Male,2,1,5,Regular wage/salary earning,Literate,Below Primary,Employed,Employed,0.0,10892.0,Other Backward Class,RESAMPLED_BASELINE
Madurai,22,Rural,45,Male,2,1,5,Self-employed in agriculture,Literate,Diploma/Certificate,Employed,Employed,0.0,19830.0,Other Backward Class,RESAMPLED_BASELINE
Kallakurichi,34,Urban,15,Male,1,5,5,Self-employed in non-agriculture,Literate,Secondary,Not in labour force,Not in labour force,0.0,18367.0,Other Backward Class,RESAMPLED_BASELINE
Tenkasi,33,Rural,79,Male,2,1,2,Others,Literate,Secondary,Not in labour force,Not in labour force,0.0,25680.0,Other Backward Class,RESAMPLED_BASELINE
Tenkasi,33,Urban,44,Male,2,1,4,Self-employed in non-agriculture,Literate,Diploma/Certificate,Employed,Employed,32250.0,22651.0,Other Backward Class,RESAMPLED_BASELINE
Coimbatore,31,Urban,34,Female,2,1,4,Self-employed in agriculture,Literate,Middle,Employed,Employed,0.0,11753.0,Other Backward Class,RESAMPLED_BASELINE
Thiruvarur,18,Rural,22,Male,1,5,5,Regular wage/salary earning,Literate,Diploma/Certificate,Employed,Employed,13500.0,14575.0,Other Backward Class,RESAMPLED_BASELINE
Ramanathapuram,25,Rural,70,Male,4,1,4,Casual labour in agriculture,Illiterate,Not literate,Employed,Employed,0.0,6608.0,Other Backward Class,RESAMPLED_BASELINE
Karur,12,Rural,41,Female,2,2,3,Casual labour in agriculture,Literate,Primary,Employed,Employed,0.0,10140.0,Other Backward Class,RESAMPLED_BASELINE
Thanjavur,19,Rural,74,Female,3,7,3,Regular wage/salary earning,Illiterate,Not literate,Not in labour force,Not in labour force,0.0,9190.0,Other Backward Class,RESAMPLED_BASELINE
Krishnagiri,30,Rural,29,Male,2,3,8,Regular wage/salary earning,Literate,Diploma/Certificate,Employed,Employed,18700.0,17230.0,Other Backward Class,RESAMPLED_BASELINE
Cuddalore,16,Urban,12,Male,1,5,3,Self-employed in agriculture,Literate,Primary,Not in labour force,Not in labour force,0.0,11617.0,Other Backward Class,RESAMPLED_BASELINE
Ranipet,35,Urban,1,Female,1,6,4,Others,Illiterate,Not literate,Not in labour force,Not in labour force,0.0,11348.0,Other Backward Class,RESAMPLED_BASELINE
Mayiladuthurai,38,Rural,56,Female,2,2,3,Others,Illiterate,Not literate,Not in labour force,Not in labour force,0.0,11426.0,Other Backward Class,RESAMPLED_BASELINE
Thanjavur,19,Urban,61,Male,2,1,5,Self-employed in non-agriculture,Literate,Diploma/Certificate,Not in labour force,Not in labour force,0.0,20725.0,Other Backward Class,RESAMPLED_BASELINE
Sivaganga,21,Rural,7,Female,1,5,7,Casual labour in non-agriculture,Literate,Below Primary,Not in labour force,Not in labour force,0.0,10013.0,Other Backward Class,RESAMPLED_BASELINE
Coimbatore,31,Rural,58,Male,2,1,3,Casual labour in non-agriculture,Illiterate,Not literate,Employed,Employed,0.0,8278.0,Scheduled Caste,RESAMPLED_BASELINE
Nagapattinam,17,Urban,59,Female,3,1,1,Others,Literate,Primary,Not in labour force,Not in labour force,0.0,6941.0,Other Backward Class,RESAMPLED_BASELINE
Thanjavur,19,Rural,25,Male,1,5,3,Casual labour in agriculture,Literate,Middle,Employed,Employed,0.0,21992.0,Scheduled Caste,RESAMPLED_BASELINE
Tenkasi,33,Rural,12,Male,1,5,4,Regular wage/salary earning,Literate,Primary,Not in labour force,Not in labour force,0.0,22075.0,Other Backward Class,RESAMPLED_BASELINE
Salem,07,Urban,58,Female,2,2,2,Regular wage/salary earning,Illiterate,Not literate,Employed,Employed,0.0,6667.0,Other Backward Class,RESAMPLED_BASELINE
Tiruvannamalai,05,Urban,58,Female,2,2,2,Others,Literate,Primary,Not in labour force,Not in labour force,0.0,6655.0,Other Backward Class,RESAMPLED_BASELINE
Tiruchirappalli,13,Rural,6,Male,1,5,4,Regular wage/salary earning,Literate,Below Primary,Not in labour force,Not in labour force,0.0,9488.0,Other Backward Class,RESAMPLED_BASELINE
Cuddalore,16,Urban,42,Male,2,1,4,Self-employed in agriculture,Literate,Middle,Employed,Employed,0.0,11683.0,Other Backward Class,RESAMPLED_BASELINE
Kanniyakumari,28,Urban,13,Male,1,5,4,Regular wage/salary earning,Literate,Middle,Not in labour force,Not in labour force,0.0,13413.0,Other Backward Class,RESAMPLED_BASELINE
The Nilgiris,10,Rural,34,Male,2,3,5,Casual labour in agriculture,Literate,Primary,Employed,Employed,0.0,16267.0,Other Backward Class,RESAMPLED_BASELINE
Dharmapuri,29,Urban,42,Male,2,1,3,Self-employed in non-agriculture,Literate,Diploma/Certificate,Employed,Employed,28400.0,13431.0,Other Backward Class,RESAMPLED_BASELINE
Tiruchirappalli,13,Rural,29,Female,2,2,3,Regular wage/salary earning,Literate,Middle,Not in labour force,Not in labour force,0.0,8753.0,Scheduled Caste,RESAMPLED_BASELINE
Tiruchirappalli,13,Rural,32,Male,2,1,3,Regular wage/salary earning,Literate,Diploma/Certificate,Employed,Employed,15000.0,10300.0,Other Backward Class,RESAMPLED_BASELINE
Kancheepuram,03,Urban,28,Male,1,1,2,Self-employed in non-agriculture,Literate,Diploma/Certificate,Employed,Employed,18000.0,16963.0,Other Backward Class,RESAMPLED_BASELINE
Sivaganga,21,Rural,18,Female,1,5,4,Self-employed in agriculture,Literate,Higher Secondary,Not in labour force,Not in labour force,0.0,16782.0,Other Backward Class,RESAMPLED_BASELINE
Tiruppur,32,Urban,55,Female,2,2,2,Regular wage/salary earning,Literate,Middle,Not in labour force,Not in labour force,0.0,9487.0,Other Backward Class,RESAMPLED_BASELINE
Salem,07,Urban,7,Female,1,5,4,Self-employed in non-agriculture,Illiterate,Not literate,Not in labour force,Not in labour force,0.0,17200.0,Other Backward Class,RESAMPLED_BASELINE
Salem,07,Rural,20,Male,1,5,3,Others,Literate,Higher Secondary,Not in labour force,Not in labour force,0.0,16500.0,Other Backward Class,RESAMPLED_BASELINE
Madurai,22,Urban,1,Male,1,6,9,Self-employed in non-agriculture,Illiterate,Not literate,Not in labour force,Not in labour force,0.0,38360.0,Other Backward Class,RESAMPLED_BASELINE
Dharmapuri,29,Urban,28,Female,1,5,4,Self-employed in non-agriculture,Literate,Diploma/Certificate,Employed,Employed,25600.0,16653.0,Other Backward Class,RESAMPLED_BASELINE
Tenkasi,33,Urban,41,Female,2,2,4,Self-employed in non-agriculture,Literate,Diploma/Certificate,Not in labour force,Not in labour force,0.0,26090.0,Other Backward Class,RESAMPLED_BASELINE
Pudukkottai,20,Rural,33,Male,2,3,5,Regular wage/salary earning,Literate,Diploma/Certificate,Employed,Employed,15000.0,12247.0,Scheduled Caste,RESAMPLED_BASELINE
Kanniyakumari,28,Urban,9,Male,1,5,4,Self-employed in agriculture,Literate,Below Primary,Not in labour force,Not in labour force,0.0,11564.0,Other Backward Class,RESAMPLED_BASELINE
Pudukkottai,20,Rural,40,Male,2,1,6,Self-employed in agriculture,Literate,Middle,Employed,Employed,0.0,9368.0,Other Backward Class,RESAMPLED_BASELINE
Kancheepuram,03,Rural,13,Female,1,5,3,Regular wage/salary earning,Literate,Primary,Not in labour force,Not in labour force,0.0,7487.0,Other Backward Class,RESAMPLED_BASELINE
Thiruvallur,01,Urban,46,Female,2,2,4,Self-employed in non-agriculture,Literate,Higher Secondary,Not in labour force,Not in labour force,0.0,14495.0,Other Backward Class,RESAMPLED_BASELINE
Salem,07,Urban,33,Female,2,2,4,Self-employed in non-agriculture,Literate,Diploma/Certificate,Not in labour force,Not in labour force,0.0,17200.0,Other Backward Class,RESAMPLED_BASELINE
Thoothukudi,26,Rural,14,Male,1,6,7,Casual labour in non-agriculture,Literate,Middle,Not in labour force,Not in labour force,0.0,9945.0,Other Backward Class,RESAMPLED_BASELINE
Tiruvannamalai,05,Urban,46,Female,2,2,3,Self-employed in non-agriculture,Literate,Middle,Not in labour force,Not in labour force,0.0,18090.0,Other Backward Class,RESAMPLED_BASELINE
Salem,07,Urban,66,Female,3,7,5,Self-employed in agriculture,Illiterate,Not literate,Not in labour force,Not in labour force,0.0,20204.0,Other Backward Class,RESAMPLED_BASELINE
Tenkasi,33,Rural,16,Male,1,5,4,Self-employed in agriculture,Literate,Secondary,Not in labour force,Not in labour force,0.0,7620.0,Scheduled Caste,RESAMPLED_BASELINE
Virudhunagar,24,Rural,59,Male,2,7,6,Casual labour in non-agriculture,Literate,Middle,Employed,Employed,0.0,16428.0,Other Backward Class,RESAMPLED_BASELINE
Thanjavur,19,Urban,60,Female,3,1,2,Self-employed in non-agriculture,Illiterate,Not literate,Employed,Employed,9500.0,17133.0,Other Backward Class,RESAMPLED_BASELINE
Ramanathapuram,25,Urban,30,Female,2,2,4,Self-employed in non-agriculture,Literate,Diploma/Certificate,Not in labour force,Not in labour force,0.0,13493.0,Other Backward Class,RESAMPLED_BASELINE
Karur,12,Urban,35,Female,2,3,3,Self-employed in agriculture,Literate,Higher Secondary,Not in labour force,Not in labour force,0.0,10707.0,Other Backward Class,RESAMPLED_BASELINE
Tiruppur,32,Urban,23,Male,1,5,4,Regular wage/salary earning,Literate,Diploma/Certificate,Unemployed,Unemployed,0.0,16692.0,Other Backward Class,RESAMPLED_BASELINE
Thanjavur,19,Rural,37,Female,2,4,4,Self-employed in non-agriculture,Illiterate,Not literate,Employed,Employed,0.0,17242.0,Other Backward Class,RESAMPLED_BASELINE
Nagapattinam,17,Urban,32,Male,2,3,5,Self-employed in agriculture,Literate,Middle,Employed,Employed,0.0,16639.0,Other Backward Class,RESAMPLED_BASELINE
Virudhunagar,24,Urban,68,Male,2,1,9,Self-employed in non-agriculture,Literate,Primary,Not in labour force,Not in labour force,0.0,17400.0,Other Backward Class,RESAMPLED_BASELINE
Thiruvarur,18,Rural,2,Female,1,5,5,Others,Illiterate,Not literate,Not in labour force,Not in labour force,0.0,27190.0,Scheduled Caste,RESAMPLED_BASELINE
Kanniyakumari,28,Urban,23,Female,1,5,4,Regular wage/salary earning,Literate,Diploma/Certificate,Not in labour force,Not in labour force,0.0,17100.0,Others,RESAMPLED_BASELINE
Kanniyakumari,28,Urban,3,Female,1,6,6,Self-employed in non-agriculture,Illiterate,Not literate,Not in labour force,Not in labour force,0.0,25850.0,Other Backward Class,RESAMPLED_BASELINE
Unknown,37,Rural,50,Female,2,2,3,Self-employed in agriculture,Literate,Primary,Employed,Employed,0.0,10855.0,Other Backward Class,RESAMPLED_BASELINE
Tiruvannamalai,05,Rural,75,Male,2,1,3,Self-employed in non-agriculture,Illiterate,Not literate,Not in labour force,Not in labour force,0.0,3475.0,Other Backward Class,RESAMPLED_BASELINE
Chennai,02,Urban,22,Male,1,5,4,Self-employed in agriculture,Literate,Diploma/Certificate,Unemployed,Unemployed,0.0,23137.0,Other Backward Class,RESAMPLED_BASELINE
Thiruvallur,01,Urban,64,Male,2,1,3,Regular wage/salary earning,Literate,Middle,Employed,Employed,0.0,8867.0,Other Backward Class,RESAMPLED_BASELINE
Dindigul,11,Urban,18,Female,1,5,5,Regular wage/salary earning,Literate,Higher Secondary,Not in labour force,Not in labour force,0.0,13036.0,Other Backward Class,RESAMPLED_BASELINE
Madurai,22,Urban,4,Female,1,5,4,Regular wage/salary earning,Literate,Below Primary,Not in labour force,Not in labour force,0.0,11013.0,Other Backward Class,RESAMPLED_BASELINE
Tirunelveli,27,Urban,0,Female,1,6,5,Self-employed in agriculture,Illiterate,Not literate,Not in labour force,Not in labour force,0.0,15450.0,Other Backward Class,RESAMPLED_BASELINE
Vellore,04,Rural,31,Male,1,5,5,Regular wage/salary earning,Literate,Primary,Employed,Employed,12000.0,10405.0,Scheduled Caste,RESAMPLED_BASELINE
Tiruppur,32,Urban,19,Male,1,5,5,Regular wage/salary earning,Literate,Higher Secondary,Not in labour force,Not in labour force,0.0,15700.0,Other Backward Class,RESAMPLED_BASELINE
Virudhunagar,24,Urban,50,Male,2,1,3,Self-employed in non-agriculture,Literate,Higher Secondary,Employed,Employed,45000.0,17117.0,Other Backward Class,RESAMPLED_BASELINE
Cuddalore,16,Urban,46,Male,2,1,4,Regular wage/salary earning,Literate,Middle,Employed,Employed,0.0,11150.0,Other Backward Class,RESAMPLED_BASELINE
Ranipet,35,Urban,8,Male,1,5,4,Self-employed in non-agriculture,Literate,Below Primary,Not in labour force,Not in labour force,0.0,8280.0,Other Backward Class,RESAMPLED_BASELINE
Chennai,02,Urban,6,Female,1,6,5,Self-employed in non-agriculture,Illiterate,Not literate,Not in labour force,Not in labour force,0.0,23054.0,Scheduled Caste,RESAMPLED_BASELINE
Krishnagiri,30,Rural,54,Male,2,1,4,Regular wage/salary earning,Illiterate,Not literate,Employed,Employed,0.0,11784.0,Scheduled Caste,RESAMPLED_BASELINE
Coimbatore,31,Urban,21,Male,1,1,1,Regular wage/salary earning,Literate,Higher Secondary,Not in labour force,Not in labour force,0.0,3553.0,Other Backward Class,RESAMPLED_BASELINE
Thoothukudi,26,Urban,61,Female,2,2,2,Others,Illiterate,Not literate,Not in labour force,Not in labour force,0.0,8025.0,Other Backward Class,RESAMPLED_BASELINE
Kancheepuram,03,Rural,40,Male,2,2,3,Regular wage/salary earning,Literate,Secondary,Employed,Employed,25000.0,7487.0,Other Backward Class,RESAMPLED_BASELINE
Tiruchirappalli,13,Urban,43,Male,2,1,4,Self-employed in non-agriculture,Literate,Primary,Employed,Employed,14000.0,12578.0,Other Backward Class,RESAMPLED_BASELINE
Chennai,02,Urban,26,Male,1,5,2,Self-employed in non-agriculture,Literate,Diploma/Certificate,Employed,Employed,16000.0,20800.0,Other Backward Class,RESAMPLED_BASELINE
Kancheepuram,03,Rural,4,Female,1,5,6,Regular wage/salary earning,Illiterate,Not literate,Not in labour force,Not in labour force,0.0,23318.0,Scheduled Caste,RESAMPLED_BASELINE
Ariyalur,15,Rural,24,Male,1,5,4,Self-employed in agriculture,Literate,Diploma/Certificate,Employed,Employed,0.0,18706.0,Other Backward Class,RESAMPLED_BASELINE
Thanjavur,19,Urban,52,Female,2,2,3,Self-employed in agriculture,Literate,Secondary,Not in labour force,Not in labour force,0.0,18349.0,Scheduled Caste,RESAMPLED_BASELINE
Salem,07,Rural,39,Female,2,2,3,Regular wage/salary earning,Literate,Primary,Employed,Employed,8000.0,8758.0,Other Backward Class,RESAMPLED_BASELINE
Tenkasi,33,Rural,0,Male,1,8,4,Regular wage/salary earning,Illiterate,Not literate,Not in labour force,Not in labour force,0.0,12262.0,Other Backward Class,RESAMPLED_BASELINE
Madurai,22,Urban,8,Male,1,5,5,Self-employed in non-agriculture,Literate,Below Primary,Not in labour force,Not in labour force,0.0,17183.0,Other Backward Class,RESAMPLED_BASELINE
Coimbatore,31,Urban,23,Male,1,5,3,Self-employed in non-agriculture,Literate,Middle,Employed,Employed,17330.0,11224.0,Scheduled Caste,RESAMPLED_BASELINE
Thoothukudi,26,Rural,42,Male,2,1,5,Casual labour in non-agriculture,Literate,Middle,Employed,Employed,0.0,10473.0,Scheduled Caste,RESAMPLED_BASELINE
Tiruchirappalli,13,Urban,49,Female,3,1,1,Self-employed in non-agriculture,Literate,Below Primary,Employed,Employed,6500.0,5232.0,Scheduled Caste,RESAMPLED_BASELINE
Thoothukudi,26,Rural,16,Male,1,5,5,Self-employed in agriculture,Literate,Secondary,Not in labour force,Not in labour force,0.0,10143.0,Scheduled Caste,RESAMPLED_BASELINE
Krishnagiri,30,Rural,69,Female,3,7,5,Casual labour in non-agriculture,Illiterate,Not literate,Not in labour force,Not in labour force,0.0,7093.0,Other Backward Class,RESAMPLED_BASELINE
Krishnagiri,30,Rural,29,Male,1,5,2,Self-employed in agriculture,Literate,Higher Secondary,Employed,Employed,0.0,7667.0,Other Backward Class,RESAMPLED_BASELINE
Sivaganga,21,Rural,40,Male,2,1,7,Casual labour in non-agriculture,Literate,Middle,Employed,Employed,0.0,10013.0,Other Backward Class,RESAMPLED_BASELINE
Madurai,22,Urban,73,Female,3,1,5,Self-employed in non-agriculture,Literate,Middle,Not in labour force,Not in labour force,0.0,19665.0,Other Backward Class,RESAMPLED_BASELINE
Salem,07,Rural,19,Male,1,5,6,Regular wage/salary earning,Literate,Secondary,Employed,Employed,15000.0,17333.0,Other Backward Class,RESAMPLED_BASELINE
Tirupathur,36,Rural,38,Female,2,2,4,Self-employed in non-agriculture,Literate,Diploma/Certificate,Employed,Employed,15000.0,7578.0,Scheduled Caste,RESAMPLED_BASELINE
Thiruvallur,01,Urban,18,Male,1,5,2,Self-employed in non-agriculture,Literate,Secondary,Not in labour force,Not in labour force,0.0,47287.0,Other Backward Class,RESAMPLED_BASELINE
Chennai,02,Urban,50,Male,2,1,4,Self-employed in non-agriculture,Literate,Middle,Employed,Employed,31000.0,21287.0,Scheduled Caste,RESAMPLED_BASELINE
Dharmapuri,29,Rural,52,Male,2,2,4,Regular wage/salary earning,Literate,Primary,Employed,Employed,0.0,9660.0,Other Backward Class,RESAMPLED_BASELINE
Dharmapuri,29,Rural,18,Male,1,5,3,Casual labour in non-agriculture,Literate,Higher Secondary,Not in labour force,Not in labour force,0.0,6809.0,Other Backward Class,RESAMPLED_BASELINE
Karur,12,Rural,13,Male,1,5,4,Self-employed in non-agriculture,Literate,Primary,Not in labour force,Not in labour force,0.0,13425.0,Other Backward Class,RESAMPLED_BASELINE
Viluppuram,06,Rural,56,Male,2,1,5,Regular wage/salary earning,Illiterate,Not literate,Employed,Employed,0.0,12467.0,Scheduled Caste,RESAMPLED_BASELINE
Pudukkottai,20,Rural,44,Male,2,1,3,Self-employed in non-agriculture,Literate,Middle,Employed,Employed,0.0,10167.0,Other Backward Class,RESAMPLED_BASELINE
Tiruppur,32,Rural,58,Female,2,7,6,Casual labour in agriculture,Illiterate,Not literate,Not in labour force,Not in labour force,0.0,9727.0,Scheduled Caste,RESAMPLED_BASELINE
Tiruchirappalli,13,Urban,48,Female,2,2,3,Self-employed in non-agriculture,Literate,Diploma/Certificate,Not in labour force,Not in labour force,0.0,21108.0,Other Backward Class,RESAMPLED_BASELINE
Thoothukudi,26,Rural,46,Female,2,2,3,Casual labour in agriculture,Literate,Secondary,Employed,Employed,0.0,12480.0,Scheduled Caste,RESAMPLED_BASELINE
Vellore,04,Urban,21,Male,1,1,1,Others,Literate,Diploma/Certificate,Not in labour force,Not in labour force,0.0,5373.0,Other Backward Class,RESAMPLED_BASELINE
Dharmapuri,29,Rural,10,Female,1,5,6,Self-employed in non-agriculture,Literate,Primary,Not in labour force,Not in labour force,0.0,14019.0,Other Backward Class,RESAMPLED_BASELINE
Cuddalore,16,Rural,48,Male,2,1,2,Casual labour in non-agriculture,Literate,Middle,Employed,Employed,0.0,6167.0,Scheduled Caste,RESAMPLED_BASELINE
Kanniyakumari,28,Urban,54,Female,2,2,2,Self-employed in non-agriculture,Literate,Diploma/Certificate,Employed,Employed,48000.0,19217.0,Other Backward Class,RESAMPLED_BASELINE
Tiruppur,32,Rural,56,Female,2,2,3,Regular wage/salary earning,Illiterate,Not literate,Not in labour force,Not in labour force,0.0,7693.0,Scheduled Caste,RESAMPLED_BASELINE
Salem,07,Urban,9,Male,1,5,4,Self-employed in agriculture,Literate,Below Primary,Not in labour force,Not in labour force,0.0,24408.0,Other Backward Class,RESAMPLED_BASELINE
Dharmapuri,29,Urban,45,Male,2,1,6,Self-employed in agriculture,Literate,Secondary,Employed,Employed,0.0,12596.0,Other Backward Class,RESAMPLED_BASELINE
Thanjavur,19,Rural,36,Male,2,1,4,Regular wage/salary earning,Literate,Diploma/Certificate,Employed,Employed,23100.0,12220.0,Scheduled Caste,RESAMPLED_BASELINE
Tenkasi,33,Urban,26,Female,2,4,3,Self-employed in non-agriculture,Literate,Diploma/Certificate,Employed,Employed,21800.0,18803.0,Other Backward Class,RESAMPLED_BASELINE
Dharmapuri,29,Rural,28,Female,2,2,4,Regular wage/salary earning,Literate,Diploma/Certificate,Not in labour force,Not in labour force,0.0,11155.0,Other Backward Class,RESAMPLED_BASELINE
Viluppuram,06,Rural,40,Male,2,1,3,Regular wage/salary earning,Literate,Below Primary,Employed,Employed,17500.0,8500.0,Scheduled Caste,RESAMPLED_BASELINE
Thiruvarur,18,Urban,49,Male,2,1,3,Self-employed in agriculture,Literate,Higher Secondary,Employed,Employed,0.0,24958.0,Other Backward Class,RESAMPLED_BASELINE
Ranipet,35,Urban,36,Male,2,3,14,Self-employed in non-agriculture,Literate,Diploma/Certificate,Employed,Employed,19500.0,50046.0,Other Backward Class,RESAMPLED_BASELINE
Namakkal,08,Rural,55,Male,2,1,2,Regular wage/salary earning,Illiterate,Not literate,Employed,Employed,7450.0,4583.0,Other Backward Class,RESAMPLED_BASELINE
Salem,07,Rural,66,Female,3,7,3,Regular wage/salary earning,Illiterate,Not literate,Not in labour force,Not in labour force,0.0,8717.0,Other Backward Class,RESAMPLED_BASELINE
Thanjavur,19,Urban,49,Male,2,1,2,Self-employed in agriculture,Literate,Primary,Employed,Employed,0.0,12377.0,Other Backward Class,RESAMPLED_BASELINE
Ranipet,35,Rural,24,Female,2,4,5,Casual labour in non-agriculture,Literate,Higher Secondary,Not in labour force,Not in labour force,0.0,8147.0,Scheduled Caste,RESAMPLED_BASELINE
Chennai,02,Urban,56,Male,2,1,5,Self-employed in non-agriculture,Literate,Higher Secondary,Employed,Employed,84700.0,33700.0,Scheduled Caste,RESAMPLED_BASELINE
Sivaganga,21,Rural,39,Female,2,2,4,Self-employed in agriculture,Literate,Below Primary,Employed,Employed,0.0,16782.0,Other Backward Class,RESAMPLED_BASELINE
Salem,07,Rural,25,Male,1,5,3,Others,Literate,Diploma/Certificate,Unemployed,Unemployed,0.0,10883.0,Scheduled Caste,RESAMPLED_BASELINE
Cuddalore,16,Rural,42,Male,2,1,4,Self-employed in agriculture,Literate,Diploma/Certificate,Employed,Employed,0.0,15142.0,Other Backward Class,RESAMPLED_BASELINE
Viluppuram,06,Rural,45,Male,2,1,4,Self-employed in agriculture,Illiterate,Not literate,Employed,Employed,0.0,9750.0,Scheduled Caste,RESAMPLED_BASELINE
Theni,23,Urban,42,Female,3,1,2,Regular wage/salary earning,Illiterate,Not literate,Employed,Employed,0.0,10617.0,Other Backward Class,RESAMPLED_BASELINE
Namakkal,08,Rural,16,Male,1,5,3,Casual labour in agriculture,Literate,Higher Secondary,Not in labour force,Not in labour force,0.0,11142.0,Other Backward Class,RESAMPLED_BASELINE
Chennai,02,Urban,49,Male,2,1,4,Self-employed in agriculture,Literate,Primary,Employed,Employed,0.0,23137.0,Other Backward Class,RESAMPLED_BASELINE
Coimbatore,31,Urban,8,Female,1,5,4,Self-employed in agriculture,Literate,Below Primary,Not in labour force,Not in labour force,0.0,21043.0,Other Backward Class,RESAMPLED_BASELINE
Ramanathapuram,25,Urban,21,Female,2,3,3,Self-employed in non-agriculture,Literate,Middle,Not in labour force,Not in labour force,0.0,9317.0,Other Backward Class,RESAMPLED_BASELINE
Dindigul,11,Urban,18,Male,1,5,5,Self-employed in non-agriculture,Literate,Higher Secondary,Not in labour force,Not in labour force,0.0,17210.0,Other Backward Class,RESAMPLED_BASELINE
Cuddalore,16,Rural,54,Male,2,1,4,Self-employed in non-agriculture,Literate,Middle,Employed,Employed,0.0,12925.0,Other Backward Class,RESAMPLED_BASELINE
Tiruvannamalai,05,Urban,5,Male,1,5,6,Self-employed in non-agriculture,Literate,Below Primary,Not in labour force,Not in labour force,0.0,10528.0,Scheduled Caste,RESAMPLED_BASELINE
Coimbatore,31,Urban,47,Male,1,5,3,Self-employed in non-agriculture,Literate,Secondary,Employed,Employed,0.0,19700.0,Other Backward Class,RESAMPLED_BASELINE
Madurai,22,Rural,54,Male,2,1,3,Casual labour in agriculture,Literate,Primary,Employed,Employed,3000.0,8001.0,Other Backward Class,RESAMPLED_BASELINE
Mayiladuthurai,38,Urban,11,Male,1,5,6,Self-employed in non-agriculture,Literate,Primary,Not in labour force,Not in labour force,0.0,18538.0,Other Backward Class,RESAMPLED_BASELINE
Namakkal,08,Rural,56,Female,2,2,5,Self-employed in non-agriculture,Literate,Middle,Not in labour force,Not in labour force,0.0,15154.0,Other Backward Class,RESAMPLED_BASELINE
Cuddalore,16,Rural,29,Female,2,4,5,Casual labour in non-agriculture,Literate,Secondary,Not in labour force,Not in labour force,0.0,8992.0,Scheduled Caste,RESAMPLED_BASELINE
Dharmapuri,29,Rural,22,Male,1,5,4,Regular wage/salary earning,Literate,Diploma/Certificate,Employed,Employed,16400.0,14797.0,Other Backward Class,RESAMPLED_BASELINE
Kancheepuram,03,Rural,70,Female,2,2,2,Others,Illiterate,Not literate,Not in labour force,Not in labour force,0.0,6295.0,Scheduled Caste,RESAMPLED_BASELINE
Dindigul,11,Rural,3,Male,1,5,6,Casual labour in non-agriculture,Illiterate,Not literate,Not in labour force,Not in labour force,0.0,13358.0,Scheduled Caste,RESAMPLED_BASELINE
Dindigul,11,Rural,4,Male,1,6,6,Regular wage/salary earning,Literate,Below Primary,Not in labour force,Not in labour force,0.0,11609.0,Other Backward Class,RESAMPLED_BASELINE
Krishnagiri,30,Urban,20,Male,1,5,4,Self-employed in non-agriculture,Literate,Middle,Employed,Employed,9500.0,12430.0,Other Backward Class,RESAMPLED_BASELINE
Salem,07,Urban,55,Male,2,1,6,Self-employed in agriculture,Illiterate,Not literate,Employed,Employed,0.0,20267.0,Other Backward Class,RESAMPLED_BASELINE
Ranipet,35,Urban,8,Male,1,5,6,Self-employed in non-agriculture,Literate,Below Primary,Not in labour force,Not in labour force,0.0,7600.0,Scheduled Caste,RESAMPLED_BASELINE
Tenkasi,33,Urban,33,Male,2,1,4,Self-employed in non-agriculture,Literate,Diploma/Certificate,Employed,Employed,70000.0,33187.0,Other Backward Class,RESAMPLED_BASELINE
Namakkal,08,Rural,7,Female,1,5,5,Regular wage/salary earning,Literate,Below Primary,Not in labour force,Not in labour force,0.0,12417.0,Other Backward Class,RESAMPLED_BASELINE
Tirunelveli,27,Rural,9,Female,1,6,5,Casual labour in non-agriculture,Literate,Below Primary,Not in labour force,Not in labour force,0.0,15397.0,Other Backward Class,RESAMPLED_BASELINE
Pudukkottai,20,Rural,35,Female,2,2,3,Regular wage/salary earning,Literate,Secondary,Not in labour force,Not in labour force,0.0,7389.0,Scheduled Caste,RESAMPLED_BASELINE
Cuddalore,16,Rural,26,Female,2,2,4,Self-employed in non-agriculture,Literate,Higher Secondary,Not in labour force,Not in labour force,0.0,10808.0,Scheduled Caste,RESAMPLED_BASELINE
Sivaganga,21,Urban,0,Male,1,5,6,Self-employed in agriculture,Illiterate,Not literate,Not in labour force,Not in labour force,0.0,13500.0,Other Backward Class,RESAMPLED_BASELINE
Tirupathur,36,Urban,2,Female,1,5,4,Self-employed in non-agriculture,Illiterate,Not literate,Not in labour force,Not in labour force,0.0,16442.0,Other Backward Class,RESAMPLED_BASELINE
Pudukkottai,20,Rural,52,Female,2,2,2,Self-employed in non-agriculture,Literate,Below Primary,Not in labour force,Not in labour force,0.0,5158.0,Other Backward Class,RESAMPLED_BASELINE
Perambalur,14,Rural,27,Male,2,3,8,Self-employed in non-agriculture,Literate,Diploma/Certificate,Employed,Employed,0.0,16833.0,Other Backward Class,RESAMPLED_BASELINE
Ariyalur,15,Rural,38,Male,2,3,10,Self-employed in non-agriculture,Literate,Secondary,Employed,Employed,0.0,13658.0,Scheduled Caste,RESAMPLED_BASELINE
Kancheepuram,03,Rural,29,Male,2,3,5,Self-employed in non-agriculture,Literate,Diploma/Certificate,Employed,Employed,0.0,39367.0,Scheduled Caste,RESAMPLED_BASELINE
Tenkasi,33,Rural,45,Female,3,1,3,Regular wage/salary earning,Literate,Below Primary,Employed,Employed,0.0,11053.0,Scheduled Caste,RESAMPLED_BASELINE
Tiruchirappalli,13,Rural,26,Male,1,5,2,Regular wage/salary earning,Literate,Diploma/Certificate,Employed,Employed,15000.0,9722.0,Other Backward Class,RESAMPLED_BASELINE
Coimbatore,31,Urban,67,Male,3,1,2,Others,Literate,Diploma/Certificate,Not in labour force,Not in labour force,0.0,7883.0,Other Backward Class,RESAMPLED_BASELINE
Kanniyakumari,28,Urban,60,Male,3,1,2,Regular wage/salary earning,Literate,Primary,Not in labour force,Not in labour force,0.0,9718.0,Other Backward Class,RESAMPLED_BASELINE
Theni,23,Rural,29,Male,2,3,6,Regular wage/salary earning,Literate,Diploma/Certificate,Employed,Employed,17000.0,15369.0,Scheduled Caste,RESAMPLED_BASELINE
Thanjavur,19,Rural,65,Female,2,1,4,Self-employed in non-agriculture,Illiterate,Not literate,Not in labour force,Not in labour force,0.0,17242.0,Other Backward Class,RESAMPLED_BASELINE
Chennai,02,Urban,49,Male,1,5,2,Self-employed in non-agriculture,Literate,Primary,Employed,Employed,15000.0,7497.0,Other Backward Class,RESAMPLED_BASELINE
Salem,07,Urban,36,Male,2,1,4,Self-employed in non-agriculture,Literate,Diploma/Certificate,Employed,Employed,25000.0,19471.0,Other Backward Class,RESAMPLED_BASELINE
Pudukkottai,20,Urban,42,Female,1,5,5,Self-employed in non-agriculture,Literate,Primary,Not in labour force,Not in labour force,0.0,13674.0,Other Backward Class,RESAMPLED_BASELINE
Madurai,22,Urban,21,Female,1,5,3,Self-employed in non-agriculture,Literate,Diploma/Certificate,Employed,Employed,12000.0,13548.0,Other Backward Class,RESAMPLED_BASELINE
Thiruvallur,01,Urban,45,Male,1,5,3,Self-employed in non-agriculture,Literate,Diploma/Certificate,Employed,Employed,45000.0,31350.0,Other Backward Class,RESAMPLED_BASELINE
Cuddalore,16,Rural,30,Female,2,2,4,Regular wage/salary earning,Literate,Diploma/Certificate,Employed,Employed,18000.0,15517.0,Scheduled Caste,RESAMPLED_BASELINE
Pudukkottai,20,Rural,58,Male,2,1,2,Casual labour in agriculture,Literate,Middle,Employed,Employed,0.0,4997.0,Other Backward Class,RESAMPLED_BASELINE
Krishnagiri,30,Urban,40,Female,2,2,4,Self-employed in non-agriculture,Literate,Middle,Employed,Employed,12800.0,12430.0,Other Backward Class,RESAMPLED_BASELINE
Dharmapuri,29,Urban,0,Female,1,5,3,Regular wage/salary earning,Illiterate,Not literate,Not in labour force,Not in labour force,0.0,6255.0,Other Backward Class,RESAMPLED_BASELINE
Kanniyakumari,28,Urban,3,Female,1,6,6,Self-employed in non-agriculture,Illiterate,Not literate,Not in labour force,Not in labour force,0.0,25850.0,Other Backward Class,RESAMPLED_BASELINE
Madurai,22,Rural,22,Female,2,4,4,Regular wage/salary earning,Literate,Diploma/Certificate,Employed,Employed,8000.0,8349.0,Other Backward Class,RESAMPLED_BASELINE
Krishnagiri,30,Rural,59,Male,2,2,2,Casual labour in agriculture,Illiterate,Not literate,Employed,Employed,0.0,4053.0,Other Backward Class,RESAMPLED_BASELINE
Cuddalore,16,Rural,75,Female,3,1,5,Self-employed in agriculture,Literate,Primary,Not in labour force,Not in labour force,0.0,12083.0,Other Backward Class,RESAMPLED_BASELINE
Thiruvallur,01,Urban,39,Female,2,2,3,Self-employed in non-agriculture,Literate,Diploma/Certificate,Not in labour force,Not in labour force,0.0,13887.0,Other Backward Class,RESAMPLED_BASELINE
Kanniyakumari,28,Urban,17,Male,1,5,3,Self-employed in agriculture,Literate,Secondary,Not in labour force,Not in labour force,0.0,27308.0,Other Backward Class,RESAMPLED_BASELINE
Tiruvannamalai,05,Urban,64,Male,2,1,4,Self-employed in non-agriculture,Literate,Secondary,Employed,Employed,0.0,13580.0,Other Backward Class,RESAMPLED_BASELINE
Madurai,22,Urban,33,Male,2,3,9,Self-employed in non-agriculture,Literate,Diploma/Certificate,Employed,Employed,20000.0,38360.0,Other Backward Class,RESAMPLED_BASELINE
Krishnagiri,30,Urban,64,Female,2,7,5,Regular wage/salary earning,Literate,Below Primary,Employed,Employed,0.0,11940.0,Other Backward Class,RESAMPLED_BASELINE
Tenkasi,33,Rural,12,Female,1,5,4,Self-employed in non-agriculture,Literate,Primary,Not in labour force,Not in labour force,0.0,18762.0,Scheduled Caste,RESAMPLED_BASELINE
Dharmapuri,29,Rural,59,Male,2,1,2,Self-employed in agriculture,Illiterate,Not literate,Employed,Employed,0.0,6095.0,Other Backward Class,RESAMPLED_BASELINE
Ranipet,35,Rural,25,Female,1,5,5,Regular wage/salary earning,Literate,Diploma/Certificate,Not in labour force,Not in labour force,0.0,10610.0,Scheduled Caste,RESAMPLED_BASELINE
Salem,07,Urban,2,Male,1,5,3,Regular wage/salary earning,Illiterate,Not literate,Not in labour force,Not in labour force,0.0,12850.0,Other Backward Class,RESAMPLED_BASELINE
Namakkal,08,Rural,41,Male,2,1,3,Casual labour in agriculture,Literate,Higher Secondary,Employed,Employed,0.0,11142.0,Other Backward Class,RESAMPLED_BASELINE
Tiruchirappalli,13,Urban,43,Male,2,1,4,Self-employed in non-agriculture,Literate,Primary,Employed,Employed,14000.0,12578.0,Other Backward Class,RESAMPLED_BASELINE
Pudukkottai,20,Rural,35,Male,2,1,3,Regular wage/salary earning,Literate,Higher Secondary,Employed,Employed,12000.0,12577.0,Other Backward Class,RESAMPLED_BASELINE
Tiruchirappalli,13,Urban,35,Female,2,4,4,Self-employed in non-agriculture,Literate,Secondary,Not in labour force,Not in labour force,0.0,7645.0,Other Backward Class,RESAMPLED_BASELINE
Krishnagiri,30,Urban,68,Female,3,7,5,Self-employed in non-agriculture,Illiterate,Not literate,Not in labour force,Not in labour force,0.0,11800.0,Other Backward Class,RESAMPLED_BASELINE
Erode,09,Urban,47,Male,2,1,3,Self-employed in non-agriculture,Literate,Diploma/Certificate,Employed,Employed,58600.0,18558.0,Other Backward Class,RESAMPLED_BASELINE
Salem,07,Urban,6,Male,1,5,4,Self-employed in agriculture,Literate,Below Primary,Not in labour force,Not in labour force,0.0,24408.0,Other Backward Class,RESAMPLED_BASELINE
Chennai,02,Urban,47,Female,2,2,5,Self-employed in agriculture,Literate,Middle,Not in labour force,Not in labour force,0.0,18620.0,Other Backward Class,RESAMPLED_BASELINE
Erode,09,Rural,52,Male,2,1,4,Regular wage/salary earning,Illiterate,Not literate,Employed,Employed,0.0,15000.0,Other Backward Class,RESAMPLED_BASELINE
Chennai,02,Urban,30,Male,1,5,2,Self-employed in non-agriculture,Literate,Diploma/Certificate,Employed,Employed,55789.0,29731.0,Other Backward Class,RESAMPLED_BASELINE
Krishnagiri,30,Rural,47,Female,2,2,3,Self-employed in agriculture,Literate,Primary,Employed,Employed,0.0,9817.0,Other Backward Class,RESAMPLED_BASELINE
Thoothukudi,26,Urban,60,Female,3,7,4,Self-employed in non-agriculture,Literate,Below Primary,Not in labour force,Not in labour force,0.0,14160.0,Other Backward Class,RESAMPLED_BASELINE
Thoothukudi,26,Urban,5,Male,1,5,4,Regular wage/salary earning,Literate,Below Primary,Not in labour force,Not in labour force,0.0,12305.0,Other Backward Class,RESAMPLED_BASELINE
Tenkasi,33,Urban,56,Female,2,2,2,Others,Literate,Middle,Not in labour force,Not in labour force,0.0,12970.0,Other Backward Class,RESAMPLED_BASELINE
Sivaganga,21,Urban,23,Female,2,4,4,Self-employed in non-agriculture,Literate,Higher Secondary,Not in labour force,Not in labour force,0.0,13125.0,Other Backward Class,RESAMPLED_BASELINE
Cuddalore,16,Rural,34,Female,2,2,5,Regular wage/salary earning,Literate,Secondary,Employed,Employed,0.0,12700.0,Other Backward Class,RESAMPLED_BASELINE
Namakkal,08,Rural,16,Male,1,5,3,Casual labour in agriculture,Literate,Higher Secondary,Not in labour force,Not in labour force,0.0,11142.0,Other Backward Class,RESAMPLED_BASELINE
Tiruvannamalai,05,Rural,58,Male,2,1,3,Regular wage/salary earning,Literate,Middle,Employed,Employed,0.0,7989.0,Scheduled Caste,RESAMPLED_BASELINE
Dharmapuri,29,Rural,70,Male,2,1,2,Self-employed in agriculture,Literate,Primary,Employed,Employed,0.0,7194.0,Other Backward Class,RESAMPLED_BASELINE
Viluppuram,06,Rural,37,Male,2,1,6,Regular wage/salary earning,Literate,Diploma/Certificate,Employed,Employed,0.0,16725.0,Scheduled Caste,RESAMPLED_BASELINE
Krishnagiri,30,Rural,55,Male,2,1,4,Regular wage/salary earning,Illiterate,Not literate,Employed,Employed,0.0,11086.0,Scheduled Caste,RESAMPLED_BASELINE
Cuddalore,16,Rural,26,Female,2,2,4,Self-employed in non-agriculture,Literate,Diploma/Certificate,Not in labour force,Not in labour force,0.0,9158.0,Scheduled Caste,RESAMPLED_BASELINE
Madurai,22,Urban,12,Male,1,6,5,Self-employed in non-agriculture,Literate,Primary,Not in labour force,Not in labour force,0.0,19665.0,Other Backward Class,RESAMPLED_BASELINE
Chennai,02,Urban,50,Female,2,1,3,Self-employed in non-agriculture,Literate,Middle,Employed,Employed,9000.0,14485.0,Other Backward Class,RESAMPLED_BASELINE
Tenkasi,33,Urban,24,Male,1,5,5,Self-employed in non-agriculture,Literate,Diploma/Certificate,Employed,Employed,28000.0,32858.0,Scheduled Caste,RESAMPLED_BASELINE
Tiruppur,32,Rural,28,Female,2,2,4,Regular wage/salary earning,Literate,Secondary,Employed,Employed,13800.0,5772.0,Scheduled Caste,RESAMPLED_BASELINE
Mayiladuthurai,38,Rural,28,Female,2,3,7,Self-employed in non-agriculture,Literate,Higher Secondary,Not in labour force,Not in labour force,0.0,27109.0,Other Backward Class,RESAMPLED_BASELINE
Thiruvallur,01,Urban,48,Female,3,1,3,Self-employed in non-agriculture,Literate,Diploma/Certificate,Employed,Employed,10000.0,15408.0,Other Backward Class,RESAMPLED_BASELINE
Salem,07,Rural,65,Female,3,1,2,Regular wage/salary earning,Illiterate,Not literate,Employed,Employed,0.0,9575.0,Scheduled Caste,RESAMPLED_BASELINE
Vellore,04,Rural,20,Male,1,5,2,Self-employed in non-agriculture,Literate,Diploma/Certificate,Employed,Employed,0.0,9219.0,Other Backward Class,RESAMPLED_BASELINE
Pudukkottai,20,Rural,35,Female,2,2,5,Self-employed in non-agriculture,Literate,Middle,Employed,Employed,0.0,8543.0,Other Backward Class,RESAMPLED_BASELINE
Thanjavur,19,Urban,24,Female,1,5,4,Self-employed in non-agriculture,Literate,Diploma/Certificate,Unemployed,Unemployed,0.0,24753.0,Other Backward Class,RESAMPLED_BASELINE
Tiruppur,32,Rural,54,Male,2,1,4,Self-employed in agriculture,Illiterate,Not literate,Employed,Employed,0.0,11558.0,Other Backward Class,RESAMPLED_BASELINE
Thoothukudi,26,Urban,15,Female,1,5,5,Regular wage/salary earning,Literate,Middle,Not in labour force,Not in labour force,0.0,15682.0,Other Backward Class,RESAMPLED_BASELINE
Thiruvallur,01,Rural,37,Female,2,2,5,Self-employed in non-agriculture,Illiterate,Not literate,Not in labour force,Not in labour force,0.0,15790.0,Other Backward Class,RESAMPLED_BASELINE
Dindigul,11,Rural,55,Female,2,2,2,Self-employed in non-agriculture,Illiterate,Not literate,Employed,Employed,0.0,4354.0,Scheduled Caste,RESAMPLED_BASELINE
Sivaganga,21,Rural,35,Female,2,4,5,Casual labour in non-agriculture,Literate,Higher Secondary,Employed,Employed,0.0,15620.0,Other Backward Class,RESAMPLED_BASELINE
Sivaganga,21,Urban,49,Male,2,1,5,Self-employed in agriculture,Literate,Diploma/Certificate,Employed,Employed,0.0,16800.0,Other Backward Class,RESAMPLED_BASELINE
Kancheepuram,03,Rural,43,Male,2,1,4,Regular wage/salary earning,Literate,Middle,Employed,Employed,16000.0,13342.0,Others,RESAMPLED_BASELINE
Thiruvarur,18,Rural,60,Female,3,3,2,Others,Literate,Middle,Not in labour force,Not in labour force,0.0,8347.0,Other Backward Class,RESAMPLED_BASELINE
Coimbatore,31,Urban,6,Female,1,5,5,Self-employed in non-agriculture,Literate,Below Primary,Not in labour force,Not in labour force,0.0,25264.0,Other Backward Class,RESAMPLED_BASELINE
Thiruvarur,18,Rural,16,Male,1,5,3,Others,Literate,Secondary,Not in labour force,Not in labour force,0.0,23237.0,Other Backward Class,RESAMPLED_BASELINE
Kallakurichi,34,Rural,53,Male,2,1,2,Self-employed in non-agriculture,Literate,Primary,Employed,Employed,0.0,9133.0,Other Backward Class,RESAMPLED_BASELINE
Cuddalore,16,Rural,42,Male,2,1,4,Self-employed in agriculture,Literate,Diploma/Certificate,Employed,Employed,0.0,15142.0,Other Backward Class,RESAMPLED_BASELINE
Tirupathur,36,Urban,26,Male,1,5,3,Self-employed in non-agriculture,Literate,Diploma/Certificate,Not in labour force,Not in labour force,0.0,5373.0,Other Backward Class,RESAMPLED_BASELINE
Krishnagiri,30,Rural,1,Male,1,6,6,Regular wage/salary earning,Illiterate,Not literate,Not in labour force,Not in labour force,0.0,13530.0,Other Backward Class,RESAMPLED_BASELINE
Thiruvarur,18,Rural,60,Female,2,7,4,Self-employed in agriculture,Literate,Below Primary,Not in labour force,Not in labour force,0.0,12975.0,Scheduled Caste,RESAMPLED_BASELINE
Viluppuram,06,Rural,58,Female,3,7,6,Regular wage/salary earning,Literate,Middle,Employed,Employed,42300.0,16725.0,Scheduled Caste,RESAMPLED_BASELINE
Madurai,22,Rural,60,Female,2,2,2,Others,Literate,Below Primary,Not in labour force,Not in labour force,0.0,4247.0,Other Backward Class,RESAMPLED_BASELINE
Chennai,02,Urban,52,Female,3,1,2,Self-employed in non-agriculture,Literate,Primary,Not in labour force,Not in labour force,0.0,20800.0,Other Backward Class,RESAMPLED_BASELINE
Thiruvallur,01,Urban,40,Female,3,1,2,Self-employed in non-agriculture,Literate,Diploma/Certificate,Employed,Employed,45000.0,47287.0,Other Backward Class,RESAMPLED_BASELINE
Tirunelveli,27,Rural,7,Male,1,6,5,Casual labour in non-agriculture,Literate,Below Primary,Not in labour force,Not in labour force,0.0,15397.0,Other Backward Class,RESAMPLED_BASELINE
Salem,07,Urban,37,Male,2,1,4,Self-employed in non-agriculture,Literate,Secondary,Employed,Employed,23000.0,15377.0,Other Backward Class,RESAMPLED_BASELINE
Thanjavur,19,Urban,11,Female,1,1,1,Others,Literate,Primary,Not in labour force,Not in labour force,0.0,16250.0,Other Backward Class,RESAMPLED_BASELINE
Chennai,02,Urban,20,Female,1,5,4,Regular wage/salary earning,Literate,Diploma/Certificate,Not in labour force,Not in labour force,13000.0,18708.0,Scheduled Caste,RESAMPLED_BASELINE
Sivaganga,21,Rural,70,Male,4,1,4,Casual labour in non-agriculture,Literate,Primary,Not in labour force,Not in labour force,0.0,7842.0,Other Backward Class,RESAMPLED_BASELINE
Thiruvallur,01,Rural,59,Male,2,1,3,Casual labour in agriculture,Literate,Primary,Employed,Employed,0.0,14112.0,Scheduled Caste,RESAMPLED_BASELINE
Theni,23,Urban,60,Female,3,1,1,Self-employed in non-agriculture,Illiterate,Not literate,Employed,Employed,6000.0,2871.0,Scheduled Caste,RESAMPLED_BASELINE
Thoothukudi,26,Rural,43,Female,2,2,5,Casual labour in non-agriculture,Literate,Middle,Employed,Employed,0.0,9033.0,Scheduled Caste,RESAMPLED_BASELINE
Kallakurichi,34,Urban,35,Male,2,3,6,Self-employed in non-agriculture,Literate,Middle,Employed,Employed,0.0,14233.0,Other Backward Class,RESAMPLED_BASELINE
Thiruvallur,01,Urban,45,Male,1,5,3,Self-employed in non-agriculture,Literate,Diploma/Certificate,Employed,Employed,45000.0,31350.0,Other Backward Class,RESAMPLED_BASELINE
Tiruppur,32,Urban,19,Male,1,5,2,Self-employed in non-agriculture,Literate,Below Primary,Employed,Employed,8000.0,9108.0,Scheduled Caste,RESAMPLED_BASELINE
Kanniyakumari,28,Urban,18,Female,1,5,4,Regular wage/salary earning,Literate,Higher Secondary,Not in labour force,Not in labour force,0.0,13413.0,Other Backward Class,RESAMPLED_BASELINE
Krishnagiri,30,Rural,42,Female,3,1,3,Self-employed in agriculture,Literate,Higher Secondary,Employed,Employed,0.0,5019.0,Other Backward Class,RESAMPLED_BASELINE
Dharmapuri,29,Rural,54,Male,2,1,5,Regular wage/salary earning,Literate,Below Primary,Employed,Employed,0.0,14844.0,Other Backward Class,RESAMPLED_BASELINE
Kancheepuram,03,Urban,38,Male,1,5,2,Self-employed in non-agriculture,Literate,Diploma/Certificate,Employed,Employed,43589.0,24920.0,Other Backward Class,RESAMPLED_BASELINE
The Nilgiris,10,Rural,51,Female,2,2,2,Casual labour in agriculture,Literate,Primary,Employed,Employed,0.0,10625.0,Other Backward Class,RESAMPLED_BASELINE
Erode,09,Rural,33,Male,2,1,4,Self-employed in non-agriculture,Literate,Middle,Employed,Employed,0.0,26743.0,Other Backward Class,RESAMPLED_BASELINE
Chennai,02,Urban,14,Female,1,5,4,Self-employed in agriculture,Literate,Middle,Not in labour force,Not in labour force,0.0,12453.0,Other Backward Class,RESAMPLED_BASELINE
Dharmapuri,29,Rural,8,Male,1,5,3,Self-employed in agriculture,Literate,Below Primary,Not in labour force,Not in labour force,0.0,7328.0,Other Backward Class,RESAMPLED_BASELINE
Ramanathapuram,25,Rural,40,Female,2,2,4,Self-employed in agriculture,Illiterate,Not literate,Not in labour force,Not in labour force,0.0,13817.0,Other Backward Class,RESAMPLED_BASELINE
Ranipet,35,Rural,20,Male,1,5,5,Regular wage/salary earning,Literate,Middle,Employed,Employed,0.0,10610.0,Scheduled Caste,RESAMPLED_BASELINE
Chennai,02,Urban,77,Female,3,7,6,Self-employed in non-agriculture,Literate,Below Primary,Not in labour force,Not in labour force,0.0,24035.0,Other Backward Class,RESAMPLED_BASELINE
Viluppuram,06,Rural,29,Female,2,2,4,Casual labour in non-agriculture,Literate,Diploma/Certificate,Not in labour force,Not in labour force,0.0,9517.0,Other Backward Class,RESAMPLED_BASELINE
Kancheepuram,03,Urban,40,Female,2,2,3,Regular wage/salary earning,Illiterate,Not literate,Employed,Employed,0.0,15317.0,Other Backward Class,RESAMPLED_BASELINE
Tiruchirappalli,13,Urban,4,Female,1,5,4,Self-employed in non-agriculture,Illiterate,Not literate,Not in labour force,Not in labour force,0.0,36373.0,Other Backward Class,RESAMPLED_BASELINE
Kancheepuram,03,Rural,43,Female,2,2,4,Regular wage/salary earning,Literate,Below Primary,Employed,Employed,8000.0,22592.0,Other Backward Class,RESAMPLED_BASELINE
Salem,07,Urban,49,Female,2,2,3,Self-employed in non-agriculture,Literate,Primary,Employed,Employed,0.0,10908.0,Other Backward Class,RESAMPLED_BASELINE
Ranipet,35,Rural,20,Male,1,5,4,Regular wage/salary earning,Literate,Middle,Employed,Employed,10000.0,7537.0,Other Backward Class,RESAMPLED_BASELINE
The Nilgiris,10,Urban,67,Female,2,2,2,Self-employed in non-agriculture,Literate,Diploma/Certificate,Not in labour force,Not in labour force,0.0,12425.0,Other Backward Class,RESAMPLED_BASELINE
Tenkasi,33,Urban,14,Female,1,5,4,Self-employed in non-agriculture,Literate,Middle,Not in labour force,Not in labour force,0.0,41073.0,Other Backward Class,RESAMPLED_BASELINE
Coimbatore,31,Urban,29,Male,1,5,3,Self-employed in non-agriculture,Literate,Higher Secondary,Employed,Employed,7900.0,22477.0,Other Backward Class,RESAMPLED_BASELINE
Dindigul,11,Urban,28,Female,2,8,9,Self-employed in agriculture,Literate,Higher Secondary,Not in labour force,Not in labour force,0.0,28547.0,Other Backward Class,RESAMPLED_BASELINE
Dindigul,11,Urban,37,Male,2,1,9,Self-employed in agriculture,Literate,Higher Secondary,Employed,Employed,0.0,28547.0,Other Backward Class,RESAMPLED_BASELINE
Salem,07,Rural,40,Male,2,1,4,Casual labour in non-agriculture,Literate,Middle,Employed,Employed,0.0,15183.0,Scheduled Caste,RESAMPLED_BASELINE
Tirupathur,36,Rural,22,Male,1,5,2,Regular wage/salary earning,Literate,Diploma/Certificate,Employed,Employed,11000.0,7478.0,Other Backward Class,RESAMPLED_BASELINE
Thoothukudi,26,Rural,60,Female,2,2,2,Others,Literate,Primary,Not in labour force,Not in labour force,0.0,9242.0,Scheduled Caste,RESAMPLED_BASELINE
Theni,23,Urban,46,Male,2,1,4,Self-employed in agriculture,Literate,Primary,Employed,Employed,0.0,14073.0,Other Backward Class,RESAMPLED_BASELINE
Erode,09,Rural,11,Male,1,5,4,Regular wage/salary earning,Literate,Primary,Not in labour force,Not in labour force,0.0,15755.0,Other Backward Class,RESAMPLED_BASELINE
Salem,07,Rural,39,Female,2,2,3,Regular wage/salary earning,Literate,Primary,Employed,Employed,8000.0,8758.0,Other Backward Class,RESAMPLED_BASELINE
Tirunelveli,27,Urban,54,Male,2,1,2,Self-employed in non-agriculture,Literate,Primary,Employed,Employed,15000.0,13058.0,Other Backward Class,RESAMPLED_BASELINE
Coimbatore,31,Urban,58,Male,2,1,3,Self-employed in non-agriculture,Literate,Primary,Employed,Employed,0.0,22477.0,Other Backward Class,RESAMPLED_BASELINE
Madurai,22,Urban,9,Female,1,5,4,Self-employed in non-agriculture,Literate,Below Primary,Not in labour force,Not in labour force,0.0,13336.0,Other Backward Class,RESAMPLED_BASELINE
Coimbatore,31,Urban,23,Female,2,4,6,Self-employed in non-agriculture,Literate,Diploma/Certificate,Not in labour force,Not in labour force,0.0,29382.0,Other Backward Class,RESAMPLED_BASELINE
Coimbatore,31,Urban,25,Male,2,1,4,Self-employed in non-agriculture,Literate,Secondary,Employed,Employed,17480.0,12144.0,Other Backward Class,RESAMPLED_BASELINE
Virudhunagar,24,Urban,37,Female,2,2,3,Self-employed in non-agriculture,Literate,Primary,Not in labour force,Not in labour force,0.0,16104.0,Other Backward Class,RESAMPLED_BASELINE
Kancheepuram,03,Rural,27,Male,1,5,8,Regular wage/salary earning,Literate,Diploma/Certificate,Unemployed,Unemployed,0.0,35417.0,Scheduled Caste,RESAMPLED_BASELINE
Cuddalore,16,Rural,2,Female,1,5,4,Regular wage/salary earning,Illiterate,Not literate,Not in labour force,Not in labour force,0.0,9642.0,Other Backward Class,RESAMPLED_BASELINE
Krishnagiri,30,Rural,3,Male,1,5,7,Self-employed in agriculture,Illiterate,Not literate,Not in labour force,Not in labour force,0.0,16613.0,Other Backward Class,RESAMPLED_BASELINE
Kanniyakumari,28,Urban,13,Female,1,5,4,Regular wage/salary earning,Literate,Primary,Not in labour force,Not in labour force,0.0,16753.0,Other Backward Class,RESAMPLED_BASELINE
Tenkasi,33,Urban,82,Female,3,8,6,Self-employed in agriculture,Literate,Middle,Not in labour force,Not in labour force,0.0,19172.0,Other Backward Class,RESAMPLED_BASELINE
Kancheepuram,03,Rural,53,Male,2,1,4,Regular wage/salary earning,Literate,Primary,Employed,Employed,0.0,22592.0,Other Backward Class,RESAMPLED_BASELINE
Pudukkottai,20,Rural,45,Female,2,2,4,Self-employed in non-agriculture,Literate,Middle,Employed,Employed,0.0,9668.0,Other Backward Class,RESAMPLED_BASELINE
Kallakurichi,34,Rural,74,Male,2,1,7,Casual labour in agriculture,Illiterate,Not literate,Not in labour force,Not in labour force,0.0,10888.0,Scheduled Tribe,RESAMPLED_BASELINE
Theni,23,Rural,34,Male,3,1,3,Casual labour in non-agriculture,Literate,Middle,Employed,Employed,0.0,8303.0,Scheduled Caste,RESAMPLED_BASELINE
Theni,23,Urban,13,Female,1,5,5,Self-employed in agriculture,Literate,Middle,Not in labour force,Not in labour force,0.0,17623.0,Other Backward Class,RESAMPLED_BASELINE
Madurai,22,Rural,35,Female,2,4,4,Casual labour in non-agriculture,Literate,Secondary,Employed,Employed,0.0,6815.0,Other Backward Class,RESAMPLED_BASELINE
Thanjavur,19,Urban,25,Female,2,3,3,Self-employed in agriculture,Literate,Diploma/Certificate,Unemployed,Unemployed,0.0,18349.0,Scheduled Caste,RESAMPLED_BASELINE
Ramanathapuram,25,Rural,3,Female,1,5,4,Casual labour in non-agriculture,Illiterate,Not literate,Not in labour force,Not in labour force,0.0,9375.0,Other Backward Class,RESAMPLED_BASELINE
Pudukkottai,20,Rural,55,Female,3,1,3,Regular wage/salary earning,Illiterate,Not literate,Not in labour force,Not in labour force,0.0,6276.0,Scheduled Caste,RESAMPLED_BASELINE
Tiruvannamalai,05,Rural,3,Female,1,5,4,Self-employed in non-agriculture,Illiterate,Not literate,Not in labour force,Not in labour force,0.0,8766.0,Other Backward Class,RESAMPLED_BASELINE
Ramanathapuram,25,Rural,78,Male,2,1,2,Others,Illiterate,Not literate,Not in labour force,Not in labour force,0.0,8942.0,Other Backward Class,RESAMPLED_BASELINE
Thanjavur,19,Urban,3,Male,1,5,2,Others,Illiterate,Not literate,Not in labour force,Not in labour force,0.0,53048.0,Other Backward Class,RESAMPLED_BASELINE
Chennai,02,Urban,35,Female,2,2,4,Self-employed in non-agriculture,Literate,Diploma/Certificate,Not in labour force,Not in labour force,0.0,51667.0,Other Backward Class,RESAMPLED_BASELINE
Kancheepuram,03,Urban,38,Male,1,5,2,Self-employed in non-agriculture,Literate,Diploma/Certificate,Employed,Employed,43589.0,24920.0,Other Backward Class,RESAMPLED_BASELINE
Salem,07,Urban,50,Female,2,2,2,Self-employed in agriculture,Illiterate,Not literate,Not in labour force,Not in labour force,0.0,11092.0,Other Backward Class,RESAMPLED_BASELINE
Tenkasi,33,Urban,1,Male,1,5,3,Self-employed in non-agriculture,Illiterate,Not literate,Not in labour force,Not in labour force,0.0,13413.0,Scheduled Caste,RESAMPLED_BASELINE
Coimbatore,31,Urban,32,Female,2,2,4,Self-employed in non-agriculture,Literate,Diploma/Certificate,Not in labour force,Not in labour force,3000.0,16675.0,Other Backward Class,RESAMPLED_BASELINE
Chennai,02,Urban,30,Female,2,2,5,Self-employed in non-agriculture,Literate,Diploma/Certificate,Not in labour force,Not in labour force,0.0,15417.0,Other Backward Class,RESAMPLED_BASELINE
Kancheepuram,03,Urban,10,Male,1,5,4,Self-employed in agriculture,Literate,Below Primary,Not in labour force,Not in labour force,0.0,22703.0,Other Backward Class,RESAMPLED_BASELINE
Kancheepuram,03,Urban,28,Female,1,5,3,Self-employed in non-agriculture,Literate,Diploma/Certificate,Employed,Employed,12000.0,17100.0,Other Backward Class,RESAMPLED_BASELINE
Thoothukudi,26,Urban,56,Male,2,1,2,Self-employed in agriculture,Literate,Primary,Employed,Employed,0.0,8242.0,Scheduled Caste,RESAMPLED_BASELINE
Tenkasi,33,Urban,43,Male,2,3,6,Self-employed in non-agriculture,Literate,Middle,Employed,Employed,0.0,15500.0,Scheduled Caste,RESAMPLED_BASELINE
Erode,09,Rural,79,Female,3,7,4,Self-employed in agriculture,Illiterate,Not literate,Not in labour force,Not in labour force,0.0,20758.0,Other Backward Class,RESAMPLED_BASELINE
Mayiladuthurai,38,Rural,13,Male,1,6,2,Others,Literate,Middle,Not in labour force,Not in labour force,0.0,5996.0,Other Backward Class,RESAMPLED_BASELINE
Tenkasi,33,Urban,15,Female,1,5,4,Self-employed in non-agriculture,Literate,Secondary,Not in labour force,Not in labour force,0.0,31457.0,Scheduled Caste,RESAMPLED_BASELINE
Sivaganga,21,Rural,45,Male,2,1,3,Regular wage/salary earning,Literate,Secondary,Employed,Employed,25000.0,7475.0,Other Backward Class,RESAMPLED_BASELINE
Kanniyakumari,28,Urban,56,Female,3,7,6,Self-employed in non-agriculture,Literate,Middle,Not in labour force,Not in labour force,0.0,14973.0,Other Backward Class,RESAMPLED_BASELINE
Tirunelveli,27,Urban,58,Female,2,2,2,Self-employed in agriculture,Illiterate,Not literate,Employed,Employed,0.0,8447.0,Other Backward Class,RESAMPLED_BASELINE
Kallakurichi,34,Urban,14,Female,1,6,5,Self-employed in agriculture,Literate,Middle,Not in labour force,Not in labour force,0.0,10350.0,Other Backward Class,RESAMPLED_BASELINE
Madurai,22,Urban,43,Male,2,1,4,Self-employed in non-agriculture,Literate,Diploma/Certificate,Employed,Employed,40000.0,26408.0,Other Backward Class,RESAMPLED_BASELINE
Theni,23,Rural,75,Male,2,1,2,Others,Literate,Below Primary,Not in labour force,Not in labour force,0.0,8685.0,Other Backward Class,RESAMPLED_BASELINE
Coimbatore,31,Urban,80,Female,3,1,1,Others,Literate,Middle,Not in labour force,Not in labour force,0.0,12892.0,Other Backward Class,RESAMPLED_BASELINE
Mayiladuthurai,38,Rural,61,Male,2,7,7,Regular wage/salary earning,Literate,Below Primary,Employed,Employed,0.0,14748.0,Other Backward Class,RESAMPLED_BASELINE
Coimbatore,31,Rural,25,Female,1,5,4,Regular wage/salary earning,Literate,Diploma/Certificate,Unemployed,Unemployed,0.0,16212.0,Other Backward Class,RESAMPLED_BASELINE
Chennai,02,Urban,13,Male,1,5,3,Self-employed in non-agriculture,Literate,Primary,Not in labour force,Not in labour force,0.0,21685.0,Other Backward Class,RESAMPLED_BASELINE
Kancheepuram,03,Rural,30,Female,2,2,5,Regular wage/salary earning,Literate,Middle,Not in labour force,Not in labour force,0.0,9562.0,Scheduled Caste,RESAMPLED_BASELINE
Erode,09,Urban,26,Male,2,1,2,Self-employed in non-agriculture,Illiterate,Not literate,Employed,Employed,11800.0,9740.0,Other Backward Class,RESAMPLED_BASELINE
Thiruvallur,01,Urban,8,Male,1,6,6,Self-employed in non-agriculture,Literate,Below Primary,Not in labour force,Not in labour force,0.0,34640.0,Other Backward Class,RESAMPLED_BASELINE
Tenkasi,33,Urban,40,Female,2,2,4,Self-employed in non-agriculture,Literate,Primary,Employed,Employed,6800.0,13393.0,Others,RESAMPLED_BASELINE
Tenkasi,33,Rural,30,Female,2,4,8,Regular wage/salary earning,Literate,Diploma/Certificate,Not in labour force,Not in labour force,0.0,29312.0,Other Backward Class,RESAMPLED_BASELINE
Theni,23,Rural,9,Male,1,5,4,Regular wage/salary earning,Literate,Below Primary,Not in labour force,Not in labour force,0.0,7328.0,Other Backward Class,RESAMPLED_BASELINE
Madurai,22,Rural,65,Female,3,1,1,Casual labour in non-agriculture,Illiterate,Not literate,Employed,Employed,0.0,2603.0,Other Backward Class,RESAMPLED_BASELINE
Tirupathur,36,Urban,32,Male,2,1,2,Self-employed in non-agriculture,Literate,Secondary,Employed,Employed,10000.0,5484.0,Other Backward Class,RESAMPLED_BASELINE
Sivaganga,21,Rural,2,Female,1,5,4,Regular wage/salary earning,Illiterate,Not literate,Not in labour force,Not in labour force,0.0,11933.0,Other Backward Class,RESAMPLED_BASELINE
Cuddalore,16,Rural,36,Male,2,1,4,Casual labour in non-agriculture,Literate,Middle,Employed,Employed,0.0,9000.0,Other Backward Class,RESAMPLED_BASELINE
Tirunelveli,27,Urban,35,Male,2,3,9,Self-employed in agriculture,Literate,Higher Secondary,Employed,Employed,0.0,37205.0,Other Backward Class,RESAMPLED_BASELINE
Erode,09,Rural,10,Male,1,5,4,Casual labour in non-agriculture,Literate,Primary,Not in labour force,Not in labour force,0.0,11177.0,Other Backward Class,RESAMPLED_BASELINE
Kanniyakumari,28,Urban,85,Male,2,1,6,Regular wage/salary earning,Illiterate,Not literate,Not in labour force,Not in labour force,0.0,18062.0,Other Backward Class,RESAMPLED_BASELINE
Erode,09,Urban,44,Male,2,1,4,Self-employed in agriculture,Literate,Middle,Employed,Employed,0.0,19633.0,Other Backward Class,RESAMPLED_BASELINE
Theni,23,Rural,28,Female,2,2,4,Self-employed in non-agriculture,Literate,Higher Secondary,Employed,Employed,0.0,13082.0,Other Backward Class,RESAMPLED_BASELINE
Krishnagiri,30,Rural,43,Female,2,2,3,Casual labour in non-agriculture,Literate,Primary,Employed,Employed,0.0,11579.0,Scheduled Caste,RESAMPLED_BASELINE
Erode,09,Urban,60,Female,2,2,2,Self-employed in agriculture,Literate,Below Primary,Employed,Employed,0.0,5683.0,Other Backward Class,RESAMPLED_BASELINE
Chennai,02,Urban,60,Female,3,1,4,Others,Literate,Primary,Not in labour force,Not in labour force,0.0,15350.0,Other Backward Class,RESAMPLED_BASELINE
Dindigul,11,Rural,60,Female,2,1,1,Others,Literate,Primary,Not in labour force,Not in labour force,0.0,4195.0,Other Backward Class,RESAMPLED_BASELINE
Madurai,22,Urban,65,Male,3,1,3,Self-employed in non-agriculture,Illiterate,Not literate,Not in labour force,Not in labour force,0.0,31417.0,Other Backward Class,RESAMPLED_BASELINE
Tenkasi,33,Urban,20,Male,1,1,1,Self-employed in non-agriculture,Literate,Diploma/Certificate,Employed,Employed,18500.0,5727.0,Scheduled Caste,RESAMPLED_BASELINE
Thiruvarur,18,Urban,47,Female,2,2,4,Self-employed in non-agriculture,Literate,Higher Secondary,Not in labour force,Not in labour force,0.0,46900.0,Other Backward Class,RESAMPLED_BASELINE
Cuddalore,16,Rural,14,Male,1,5,4,Regular wage/salary earning,Literate,Middle,Not in labour force,Not in labour force,0.0,15083.0,Other Backward Class,RESAMPLED_BASELINE
Tenkasi,33,Urban,23,Male,1,5,4,Self-employed in non-agriculture,Literate,Diploma/Certificate,Employed,Employed,20000.0,15453.0,Other Backward Class,RESAMPLED_BASELINE
Namakkal,08,Urban,79,Female,3,7,7,Regular wage/salary earning,Illiterate,Not literate,Not in labour force,Not in labour force,0.0,11802.0,Other Backward Class,RESAMPLED_BASELINE
Salem,07,Rural,35,Male,2,1,6,Casual labour in non-agriculture,Literate,Middle,Employed,Employed,0.0,9942.0,Other Backward Class,RESAMPLED_BASELINE
Virudhunagar,24,Urban,16,Male,1,5,3,Self-employed in non-agriculture,Literate,Secondary,Not in labour force,Not in labour force,0.0,9467.0,Other Backward Class,RESAMPLED_BASELINE
Virudhunagar,24,Urban,12,Female,1,5,3,Self-employed in non-agriculture,Literate,Primary,Not in labour force,Not in labour force,0.0,9467.0,Other Backward Class,RESAMPLED_BASELINE
Tenkasi,33,Rural,11,Male,1,5,4,Regular wage/salary earning,Literate,Primary,Not in labour force,Not in labour force,0.0,10537.0,Scheduled Caste,RESAMPLED_BASELINE
Erode,09,Rural,30,Female,2,2,4,Casual labour in non-agriculture,Illiterate,Not literate,Employed,Employed,0.0,11177.0,Other Backward Class,RESAMPLED_BASELINE
Tenkasi,33,Rural,31,Male,2,1,4,Self-employed in agriculture,Literate,Higher Secondary,Employed,Employed,0.0,22145.0,Other Backward Class,RESAMPLED_BASELINE
Ranipet,35,Rural,45,Male,2,1,3,Self-employed in agriculture,Literate,Primary,Employed,Employed,0.0,5528.0,Other Backward Class,RESAMPLED_BASELINE
Erode,09,Urban,8,Male,1,5,6,Self-employed in agriculture,Literate,Below Primary,Not in labour force,Not in labour force,0.0,19367.0,Other Backward Class,RESAMPLED_BASELINE
Cuddalore,16,Rural,32,Male,2,1,3,Casual labour in agriculture,Literate,Middle,Employed,Employed,0.0,7100.0,Scheduled Caste,RESAMPLED_BASELINE
Coimbatore,31,Rural,55,Male,2,1,3,Casual labour in agriculture,Literate,Primary,Employed,Employed,0.0,5858.0,Scheduled Caste,RESAMPLED_BASELINE
Chennai,02,Urban,45,Female,2,2,6,Self-employed in non-agriculture,Illiterate,Not literate,Not in labour force,Not in labour force,0.0,15057.0,Other Backward Class,RESAMPLED_BASELINE
Kancheepuram,03,Rural,34,Female,2,4,5,Self-employed in non-agriculture,Literate,Diploma/Certificate,Not in labour force,Not in labour force,0.0,10620.0,Other Backward Class,RESAMPLED_BASELINE
Salem,07,Rural,3,Male,1,5,4,Regular wage/salary earning,Illiterate,Not literate,Not in labour force,Not in labour force,0.0,13792.0,Scheduled Caste,RESAMPLED_BASELINE
Ariyalur,15,Rural,12,Male,1,5,4,Regular wage/salary earning,Literate,Primary,Not in labour force,Not in labour force,0.0,12783.0,Other Backward Class,RESAMPLED_BASELINE
Chennai,02,Urban,54,Female,2,2,2,Self-employed in agriculture,Literate,Secondary,Not in labour force,Not in labour force,0.0,13215.0,Scheduled Caste,RESAMPLED_BASELINE
Sivaganga,21,Urban,36,Female,2,2,4,Self-employed in agriculture,Literate,Higher Secondary,Employed,Employed,0.0,9700.0,Other Backward Class,RESAMPLED_BASELINE
Erode,09,Rural,5,Female,1,5,3,Casual labour in non-agriculture,Illiterate,Not literate,Not in labour force,Not in labour force,0.0,14568.0,Other Backward Class,RESAMPLED_BASELINE
Madurai,22,Rural,65,Female,2,2,2,Others,Literate,Below Primary,Not in labour force,Not in labour force,0.0,4247.0,Other Backward Class,RESAMPLED_BASELINE
Tenkasi,33,Rural,16,Male,1,5,4,Self-employed in agriculture,Literate,Secondary,Not in labour force,Not in labour force,0.0,7620.0,Scheduled Caste,RESAMPLED_BASELINE
Tiruchirappalli,13,Urban,2,Female,1,5,4,Self-employed in non-agriculture,Illiterate,Not literate,Not in labour force,Not in labour force,0.0,36373.0,Other Backward Class,RESAMPLED_BASELINE
Erode,09,Rural,22,Male,1,1,2,Casual labour in non-agriculture,Literate,Middle,Employed,Employed,0.0,10983.0,Other Backward Class,RESAMPLED_BASELINE
Krishnagiri,30,Rural,42,Male,2,1,3,Self-employed in agriculture,Literate,Primary,Employed,Employed,0.0,8613.0,Other Backward Class,RESAMPLED_BASELINE
Coimbatore,31,Urban,15,Male,1,5,4,Self-employed in agriculture,Literate,Secondary,Not in labour force,Not in labour force,0.0,5942.0,Scheduled Caste,RESAMPLED_BASELINE
Theni,23,Urban,20,Male,1,5,2,Regular wage/salary earning,Literate,Higher Secondary,Not in labour force,Not in labour force,0.0,7748.0,Other Backward Class,RESAMPLED_BASELINE
Thoothukudi,26,Rural,2,Male,1,6,9,Self-employed in non-agriculture,Illiterate,Not literate,Not in labour force,Not in labour force,0.0,21540.0,Other Backward Class,RESAMPLED_BASELINE
Krishnagiri,30,Rural,6,Female,1,5,5,Regular wage/salary earning,Literate,Below Primary,Not in labour force,Not in labour force,0.0,12335.0,Other Backward Class,RESAMPLED_BASELINE
Mayiladuthurai,38,Rural,72,Female,3,7,3,Regular wage/salary earning,Literate,Primary,Not in labour force,Not in labour force,0.0,13016.0,Other Backward Class,RESAMPLED_BASELINE
Salem,07,Urban,55,Male,2,1,6,Self-employed in non-agriculture,Literate,Primary,Employed,Employed,0.0,35383.0,Other Backward Class,RESAMPLED_BASELINE
Erode,09,Urban,70,Female,3,7,5,Self-employed in non-agriculture,Literate,Primary,Not in labour force,Not in labour force,0.0,18222.0,Other Backward Class,RESAMPLED_BASELINE
Thiruvarur,18,Rural,59,Female,2,2,3,Casual labour in agriculture,Illiterate,Not literate,Not in labour force,Not in labour force,0.0,10405.0,Scheduled Caste,RESAMPLED_BASELINE
Tiruchirappalli,13,Urban,28,Male,2,1,4,Self-employed in non-agriculture,Literate,Diploma/Certificate,Employed,Employed,13500.0,12528.0,Other Backward Class,RESAMPLED_BASELINE
Viluppuram,06,Urban,16,Female,1,5,5,Self-employed in non-agriculture,Literate,Secondary,Not in labour force,Not in labour force,0.0,10133.0,Other Backward Class,RESAMPLED_BASELINE
Thoothukudi,26,Urban,31,Male,2,1,4,Regular wage/salary earning,Literate,Diploma/Certificate,Employed,Employed,0.0,12305.0,Other Backward Class,RESAMPLED_BASELINE
Chennai,02,Urban,75,Male,2,1,2,Others,Literate,Diploma/Certificate,Not in labour force,Not in labour force,0.0,11440.0,Others,RESAMPLED_BASELINE
Chennai,02,Urban,42,Male,2,1,4,Self-employed in non-agriculture,Literate,Diploma/Certificate,Employed,Employed,25000.0,33568.0,Other Backward Class,RESAMPLED_BASELINE
Thiruvallur,01,Rural,62,Male,2,1,2,Self-employed in agriculture,Illiterate,Not literate,Employed,Employed,0.0,9783.0,Scheduled Caste,RESAMPLED_BASELINE
Thanjavur,19,Urban,76,Female,3,7,8,Self-employed in non-agriculture,Literate,Secondary,Not in labour force,Not in labour force,0.0,17411.0,Other Backward Class,RESAMPLED_BASELINE
Dindigul,11,Urban,21,Female,1,8,7,Self-employed in agriculture,Literate,Diploma/Certificate,Employed,Employed,8000.0,22710.0,Other Backward Class,RESAMPLED_BASELINE
Unknown,37,Urban,26,Female,2,4,5,Self-employed in non-agriculture,Literate,Diploma/Certificate,Not in labour force,Not in labour force,0.0,16188.0,Other Backward Class,RESAMPLED_BASELINE
Erode,09,Rural,42,Female,2,2,4,Self-employed in non-agriculture,Literate,Middle,Employed,Employed,0.0,14317.0,Other Backward Class,RESAMPLED_BASELINE
Tirupathur,36,Urban,33,Female,2,4,4,Regular wage/salary earning,Literate,Diploma/Certificate,Not in labour force,Not in labour force,0.0,9307.0,Scheduled Caste,RESAMPLED_BASELINE
Thiruvallur,01,Urban,30,Male,2,3,6,Self-employed in non-agriculture,Literate,Middle,Employed,Employed,32000.0,27037.0,Scheduled Caste,RESAMPLED_BASELINE
Dharmapuri,29,Rural,51,Female,3,1,1,Casual labour in agriculture,Illiterate,Not literate,Employed,Employed,0.0,3108.0,Scheduled Caste,RESAMPLED_BASELINE
Virudhunagar,24,Rural,0,Male,1,5,4,Casual labour in non-agriculture,Illiterate,Not literate,Not in labour force,Not in labour force,0.0,10881.0,Other Backward Class,RESAMPLED_BASELINE
Thiruvallur,01,Urban,33,Female,2,2,2,Regular wage/salary earning,Literate,Primary,Employed,Employed,14350.0,14415.0,Other Backward Class,RESAMPLED_BASELINE
Krishnagiri,30,Urban,40,Female,2,2,4,Self-employed in non-agriculture,Literate,Middle,Employed,Employed,12800.0,12430.0,Other Backward Class,RESAMPLED_BASELINE
Salem,07,Rural,52,Female,3,3,4,Regular wage/salary earning,Literate,Primary,Employed,Employed,0.0,6928.0,Other Backward Class,RESAMPLED_BASELINE
Dindigul,11,Rural,10,Male,1,6,5,Casual labour in agriculture,Literate,Primary,Not in labour force,Not in labour force,0.0,12219.0,Scheduled Caste,RESAMPLED_BASELINE
Coimbatore,31,Urban,42,Female,3,1,5,Self-employed in non-agriculture,Literate,Primary,Employed,Employed,4500.0,15578.0,Other Backward Class,RESAMPLED_BASELINE
Cuddalore,16,Urban,42,Female,2,2,4,Self-employed in agriculture,Literate,Middle,Not in labour force,Not in labour force,0.0,9633.0,Other Backward Class,RESAMPLED_BASELINE
Ranipet,35,Urban,65,Female,2,2,3,Self-employed in non-agriculture,Literate,Primary,Employed,Employed,0.0,8388.0,Other Backward Class,RESAMPLED_BASELINE
Chennai,02,Urban,38,Male,2,1,3,Regular wage/salary earning,Literate,Secondary,Employed,Employed,0.0,20587.0,Scheduled Caste,RESAMPLED_BASELINE
Vellore,04,Urban,36,Male,2,3,6,Self-employed in agriculture,Literate,Diploma/Certificate,Employed,Employed,0.0,8824.0,Other Backward Class,RESAMPLED_BASELINE
Ramanathapuram,25,Rural,40,Female,2,1,3,Casual labour in non-agriculture,Literate,Middle,Employed,Employed,0.0,10250.0,Other Backward Class,RESAMPLED_BASELINE
Salem,07,Urban,8,Male,1,1,1,Others,Literate,Below Primary,Not in labour force,Not in labour force,0.0,1000.0,Scheduled Tribe,RESAMPLED_BASELINE
Cuddalore,16,Rural,65,Male,2,1,3,Self-employed in agriculture,Illiterate,Not literate,Employed,Employed,0.0,8450.0,Scheduled Caste,RESAMPLED_BASELINE
Tiruppur,32,Urban,37,Male,2,1,3,Self-employed in non-agriculture,Literate,Diploma/Certificate,Employed,Employed,14150.0,11113.0,Other Backward Class,RESAMPLED_BASELINE
Kancheepuram,03,Urban,27,Male,1,1,1,Self-employed in non-agriculture,Literate,Diploma/Certificate,Employed,Employed,60000.0,16833.0,Other Backward Class,RESAMPLED_BASELINE
Dindigul,11,Rural,10,Male,1,5,4,Self-employed in non-agriculture,Literate,Primary,Not in labour force,Not in labour force,0.0,15614.0,Scheduled Caste,RESAMPLED_BASELINE
Cuddalore,16,Rural,61,Female,3,7,5,Regular wage/salary earning,Illiterate,Not literate,Employed,Employed,0.0,12700.0,Other Backward Class,RESAMPLED_BASELINE
Cuddalore,16,Rural,30,Female,2,2,4,Self-employed in non-agriculture,Literate,Diploma/Certificate,Not in labour force,Not in labour force,0.0,10575.0,Scheduled Caste,RESAMPLED_BASELINE
Dharmapuri,29,Rural,34,Male,2,1,4,Casual labour in non-agriculture,Literate,Middle,Employed,Employed,0.0,9358.0,Other Backward Class,RESAMPLED_BASELINE
Perambalur,14,Urban,68,Male,2,1,2,Self-employed in agriculture,Literate,Primary,Employed,Employed,0.0,6342.0,Other Backward Class,RESAMPLED_BASELINE
Tirunelveli,27,Rural,42,Male,2,1,3,Self-employed in agriculture,Literate,Below Primary,Employed,Employed,0.0,9600.0,Other Backward Class,RESAMPLED_BASELINE
Tenkasi,33,Rural,60,Female,2,2,3,Others,Literate,Middle,Not in labour force,Not in labour force,0.0,13558.0,Other Backward Class,RESAMPLED_BASELINE
Unknown,37,Urban,60,Male,2,1,5,Self-employed in non-agriculture,Literate,Below Primary,Employed,Employed,29500.0,18805.0,Other Backward Class,RESAMPLED_BASELINE
Erode,09,Rural,24,Female,2,2,4,Self-employed in non-agriculture,Literate,Middle,Employed,Employed,0.0,26743.0,Other Backward Class,RESAMPLED_BASELINE
Krishnagiri,30,Rural,7,Male,1,5,4,Casual labour in non-agriculture,Literate,Below Primary,Not in labour force,Not in labour force,0.0,11124.0,Other Backward Class,RESAMPLED_BASELINE
Coimbatore,31,Urban,28,Male,1,1,1,Self-employed in non-agriculture,Literate,Diploma/Certificate,Employed,Employed,79800.0,19857.0,Other Backward Class,RESAMPLED_BASELINE
Coimbatore,31,Rural,25,Female,2,4,5,Regular wage/salary earning,Literate,Diploma/Certificate,Not in labour force,Not in labour force,0.0,21543.0,Other Backward Class,RESAMPLED_BASELINE
Erode,09,Urban,48,Female,2,2,2,Regular wage/salary earning,Illiterate,Not literate,Employed,Employed,0.0,10593.0,Other Backward Class,RESAMPLED_BASELINE
Tiruvannamalai,05,Rural,5,Female,1,5,5,Casual labour in agriculture,Literate,Below Primary,Not in labour force,Not in labour force,0.0,6755.0,Scheduled Caste,RESAMPLED_BASELINE
Chennai,02,Urban,56,Male,3,1,2,Self-employed in non-agriculture,Literate,Secondary,Not in labour force,Not in labour force,0.0,29731.0,Other Backward Class,RESAMPLED_BASELINE
Namakkal,08,Rural,69,Male,2,7,6,Regular wage/salary earning,Literate,Middle,Not in labour force,Not in labour force,0.0,10158.0,Other Backward Class,RESAMPLED_BASELINE
Madurai,22,Rural,56,Male,2,1,7,Self-employed in agriculture,Literate,Higher Secondary,Employed,Employed,0.0,16838.0,Other Backward Class,RESAMPLED_BASELINE
Thiruvallur,01,Urban,41,Male,2,1,4,Regular wage/salary earning,Literate,Middle,Employed,Employed,0.0,17922.0,Other Backward Class,RESAMPLED_BASELINE
Chennai,02,Urban,76,Female,3,7,4,Self-employed in non-agriculture,Illiterate,Not literate,Not in labour force,Not in labour force,0.0,15625.0,Other Backward Class,RESAMPLED_BASELINE
Salem,07,Urban,32,Female,2,2,5,Self-employed in non-agriculture,Literate,Middle,Employed,Employed,8000.0,6663.0,Other Backward Class,RESAMPLED_BASELINE
Ramanathapuram,25,Urban,57,Male,2,1,4,Self-employed in non-agriculture,Literate,Diploma/Certificate,Employed,Employed,55000.0,21000.0,Other Backward Class,RESAMPLED_BASELINE
Tiruchirappalli,13,Urban,36,Male,2,2,5,Self-employed in agriculture,Literate,Diploma/Certificate,Employed,Employed,0.0,19962.0,Other Backward Class,RESAMPLED_BASELINE
Viluppuram,06,Rural,45,Female,1,5,3,Casual labour in agriculture,Literate,Primary,Not in labour force,Not in labour force,0.0,10308.0,Other Backward Class,RESAMPLED_BASELINE
Kancheepuram,03,Urban,11,Female,1,5,3,Self-employed in non-agriculture,Literate,Primary,Not in labour force,Not in labour force,0.0,22575.0,Other Backward Class,RESAMPLED_BASELINE
Mayiladuthurai,38,Rural,29,Male,1,5,3,Casual labour in agriculture,Literate,Diploma/Certificate,Employed,Employed,0.0,10997.0,Scheduled Caste,RESAMPLED_BASELINE
Tiruppur,32,Rural,31,Female,3,3,4,Self-employed in agriculture,Literate,Diploma/Certificate,Not in labour force,Not in labour force,0.0,11218.0,Other Backward Class,RESAMPLED_BASELINE
Dharmapuri,29,Rural,44,Female,2,2,5,Self-employed in agriculture,Literate,Middle,Employed,Employed,0.0,12009.0,Other Backward Class,RESAMPLED_BASELINE
Tenkasi,33,Rural,32,Female,2,2,4,Regular wage/salary earning,Literate,Secondary,Not in labour force,Not in labour force,0.0,22075.0,Other Backward Class,RESAMPLED_BASELINE
Tiruvannamalai,05,Urban,23,Female,2,3,6,Self-employed in non-agriculture,Literate,Diploma/Certificate,Unemployed,Unemployed,0.0,13535.0,Other Backward Class,RESAMPLED_BASELINE
Thiruvallur,01,Urban,19,Male,1,5,4,Self-employed in non-agriculture,Literate,Higher Secondary,Not in labour force,Not in labour force,0.0,17123.0,Scheduled Caste,RESAMPLED_BASELINE
Unknown,37,Rural,14,Female,1,5,3,Casual labour in agriculture,Literate,Middle,Not in labour force,Not in labour force,0.0,6147.0,Other Backward Class,RESAMPLED_BASELINE
Thoothukudi,26,Urban,28,Female,2,2,4,Regular wage/salary earning,Literate,Below Primary,Not in labour force,Not in labour force,0.0,9830.0,Other Backward Class,RESAMPLED_BASELINE
Dharmapuri,29,Rural,44,Female,2,2,5,Self-employed in agriculture,Literate,Middle,Employed,Employed,0.0,12009.0,Other Backward Class,RESAMPLED_BASELINE
Coimbatore,31,Rural,70,Male,2,1,2,Others,Literate,Below Primary,Not in labour force,Not in labour force,0.0,3725.0,Other Backward Class,RESAMPLED_BASELINE
Cuddalore,16,Rural,47,Male,2,1,5,Casual labour in agriculture,Literate,Middle,Not in labour force,Not in labour force,0.0,8392.0,Scheduled Caste,RESAMPLED_BASELINE
Kanniyakumari,28,Urban,26,Male,1,5,5,Self-employed in agriculture,Literate,Diploma/Certificate,Employed,Employed,0.0,18618.0,Other Backward Class,RESAMPLED_BASELINE
Thiruvallur,01,Rural,32,Male,1,5,3,Self-employed in agriculture,Literate,Diploma/Certificate,Unemployed,Unemployed,0.0,15877.0,Other Backward Class,RESAMPLED_BASELINE
Thiruvallur,01,Urban,50,Female,3,1,3,Others,Literate,Secondary,Not in labour force,Not in labour force,0.0,8945.0,Other Backward Class,RESAMPLED_BASELINE
Erode,09,Rural,36,Male,2,1,4,Regular wage/salary earning,Literate,Diploma/Certificate,Employed,Employed,22600.0,15755.0,Other Backward Class,RESAMPLED_BASELINE
Virudhunagar,24,Urban,18,Female,1,5,4,Regular wage/salary earning,Literate,Higher Secondary,Not in labour force,Not in labour force,0.0,9508.0,Other Backward Class,RESAMPLED_BASELINE
Vellore,04,Rural,57,Male,2,1,5,Regular wage/salary earning,Literate,Below Primary,Employed,Employed,0.0,10940.0,Other Backward Class,RESAMPLED_BASELINE
Cuddalore,16,Rural,15,Male,1,5,2,Self-employed in agriculture,Literate,Secondary,Not in labour force,Not in labour force,0.0,6783.0,Other Backward Class,RESAMPLED_BASELINE
Ramanathapuram,25,Rural,19,Male,1,5,4,Self-employed in non-agriculture,Literate,Higher Secondary,Not in labour force,Not in labour force,0.0,11592.0,Scheduled Caste,RESAMPLED_BASELINE
Namakkal,08,Urban,23,Male,1,5,4,Self-employed in non-agriculture,Literate,Diploma/Certificate,Employed,Employed,43000.0,14950.0,Other Backward Class,RESAMPLED_BASELINE
Tiruvannamalai,05,Rural,22,Male,1,5,4,Casual labour in non-agriculture,Literate,Middle,Not in labour force,Not in labour force,0.0,8540.0,Other Backward Class,RESAMPLED_BASELINE
Dindigul,11,Rural,38,Male,2,1,4,Self-employed in non-agriculture,Literate,Primary,Employed,Employed,0.0,15614.0,Scheduled Caste,RESAMPLED_BASELINE
Ranipet,35,Urban,36,Female,2,2,5,Regular wage/salary earning,Literate,Primary,Employed,Employed,0.0,14253.0,Other Backward Class,RESAMPLED_BASELINE
Tiruchirappalli,13,Rural,17,Male,1,5,4,Casual labour in agriculture,Literate,Secondary,Unemployed,Unemployed,0.0,13205.0,Scheduled Caste,RESAMPLED_BASELINE
Tiruppur,32,Urban,5,Male,1,5,4,Self-employed in agriculture,Illiterate,Not literate,Not in labour force,Not in labour force,0.0,14300.0,Other Backward Class,RESAMPLED_BASELINE
Dindigul,11,Urban,21,Male,1,5,4,Others,Literate,Higher Secondary,Not in labour force,Not in labour force,0.0,13128.0,Others,RESAMPLED_BASELINE
Unknown,37,Rural,38,Male,2,3,6,Self-employed in non-agriculture,Literate,Diploma/Certificate,Employed,Employed,0.0,7917.0,Other Backward Class,RESAMPLED_BASELINE
Kallakurichi,34,Rural,30,Female,2,2,4,Self-employed in agriculture,Literate,Higher Secondary,Employed,Employed,0.0,9517.0,Other Backward Class,RESAMPLED_BASELINE
Vellore,04,Rural,34,Female,3,1,4,Regular wage/salary earning,Literate,Middle,Employed,Employed,5500.0,8486.0,Other Backward Class,RESAMPLED_BASELINE
Tiruvannamalai,05,Rural,40,Female,2,2,11,Self-employed in agriculture,Literate,Primary,Employed,Employed,0.0,31142.0,Other Backward Class,RESAMPLED_BASELINE
Coimbatore,31,Urban,25,Female,1,1,1,Self-employed in non-agriculture,Literate,Diploma/Certificate,Employed,Employed,56200.0,7602.0,Other Backward Class,RESAMPLED_BASELINE
Chennai,02,Urban,19,Female,1,5,5,Self-employed in agriculture,Literate,Diploma/Certificate,Not in labour force,Not in labour force,0.0,65125.0,Other Backward Class,RESAMPLED_BASELINE
Thiruvallur,01,Rural,30,Male,2,3,6,Regular wage/salary earning,Literate,Middle,Unemployed,Unemployed,0.0,20068.0,Other Backward Class,RESAMPLED_BASELINE
Pudukkottai,20,Rural,55,Female,2,2,2,Self-employed in agriculture,Literate,Middle,Employed,Employed,0.0,7553.0,Other Backward Class,RESAMPLED_BASELINE
Madurai,22,Urban,46,Male,2,1,3,Self-employed in agriculture,Literate,Middle,Not in labour force,Not in labour force,0.0,7443.0,Other Backward Class,RESAMPLED_BASELINE
Karur,12,Rural,61,Female,3,1,1,Others,Literate,Primary,Not in labour force,Not in labour force,0.0,3780.0,Other Backward Class,RESAMPLED_BASELINE
Thiruvallur,01,Urban,50,Female,2,2,4,Self-employed in non-agriculture,Literate,Middle,Not in labour force,Not in labour force,0.0,10700.0,Other Backward Class,RESAMPLED_BASELINE
Vellore,04,Rural,19,Female,2,4,4,Regular wage/salary earning,Literate,Higher Secondary,Not in labour force,Not in labour force,0.0,10525.0,Other Backward Class,RESAMPLED_BASELINE
Kancheepuram,03,Rural,27,Male,1,5,8,Regular wage/salary earning,Literate,Diploma/Certificate,Unemployed,Unemployed,0.0,35417.0,Scheduled Caste,RESAMPLED_BASELINE
Coimbatore,31,Urban,36,Male,2,1,3,Self-employed in non-agriculture,Literate,Secondary,Employed,Employed,23000.0,15458.0,Other Backward Class,RESAMPLED_BASELINE
Sivaganga,21,Rural,40,Male,2,1,7,Casual labour in non-agriculture,Literate,Middle,Employed,Employed,0.0,10013.0,Other Backward Class,RESAMPLED_BASELINE
Kallakurichi,34,Rural,41,Male,2,1,4,Casual labour in non-agriculture,Literate,Secondary,Employed,Employed,0.0,8903.0,Other Backward Class,RESAMPLED_BASELINE
Tiruvannamalai,05,Urban,14,Female,1,5,4,Self-employed in non-agriculture,Literate,Middle,Not in labour force,Not in labour force,0.0,17046.0,Other Backward Class,RESAMPLED_BASELINE
Salem,07,Urban,9,Male,1,5,4,Self-employed in non-agriculture,Literate,Below Primary,Not in labour force,Not in labour force,0.0,15377.0,Other Backward Class,RESAMPLED_BASELINE
Dindigul,11,Urban,31,Male,2,1,4,Regular wage/salary earning,Literate,Middle,Employed,Employed,0.0,8913.0,Other Backward Class,RESAMPLED_BASELINE
Kancheepuram,03,Rural,54,Female,2,2,8,Regular wage/salary earning,Illiterate,Not literate,Not in labour force,Not in labour force,0.0,35417.0,Scheduled Caste,RESAMPLED_BASELINE
Thoothukudi,26,Urban,46,Male,2,1,4,Self-employed in non-agriculture,Illiterate,Not literate,Employed,Employed,15000.0,15608.0,Scheduled Caste,RESAMPLED_BASELINE
Dindigul,11,Rural,27,Female,2,4,6,Regular wage/salary earning,Literate,Higher Secondary,Not in labour force,Not in labour force,0.0,11609.0,Other Backward Class,RESAMPLED_BASELINE
Tiruchirappalli,13,Rural,26,Male,1,5,3,Regular wage/salary earning,Literate,Diploma/Certificate,Employed,Employed,12000.0,11648.0,Other Backward Class,RESAMPLED_BASELINE
Coimbatore,31,Urban,6,Female,1,5,4,Self-employed in agriculture,Literate,Below Primary,Not in labour force,Not in labour force,0.0,11753.0,Other Backward Class,RESAMPLED_BASELINE
Madurai,22,Urban,55,Female,2,2,2,Self-employed in agriculture,Literate,Below Primary,Employed,Employed,0.0,11095.0,Other Backward Class,RESAMPLED_BASELINE
Thiruvarur,18,Rural,80,Female,2,2,2,Self-employed in agriculture,Illiterate,Not literate,Not in labour force,Not in labour force,0.0,7710.0,Other Backward Class,RESAMPLED_BASELINE
Ranipet,35,Urban,49,Female,3,1,2,Self-employed in non-agriculture,Illiterate,Not literate,Employed,Employed,0.0,8807.0,Other Backward Class,RESAMPLED_BASELINE
Thiruvarur,18,Rural,13,Male,1,5,4,Self-employed in non-agriculture,Literate,Primary,Not in labour force,Not in labour force,0.0,25633.0,Other Backward Class,RESAMPLED_BASELINE
Tenkasi,33,Urban,55,Male,2,1,7,Self-employed in non-agriculture,Literate,Below Primary,Employed,Employed,0.0,28680.0,Others,RESAMPLED_BASELINE
Kanniyakumari,28,Urban,0,Female,1,6,6,Self-employed in agriculture,Illiterate,Not literate,Not in labour force,Not in labour force,0.0,20897.0,Other Backward Class,RESAMPLED_BASELINE
Theni,23,Urban,6,Male,1,6,8,Regular wage/salary earning,Literate,Below Primary,Not in labour force,Not in labour force,0.0,11674.0,Scheduled Caste,RESAMPLED_BASELINE
Cuddalore,16,Rural,40,Female,2,2,2,Casual labour in non-agriculture,Literate,Primary,Employed,Employed,0.0,4808.0,Scheduled Caste,RESAMPLED_BASELINE
Thiruvarur,18,Rural,41,Male,2,1,3,Regular wage/salary earning,Literate,Primary,Employed,Employed,17280.0,18465.0,Other Backward Class,RESAMPLED_BASELINE
Tenkasi,33,Urban,44,Male,2,1,4,Self-employed in non-agriculture,Literate,Diploma/Certificate,Employed,Employed,32250.0,22651.0,Other Backward Class,RESAMPLED_BASELINE
Krishnagiri,30,Urban,38,Female,2,2,2,Self-employed in non-agriculture,Literate,Secondary,Employed,Employed,12500.0,8208.0,Other Backward Class,RESAMPLED_BASELINE
Vellore,04,Rural,20,Male,1,5,2,Self-employed in non-agriculture,Literate,Diploma/Certificate,Employed,Employed,0.0,9219.0,Other Backward Class,RESAMPLED_BASELINE
Tiruchirappalli,13,Rural,60,Female,2,2,3,Regular wage/salary earning,Literate,Primary,Not in labour force,Not in labour force,0.0,11648.0,Other Backward Class,RESAMPLED_BASELINE
Dindigul,11,Rural,27,Female,2,4,6,Regular wage/salary earning,Literate,Higher Secondary,Not in labour force,Not in labour force,0.0,11609.0,Other Backward Class,RESAMPLED_BASELINE
Ramanathapuram,25,Urban,55,Female,2,2,6,Self-employed in non-agriculture,Illiterate,Not literate,Not in labour force,Not in labour force,0.0,24667.0,Other Backward Class,RESAMPLED_BASELINE
Viluppuram,06,Rural,34,Female,2,4,7,Casual labour in non-agriculture,Literate,Diploma/Certificate,Not in labour force,Not in labour force,0.0,9800.0,Scheduled Caste,RESAMPLED_BASELINE
Tiruvannamalai,05,Rural,11,Male,1,5,4,Regular wage/salary earning,Literate,Primary,Not in labour force,Not in labour force,0.0,6580.0,Other Backward Class,RESAMPLED_BASELINE
Tiruvannamalai,05,Urban,26,Female,1,5,3,Self-employed in non-agriculture,Literate,Diploma/Certificate,Employed,Employed,60000.0,18090.0,Other Backward Class,RESAMPLED_BASELINE
Chennai,02,Urban,60,Male,2,1,4,Self-employed in agriculture,Literate,Diploma/Certificate,Not in labour force,Not in labour force,0.0,22843.0,Other Backward Class,RESAMPLED_BASELINE
Chennai,02,Urban,30,Male,2,1,4,Self-employed in non-agriculture,Literate,Diploma/Certificate,Employed,Employed,48000.0,19533.0,Other Backward Class,RESAMPLED_BASELINE
Thiruvarur,18,Rural,21,Female,1,5,5,Self-employed in agriculture,Literate,Diploma/Certificate,Not in labour force,Not in labour force,0.0,15933.0,Scheduled Caste,RESAMPLED_BASELINE
Chennai,02,Urban,50,Female,2,2,4,Self-employed in non-agriculture,Literate,Middle,Unemployed,Unemployed,0.0,22372.0,Other Backward Class,RESAMPLED_BASELINE
Ranipet,35,Rural,4,Female,1,6,5,Casual labour in non-agriculture,Illiterate,Not literate,Not in labour force,Not in labour force,0.0,8147.0,Scheduled Caste,RESAMPLED_BASELINE
Dharmapuri,29,Rural,43,Female,2,2,4,Regular wage/salary earning,Literate,Primary,Employed,Employed,0.0,14797.0,Other Backward Class,RESAMPLED_BASELINE
Sivaganga,21,Urban,23,Female,2,4,4,Self-employed in non-agriculture,Literate,Higher Secondary,Not in labour force,Not in labour force,0.0,13125.0,Other Backward Class,RESAMPLED_BASELINE
Coimbatore,31,Urban,59,Male,2,1,3,Self-employed in non-agriculture,Literate,Secondary,Employed,Employed,0.0,11372.0,Other Backward Class,RESAMPLED_BASELINE
Krishnagiri,30,Urban,49,Male,2,2,3,Regular wage/salary earning,Literate,Primary,Employed,Employed,0.0,7777.0,Other Backward Class,RESAMPLED_BASELINE
Vellore,04,Rural,31,Male,1,5,5,Regular wage/salary earning,Literate,Primary,Employed,Employed,12000.0,10405.0,Scheduled Caste,RESAMPLED_BASELINE
Thanjavur,19,Rural,33,Female,2,2,4,Casual labour in agriculture,Literate,Diploma/Certificate,Employed,Employed,0.0,19238.0,Other Backward Class,RESAMPLED_BASELINE
Ramanathapuram,25,Rural,12,Female,1,5,3,Casual labour in agriculture,Literate,Primary,Not in labour force,Not in labour force,0.0,7458.0,Other Backward Class,RESAMPLED_BASELINE
Krishnagiri,30,Rural,43,Male,2,1,4,Casual labour in non-agriculture,Illiterate,Not literate,Employed,Employed,0.0,11218.0,Other Backward Class,RESAMPLED_BASELINE
Cuddalore,16,Rural,2,Male,1,5,4,Self-employed in non-agriculture,Illiterate,Not literate,Not in labour force,Not in labour force,0.0,10575.0,Scheduled Caste,RESAMPLED_BASELINE
Unknown,37,Rural,9,Male,1,5,4,Self-employed in agriculture,Literate,Below Primary,Not in labour force,Not in labour force,0.0,11042.0,Scheduled Caste,RESAMPLED_BASELINE
Chennai,02,Urban,38,Male,1,1,3,Self-employed in agriculture,Literate,Primary,Employed,Employed,0.0,19493.0,Other Backward Class,RESAMPLED_BASELINE
Salem,07,Urban,16,Male,1,5,3,Self-employed in non-agriculture,Literate,Secondary,Not in labour force,Not in labour force,0.0,12883.0,Other Backward Class,RESAMPLED_BASELINE
Cuddalore,16,Urban,60,Male,2,1,4,Regular wage/salary earning,Illiterate,Not literate,Not in labour force,Not in labour force,0.0,10117.0,Other Backward Class,RESAMPLED_BASELINE
Salem,07,Rural,20,Male,1,5,3,Others,Literate,Higher Secondary,Not in labour force,Not in labour force,0.0,16500.0,Other Backward Class,RESAMPLED_BASELINE
Chennai,02,Urban,24,Female,1,5,6,Self-employed in non-agriculture,Literate,Diploma/Certificate,Employed,Employed,38000.0,24035.0,Other Backward Class,RESAMPLED_BASELINE
Tenkasi,33,Rural,79,Male,2,1,2,Others,Literate,Secondary,Not in labour force,Not in labour force,0.0,25680.0,Other Backward Class,RESAMPLED_BASELINE
