district,district_code,urban_rural,age,gender,marital_status,relationship_to_head,household_size,household_type,literacy_status,education_level,labour_force_status,employment_status,individual_income,consumption_expenditure,social_group,synthetic_data_label
Kancheepuram,03,Rural,49,Male,2,2,4,Casual labour in agriculture,Literate,Higher Secondary,Employed,Employed,0.0,16665.0,Scheduled Caste,RESAMPLED_BASELINE
Vellore,04,Rural,36,Female,2,1,3,Regular wage/salary earning,Literate,Diploma/Certificate,Employed,Employed,25000.0,9353.0,Other Backward Class,RESAMPLED_BASELINE
Tiruvannamalai,05,Rural,75,Male,2,1,4,Regular wage/salary earning,Literate,Secondary,Not in labour force,Not in labour force,0.0,30823.0,Other Backward Class,RESAMPLED_BASELINE
Namakkal,08,Rural,12,Male,1,5,6,Regular wage/salary earning,Literate,Primary,Not in labour force,Not in labour force,0.0,10158.0,Other Backward Class,RESAMPLED_BASELINE
Tenkasi,33,Rural,45,Male,2,2,5,Regular wage/salary earning,Literate,Below Primary,Employed,Employed,0.0,11152.0,Scheduled Caste,RESAMPLED_BASELINE
Ranipet,35,Rural,16,Female,1,5,2,Self-employed in agriculture,Literate,Secondary,Not in labour force,Not in labour force,0.0,4715.0,Other Backward Class,RESAMPLED_BASELINE
Kancheepuram,03,Rural,39,Male,2,1,4,Regular wage/salary earning,Literate,Secondary,Employed,Employed,26000.0,18597.0,Scheduled Caste,RESAMPLED_BASELINE
Cuddalore,16,Rural,52,Female,3,7,4,Regular wage/salary earning,Illiterate,Not literate,Not in labour force,Not in labour force,0.0,9900.0,Scheduled Caste,RESAMPLED_BASELINE
Cuddalore,16,Rural,19,Male,1,5,4,Self-employed in non-agriculture,Literate,Higher Secondary,Not in labour force,Not in labour force,0.0,12925.0,Other Backward Class,RESAMPLED_BASELINE
Viluppuram,06,Rural,40,Male,2,3,6,Casual labour in non-agriculture,Literate,Higher Secondary,Employed,Employed,0.0,12933.0,Other Backward Class,RESAMPLED_BASELINE
Kancheepuram,03,Rural,29,Male,2,3,5,Self-employed in non-agriculture,Literate,Diploma/Certificate,Employed,Employed,0.0,39367.0,Scheduled Caste,RESAMPLED_BASELINE
Ranipet,35,Rural,0,Female,1,6,7,Regular wage/salary earning,Illiterate,Not literate,Not in labour force,Not in labour force,0.0,18158.0,Scheduled Caste,RESAMPLED_BASELINE
Ranipet,35,Rural,59,Male,2,7,6,Self-employed in agriculture,Illiterate,Not literate,Employed,Employed,0.0,13134.0,Other Backward Class,RESAMPLED_BASELINE
Dharmapuri,29,Rural,54,Male,2,1,5,Regular wage/salary earning,Literate,Below Primary,Employed,Employed,0.0,14844.0,Other Backward Class,RESAMPLED_BASELINE
Tiruppur,32,Rural,46,Female,2,2,3,Casual labour in agriculture,Literate,Below Primary,Not in labour force,Not in labour force,0.0,11873.0,Scheduled Caste,RESAMPLED_BASELINE
Krishnagiri,30,Rural,24,Male,1,5,4,Casual labour in non-agriculture,Literate,Diploma/Certificate,Employed,Employed,17600.0,14542.0,Scheduled Caste,RESAMPLED_BASELINE
Thiruvarur,18,Rural,20,Female,2,4,12,Regular wage/salary earning,Literate,Secondary,Not in labour force,Not in labour force,0.0,58995.0,Scheduled Caste,RESAMPLED_BASELINE
Kallakurichi,34,Rural,69,Male,2,1,4,Casual labour in agriculture,Illiterate,Not literate,Not in labour force,Not in labour force,0.0,6258.0,Scheduled Tribe,RESAMPLED_BASELINE
Tiruvannamalai,05,Rural,70,Male,2,1,2,Self-employed in agriculture,Literate,Primary,Employed,Employed,0.0,6203.0,Other Backward Class,RESAMPLED_BASELINE
Dharmapuri,29,Rural,38,Male,2,1,4,Casual labour in non-agriculture,Literate,Middle,Employed,Employed,0.0,8135.0,Scheduled Caste,RESAMPLED_BASELINE
Viluppuram,06,Rural,7,Female,1,5,6,Regular wage/salary earning,Literate,Below Primary,Not in labour force,Not in labour force,0.0,16725.0,Scheduled Caste,RESAMPLED_BASELINE
Madurai,22,Rural,26,Male,2,3,5,Self-employed in agriculture,Literate,Middle,Employed,Employed,0.0,10996.0,Scheduled Caste,RESAMPLED_BASELINE
Pudukkottai,20,Rural,13,Male,1,5,4,Regular wage/salary earning,Literate,Primary,Not in labour force,Not in labour force,0.0,12533.0,Other Backward Class,RESAMPLED_BASELINE
Karur,12,Rural,41,Female,2,2,3,Casual labour in agriculture,Literate,Primary,Employed,Employed,0.0,10140.0,Other Backward Class,RESAMPLED_BASELINE
Erode,09,Rural,12,Male,1,5,4,Casual labour in agriculture,Literate,Primary,Not in labour force,Not in labour force,0.0,13627.0,Scheduled Caste,RESAMPLED_BASELINE
Ranipet,35,Rural,10,Male,1,6,5,Regular wage/salary earning,Literate,Primary,Not in labour force,Not in labour force,0.0,9347.0,Other Backward Class,RESAMPLED_BASELINE
Dharmapuri,29,Rural,27,Male,1,5,5,Regular wage/salary earning,Literate,Diploma/Certificate,Employed,Employed,43600.0,14844.0,Other Backward Class,RESAMPLED_BASELINE
Tenkasi,33,Rural,80,Female,3,1,1,Others,Illiterate,Not literate,Not in labour force,Not in labour force,0.0,2625.0,Scheduled Caste,RESAMPLED_BASELINE
Tiruchirappalli,13,Rural,46,Female,1,8,3,Regular wage/salary earning,Literate,Diploma/Certificate,Employed,Employed,60000.0,17660.0,Other Backward Class,RESAMPLED_BASELINE
Coimbatore,31,Rural,63,Male,2,1,3,Self-employed in agriculture,Illiterate,Not literate,Employed,Employed,0.0,11567.0,Other Backward Class,RESAMPLED_BASELINE
Thiruvallur,01,Rural,55,Female,2,2,3,Self-employed in agriculture,Literate,Middle,Not in labour force,Not in labour force,0.0,15877.0,Other Backward Class,RESAMPLED_BASELINE
Thoothukudi,26,Rural,60,Female,3,1,1,Casual labour in agriculture,Literate,Primary,Employed,Employed,0.0,5005.0,Other Backward Class,RESAMPLED_BASELINE
Erode,09,Rural,19,Female,1,5,2,Regular wage/salary earning,Literate,Higher Secondary,Not in labour force,Not in labour force,0.0,8260.0,Other Backward Class,RESAMPLED_BASELINE
Dharmapuri,29,Rural,24,Female,2,4,7,Regular wage/salary earning,Literate,Diploma/Certificate,Employed,Employed,0.0,16501.0,Other Backward Class,RESAMPLED_BASELINE
Erode,09,Rural,11,Male,1,5,4,Regular wage/salary earning,Literate,Primary,Not in labour force,Not in labour force,0.0,15755.0,Other Backward Class,RESAMPLED_BASELINE
Tenkasi,33,Rural,42,Female,2,2,4,Self-employed in non-agriculture,Literate,Middle,Not in labour force,Not in labour force,0.0,18762.0,Scheduled Caste,RESAMPLED_BASELINE
Tiruchirappalli,13,Rural,10,Female,1,6,4,Casual labour in non-agriculture,Literate,Primary,Not in labour force,Not in labour force,0.0,9850.0,Other Backward Class,RESAMPLED_BASELINE
Tiruppur,32,Rural,56,Male,2,1,2,Casual labour in non-agriculture,Illiterate,Not literate,Employed,Employed,0.0,7271.0,Other Backward Class,RESAMPLED_BASELINE
Cuddalore,16,Rural,39,Female,2,2,4,Regular wage/salary earning,Literate,Middle,Not in labour force,Not in labour force,0.0,11417.0,Other Backward Class,RESAMPLED_BASELINE
Krishnagiri,30,Rural,35,Female,2,2,4,Regular wage/salary earning,Illiterate,Not literate,Not in labour force,Not in labour force,0.0,8725.0,Other Backward Class,RESAMPLED_BASELINE
Thanjavur,19,Rural,49,Male,2,1,2,Self-employed in agriculture,Literate,Primary,Employed,Employed,0.0,12980.0,Other Backward Class,RESAMPLED_BASELINE
Ramanathapuram,25,Rural,23,Female,1,5,6,Self-employed in non-agriculture,Literate,Diploma/Certificate,Unemployed,Unemployed,0.0,15753.0,Other Backward Class,RESAMPLED_BASELINE
Tiruppur,32,Rural,75,Male,2,1,2,Others,Literate,Below Primary,Not in labour force,Not in labour force,0.0,8433.0,Other Backward Class,RESAMPLED_BASELINE
Unknown,37,Rural,9,Male,1,6,5,Self-employed in agriculture,Literate,Below Primary,Not in labour force,Not in labour force,0.0,13405.0,Other Backward Class,RESAMPLED_BASELINE
Pudukkottai,20,Rural,47,Female,2,2,4,Casual labour in agriculture,Literate,Primary,Employed,Employed,0.0,5828.0,Other Backward Class,RESAMPLED_BASELINE
Namakkal,08,Rural,52,Female,2,2,2,Regular wage/salary earning,Literate,Primary,Not in labour force,Not in labour force,0.0,10288.0,Other Backward Class,RESAMPLED_BASELINE
Pudukkottai,20,Rural,64,Female,2,7,5,Regular wage/salary earning,Literate,Secondary,Not in labour force,Not in labour force,0.0,8831.0,Other Backward Class,RESAMPLED_BASELINE
Krishnagiri,30,Rural,22,Male,1,5,5,Casual labour in non-agriculture,Literate,Diploma/Certificate,Employed,Employed,13800.0,7093.0,Other Backward Class,RESAMPLED_BASELINE
Tenkasi,33,Rural,7,Male,1,5,5,Casual labour in non-agriculture,Literate,Below Primary,Not in labour force,Not in labour force,0.0,14448.0,Scheduled Caste,RESAMPLED_BASELINE
Pudukkottai,20,Rural,7,Female,1,5,6,Regular wage/salary earning,Literate,Below Primary,Not in labour force,Not in labour force,0.0,13763.0,Other Backward Class,RESAMPLED_BASELINE
Mayiladuthurai,38,Rural,53,Male,1,8,3,Others,Illiterate,Not literate,Not in labour force,Not in labour force,0.0,14622.0,Other Backward Class,RESAMPLED_BASELINE
Viluppuram,06,Rural,14,Female,1,5,5,Regular wage/salary earning,Literate,Middle,Not in labour force,Not in labour force,0.0,15417.0,Other Backward Class,RESAMPLED_BASELINE
Salem,07,Rural,0,Female,1,5,5,Regular wage/salary earning,Illiterate,Not literate,Not in labour force,Not in labour force,0.0,11871.0,Scheduled Caste,RESAMPLED_BASELINE
Sivaganga,21,Rural,78,Female,2,2,2,Others,Literate,Primary,Not in labour force,Not in labour force,0.0,5610.0,Other Backward Class,RESAMPLED_BASELINE
Coimbatore,31,Rural,58,Male,2,1,3,Casual labour in non-agriculture,Illiterate,Not literate,Employed,Employed,0.0,8278.0,Scheduled Caste,RESAMPLED_BASELINE
Thanjavur,19,Rural,26,Male,1,5,3,Casual labour in agriculture,Literate,Diploma/Certificate,Unemployed,Unemployed,0.0,8770.0,Other Backward Class,RESAMPLED_BASELINE
Pudukkottai,20,Rural,47,Female,2,2,4,Casual labour in agriculture,Literate,Primary,Employed,Employed,0.0,5828.0,Other Backward Class,RESAMPLED_BASELINE
Tirunelveli,27,Rural,19,Male,1,5,3,Self-employed in agriculture,Literate,Secondary,Employed,Employed,0.0,10325.0,Other Backward Class,RESAMPLED_BASELINE
Kancheepuram,03,Rural,29,Male,2,3,5,Self-employed in non-agriculture,Literate,Diploma/Certificate,Employed,Employed,0.0,39367.0,Scheduled Caste,RESAMPLED_BASELINE
Dharmapuri,29,Rural,22,Male,1,5,4,Regular wage/salary earning,Literate,Diploma/Certificate,Employed,Employed,16400.0,14797.0,Other Backward Class,RESAMPLED_BASELINE
Erode,09,Rural,42,Female,2,2,2,Regular wage/salary earning,Literate,Diploma/Certificate,Employed,Employed,42800.0,16913.0,Other Backward Class,RESAMPLED_BASELINE
Salem,07,Rural,35,Male,2,1,6,Casual labour in non-agriculture,Literate,Middle,Employed,Employed,0.0,9942.0,Other Backward Class,RESAMPLED_BASELINE
Kancheepuram,03,Rural,45,Female,2,1,4,Casual labour in agriculture,Literate,Primary,Employed,Employed,8000.0,16665.0,Scheduled Caste,RESAMPLED_BASELINE
Cuddalore,16,Rural,11,Male,1,5,6,Self-employed in non-agriculture,Literate,Primary,Not in labour force,Not in labour force,0.0,9133.0,Scheduled Caste,RESAMPLED_BASELINE
Thiruvallur,01,Rural,57,Male,2,1,3,Self-employed in agriculture,Literate,Diploma/Certificate,Employed,Employed,0.0,15877.0,Other Backward Class,RESAMPLED_BASELINE
Ranipet,35,Rural,9,Male,1,5,4,Casual labour in non-agriculture,Literate,Below Primary,Not in labour force,Not in labour force,0.0,8961.0,Other Backward Class,RESAMPLED_BASELINE
Cuddalore,16,Rural,77,Male,2,1,2,Casual labour in agriculture,Literate,Primary,Not in labour force,Not in labour force,0.0,4725.0,Other Backward Class,RESAMPLED_BASELINE
Thiruvarur,18,Rural,54,Male,2,1,2,Casual labour in agriculture,Literate,Middle,Employed,Employed,0.0,10338.0,Scheduled Caste,RESAMPLED_BASELINE
Kancheepuram,03,Rural,27,Male,1,5,8,Regular wage/salary earning,Literate,Diploma/Certificate,Unemployed,Unemployed,0.0,35417.0,Scheduled Caste,RESAMPLED_BASELINE
Cuddalore,16,Rural,46,Female,2,2,5,Casual labour in non-agriculture,Illiterate,Not literate,Employed,Employed,0.0,11033.0,Scheduled Caste,RESAMPLED_BASELINE
Salem,07,Rural,39,Female,2,2,3,Regular wage/salary earning,Literate,Primary,Employed,Employed,8000.0,8758.0,Other Backward Class,RESAMPLED_BASELINE
Kallakurichi,34,Rural,20,Female,2,2,3,Self-employed in non-agriculture,Literate,Secondary,Employed,Employed,0.0,9725.0,Other Backward Class,RESAMPLED_BASELINE
Tirunelveli,27,Rural,27,Female,2,2,4,Regular wage/salary earning,Literate,Middle,Not in labour force,Not in labour force,0.0,14898.0,Scheduled Caste,RESAMPLED_BASELINE
Virudhunagar,24,Rural,7,Female,1,5,3,Self-employed in non-agriculture,Literate,Below Primary,Not in labour force,Not in labour force,0.0,12772.0,Scheduled Caste,RESAMPLED_BASELINE
Virudhunagar,24,Rural,75,Male,2,1,4,Regular wage/salary earning,Illiterate,Not literate,Not in labour force,Not in labour force,0.0,15891.0,Other Backward Class,RESAMPLED_BASELINE
Salem,07,Rural,60,Male,2,1,4,Regular wage/salary earning,Illiterate,Not literate,Employed,Employed,0.0,11767.0,Scheduled Caste,RESAMPLED_BASELINE
Thoothukudi,26,Rural,10,Female,1,5,4,Regular wage/salary earning,Literate,Below Primary,Not in labour force,Not in labour force,0.0,10317.0,Scheduled Caste,RESAMPLED_BASELINE
Virudhunagar,24,Rural,25,Female,2,2,4,Casual labour in non-agriculture,Literate,Secondary,Employed,Employed,0.0,13683.0,Other Backward Class,RESAMPLED_BASELINE
Dindigul,11,Rural,35,Male,2,1,4,Self-employed in non-agriculture,Literate,Middle,Employed,Employed,0.0,19388.0,Others,RESAMPLED_BASELINE
Perambalur,14,Rural,62,Male,2,1,6,Self-employed in agriculture,Literate,Middle,Employed,Employed,0.0,14418.0,Other Backward Class,RESAMPLED_BASELINE
Vellore,04,Rural,42,Male,2,1,4,Casual labour in non-agriculture,Literate,Secondary,Employed,Employed,0.0,11471.0,Other Backward Class,RESAMPLED_BASELINE
Thiruvarur,18,Rural,13,Female,1,5,5,Regular wage/salary earning,Literate,Middle,Not in labour force,Not in labour force,0.0,29475.0,Other Backward Class,RESAMPLED_BASELINE
Tiruvannamalai,05,Rural,28,Female,2,4,6,Self-employed in non-agriculture,Literate,Higher Secondary,Not in labour force,Not in labour force,0.0,11550.0,Other Backward Class,RESAMPLED_BASELINE
Erode,09,Rural,55,Female,3,1,2,Casual labour in non-agriculture,Literate,Below Primary,Employed,Employed,0.0,8527.0,Scheduled Caste,RESAMPLED_BASELINE
Cuddalore,16,Rural,38,Female,3,1,2,Self-employed in agriculture,Literate,Middle,Employed,Employed,0.0,6783.0,Other Backward Class,RESAMPLED_BASELINE
Thiruvallur,01,Rural,45,Male,2,1,2,Casual labour in non-agriculture,Literate,Middle,Employed,Employed,0.0,14077.0,Other Backward Class,RESAMPLED_BASELINE
Pudukkottai,20,Rural,45,Female,2,2,5,Casual labour in non-agriculture,Literate,Primary,Employed,Employed,12000.0,7513.0,Scheduled Caste,RESAMPLED_BASELINE
Kancheepuram,03,Rural,23,Male,1,5,5,Regular wage/salary earning,Literate,Diploma/Certificate,Employed,Employed,20000.0,22458.0,Scheduled Caste,RESAMPLED_BASELINE
Viluppuram,06,Rural,35,Female,2,2,5,Regular wage/salary earning,Literate,Higher Secondary,Not in labour force,Not in labour force,0.0,15417.0,Other Backward Class,RESAMPLED_BASELINE
Kancheepuram,03,Rural,1,Male,1,6,5,Self-employed in non-agriculture,Illiterate,Not literate,Not in labour force,Not in labour force,0.0,39367.0,Scheduled Caste,RESAMPLED_BASELINE
Unknown,37,Rural,9,Male,1,5,4,Self-employed in agriculture,Literate,Below Primary,Not in labour force,Not in labour force,0.0,11042.0,Scheduled Caste,RESAMPLED_BASELINE
Viluppuram,06,Rural,37,Female,2,2,6,Regular wage/salary earning,Literate,Middle,Not in labour force,Not in labour force,0.0,16725.0,Scheduled Caste,RESAMPLED_BASELINE
Tiruchirappalli,13,Rural,30,Male,1,5,3,Casual labour in non-agriculture,Literate,Diploma/Certificate,Employed,Employed,16500.0,13143.0,Other Backward Class,RESAMPLED_BASELINE
Madurai,22,Rural,52,Female,2,2,2,Casual labour in non-agriculture,Literate,Below Primary,Not in labour force,Not in labour force,0.0,5786.0,Scheduled Caste,RESAMPLED_BASELINE
Cuddalore,16,Rural,13,Female,1,5,5,Casual labour in agriculture,Literate,Primary,Not in labour force,Not in labour force,0.0,8392.0,Scheduled Caste,RESAMPLED_BASELINE
Thiruvarur,18,Rural,41,Male,2,1,3,Regular wage/salary earning,Literate,Primary,Employed,Employed,17280.0,18465.0,Other Backward Class,RESAMPLED_BASELINE
Viluppuram,06,Rural,56,Male,2,1,5,Regular wage/salary earning,Illiterate,Not literate,Employed,Employed,0.0,12467.0,Scheduled Caste,RESAMPLED_BASELINE
Thiruvallur,01,Rural,45,Female,2,2,4,Casual labour in agriculture,Literate,Primary,Employed,Employed,0.0,10245.0,Scheduled Caste,RESAMPLED_BASELINE
Coimbatore,31,Rural,39,Female,2,2,4,Regular wage/salary earning,Literate,Primary,Employed,Employed,13500.0,21413.0,Other Backward Class,RESAMPLED_BASELINE
Pudukkottai,20,Rural,40,Female,2,2,6,Regular wage/salary earning,Literate,Diploma/Certificate,Not in labour force,Not in labour force,0.0,13763.0,Other Backward Class,RESAMPLED_BASELINE
Vellore,04,Rural,19,Female,2,4,4,Regular wage/salary earning,Literate,Higher Secondary,Not in labour force,Not in labour force,0.0,10525.0,Other Backward Class,RESAMPLED_BASELINE
Kallakurichi,34,Rural,33,Male,2,3,4,Casual labour in agriculture,Literate,Primary,Employed,Employed,0.0,6258.0,Scheduled Tribe,RESAMPLED_BASELINE
Cuddalore,16,Rural,57,Male,3,1,5,Regular wage/salary earning,Illiterate,Not literate,Employed,Employed,0.0,11800.0,Scheduled Caste,RESAMPLED_BASELINE
Coimbatore,31,Rural,55,Female,2,2,3,Self-employed in agriculture,Literate,Middle,Not in labour force,Not in labour force,0.0,21109.0,Other Backward Class,RESAMPLED_BASELINE
Tirunelveli,27,Rural,50,Female,2,2,2,Casual labour in agriculture,Literate,Primary,Employed,Employed,0.0,11075.0,Other Backward Class,RESAMPLED_BASELINE
Kancheepuram,03,Rural,85,Male,2,1,2,Others,Literate,Primary,Not in labour force,Not in labour force,0.0,6295.0,Scheduled Caste,RESAMPLED_BASELINE
Dharmapuri,29,Rural,8,Male,1,5,3,Self-employed in agriculture,Literate,Below Primary,Not in labour force,Not in labour force,0.0,7328.0,Other Backward Class,RESAMPLED_BASELINE
Salem,07,Rural,17,Male,1,5,4,Casual labour in non-agriculture,Literate,Secondary,Not in labour force,Not in labour force,0.0,17833.0,Other Backward Class,RESAMPLED_BASELINE
Ranipet,35,Rural,0,Female,1,6,7,Regular wage/salary earning,Illiterate,Not literate,Not in labour force,Not in labour force,0.0,18158.0,Scheduled Caste,RESAMPLED_BASELINE
Kallakurichi,34,Rural,22,Male,1,5,4,Self-employed in agriculture,Literate,Diploma/Certificate,Unemployed,Unemployed,0.0,8317.0,Scheduled Caste,RESAMPLED_BASELINE
Krishnagiri,30,Rural,54,Male,2,1,4,Regular wage/salary earning,Illiterate,Not literate,Employed,Employed,0.0,11784.0,Scheduled Caste,RESAMPLED_BASELINE
Krishnagiri,30,Rural,4,Male,1,6,6,Regular wage/salary earning,Illiterate,Not literate,Not in labour force,Not in labour force,0.0,13530.0,Other Backward Class,RESAMPLED_BASELINE
Pudukkottai,20,Rural,1,Male,1,6,8,Regular wage/salary earning,Illiterate,Not literate,Not in labour force,Not in labour force,0.0,12223.0,Other Backward Class,RESAMPLED_BASELINE
Ramanathapuram,25,Rural,31,Male,1,6,3,Self-employed in agriculture,Literate,Middle,Employed,Employed,0.0,10125.0,Other Backward Class,RESAMPLED_BASELINE
Thoothukudi,26,Rural,65,Male,2,1,9,Self-employed in non-agriculture,Illiterate,Not literate,Employed,Employed,17000.0,21540.0,Other Backward Class,RESAMPLED_BASELINE
Thiruvallur,01,Rural,48,Male,2,2,3,Regular wage/salary earning,Literate,Primary,Employed,Employed,0.0,11500.0,Scheduled Caste,RESAMPLED_BASELINE
Thanjavur,19,Rural,70,Female,3,7,5,Self-employed in non-agriculture,Illiterate,Not literate,Not in labour force,Not in labour force,0.0,15034.0,Other Backward Class,RESAMPLED_BASELINE
Tiruvannamalai,05,Rural,25,Male,1,5,3,Regular wage/salary earning,Literate,Middle,Employed,Employed,0.0,5948.0,Other Backward Class,RESAMPLED_BASELINE
Ariyalur,15,Rural,14,Female,1,5,3,Casual labour in agriculture,Literate,Middle,Not in labour force,Not in labour force,0.0,16233.0,Scheduled Caste,RESAMPLED_BASELINE
Kallakurichi,34,Rural,45,Male,2,3,5,Regular wage/salary earning,Literate,Middle,Employed,Employed,12000.0,10117.0,Scheduled Caste,RESAMPLED_BASELINE
Ranipet,35,Rural,58,Female,3,1,2,Regular wage/salary earning,Illiterate,Not literate,Employed,Employed,0.0,4271.0,Scheduled Caste,RESAMPLED_BASELINE
Dindigul,11,Rural,30,Female,2,2,4,Self-employed in non-agriculture,Literate,Primary,Not in labour force,Not in labour force,0.0,19388.0,Others,RESAMPLED_BASELINE
Sivaganga,21,Rural,37,Female,2,2,3,Regular wage/salary earning,Literate,Secondary,Employed,Employed,15000.0,7475.0,Other Backward Class,RESAMPLED_BASELINE
Perambalur,14,Rural,6,Female,1,6,5,Self-employed in agriculture,Literate,Below Primary,Not in labour force,Not in labour force,0.0,11680.0,Other Backward Class,RESAMPLED_BASELINE
Pudukkottai,20,Rural,4,Male,1,6,8,Self-employed in agriculture,Illiterate,Not literate,Not in labour force,Not in labour force,0.0,10805.0,Scheduled Caste,RESAMPLED_BASELINE
Tirunelveli,27,Rural,39,Female,2,2,2,Self-employed in agriculture,Literate,Primary,Not in labour force,Not in labour force,0.0,11158.0,Other Backward Class,RESAMPLED_BASELINE
Tiruppur,32,Rural,60,Male,2,1,4,Self-employed in agriculture,Illiterate,Not literate,Employed,Employed,0.0,11218.0,Other Backward Class,RESAMPLED_BASELINE
Madurai,22,Rural,20,Male,1,6,5,Casual labour in agriculture,Literate,Higher Secondary,Not in labour force,Not in labour force,0.0,13608.0,Scheduled Caste,RESAMPLED_BASELINE
Madurai,22,Rural,21,Female,1,5,7,Self-employed in agriculture,Literate,Diploma/Certificate,Not in labour force,Not in labour force,0.0,16838.0,Other Backward Class,RESAMPLED_BASELINE
Pudukkottai,20,Rural,26,Male,1,5,5,Casual labour in non-agriculture,Literate,Higher Secondary,Employed,Employed,0.0,10325.0,Scheduled Caste,RESAMPLED_BASELINE
Tiruvannamalai,05,Rural,5,Female,1,5,5,Casual labour in agriculture,Literate,Below Primary,Not in labour force,Not in labour force,0.0,6755.0,Scheduled Caste,RESAMPLED_BASELINE
Virudhunagar,24,Rural,40,Female,2,2,4,Self-employed in non-agriculture,Literate,Primary,Employed,Employed,0.0,10533.0,Other Backward Class,RESAMPLED_BASELINE
Pudukkottai,20,Rural,37,Female,2,2,3,Self-employed in non-agriculture,Literate,Middle,Employed,Employed,0.0,10587.0,Other Backward Class,RESAMPLED_BASELINE
Tenkasi,33,Rural,55,Female,2,2,3,Self-employed in non-agriculture,Illiterate,Not literate,Not in labour force,Not in labour force,0.0,12530.0,Scheduled Caste,RESAMPLED_BASELINE
Virudhunagar,24,Rural,57,Male,2,1,3,Self-employed in non-agriculture,Literate,Diploma/Certificate,Employed,Employed,0.0,15625.0,Other Backward Class,RESAMPLED_BASELINE
Namakkal,08,Rural,41,Male,2,1,3,Casual labour in agriculture,Literate,Higher Secondary,Employed,Employed,0.0,11142.0,Other Backward Class,RESAMPLED_BASELINE
Namakkal,08,Rural,60,Female,3,7,5,Regular wage/salary earning,Illiterate,Not literate,Employed,Employed,6000.0,14217.0,Other Backward Class,RESAMPLED_BASELINE
Pudukkottai,20,Rural,64,Female,2,7,5,Regular wage/salary earning,Literate,Secondary,Not in labour force,Not in labour force,0.0,8831.0,Other Backward Class,RESAMPLED_BASELINE
Erode,09,Rural,52,Male,2,1,4,Regular wage/salary earning,Illiterate,Not literate,Employed,Employed,0.0,15000.0,Other Backward Class,RESAMPLED_BASELINE
Namakkal,08,Rural,12,Male,1,5,6,Regular wage/salary earning,Literate,Primary,Not in labour force,Not in labour force,0.0,10158.0,Other Backward Class,RESAMPLED_BASELINE
Thiruvarur,18,Rural,54,Female,2,7,6,Self-employed in non-agriculture,Literate,Below Primary,Not in labour force,Not in labour force,0.0,16859.0,Scheduled Caste,RESAMPLED_BASELINE
Ramanathapuram,25,Rural,57,Male,4,3,3,Self-employed in agriculture,Literate,Primary,Employed,Employed,0.0,10125.0,Other Backward Class,RESAMPLED_BASELINE
Thiruvallur,01,Rural,70,Male,2,2,2,Casual labour in non-agriculture,Illiterate,Not literate,Not in labour force,Not in labour force,0.0,6403.0,Scheduled Caste,RESAMPLED_BASELINE
Pudukkottai,20,Rural,17,Male,1,5,5,Self-employed in agriculture,Literate,Higher Secondary,Not in labour force,Not in labour force,0.0,10853.0,Other Backward Class,RESAMPLED_BASELINE
Thiruvarur,18,Rural,69,Female,2,7,4,Others,Literate,Below Primary,Not in labour force,Not in labour force,0.0,15038.0,Other Backward Class,RESAMPLED_BASELINE
Salem,07,Rural,5,Female,1,6,5,Self-employed in non-agriculture,Illiterate,Not literate,Not in labour force,Not in labour force,0.0,11433.0,Other Backward Class,RESAMPLED_BASELINE
Pudukkottai,20,Rural,41,Male,2,1,3,Regular wage/salary earning,Literate,Middle,Employed,Employed,13500.0,7389.0,Scheduled Caste,RESAMPLED_BASELINE
Dharmapuri,29,Rural,49,Female,2,2,7,Regular wage/salary earning,Literate,Primary,Employed,Employed,0.0,16501.0,Other Backward Class,RESAMPLED_BASELINE
Krishnagiri,30,Rural,50,Male,2,3,4,Regular wage/salary earning,Literate,Middle,Employed,Employed,0.0,11128.0,Other Backward Class,RESAMPLED_BASELINE
Pudukkottai,20,Rural,80,Male,2,1,2,Others,Literate,Primary,Not in labour force,Not in labour force,0.0,5360.0,Scheduled Caste,RESAMPLED_BASELINE
Thiruvallur,01,Rural,40,Female,2,2,3,Casual labour in non-agriculture,Illiterate,Not literate,Employed,Employed,9753.0,8038.0,Scheduled Tribe,RESAMPLED_BASELINE
Tirunelveli,27,Rural,25,Male,1,5,3,Regular wage/salary earning,Literate,Diploma/Certificate,Employed,Employed,23800.0,11558.0,Other Backward Class,RESAMPLED_BASELINE
Coimbatore,31,Rural,17,Female,1,5,4,Casual labour in non-agriculture,Literate,Higher Secondary,Not in labour force,Not in labour force,0.0,14559.0,Scheduled Caste,RESAMPLED_BASELINE
Krishnagiri,30,Rural,59,Female,2,7,7,Self-employed in agriculture,Illiterate,Not literate,Employed,Employed,0.0,16613.0,Other Backward Class,RESAMPLED_BASELINE
Cuddalore,16,Rural,50,Female,2,2,5,Casual labour in non-agriculture,Illiterate,Not literate,Employed,Employed,0.0,12467.0,Other Backward Class,RESAMPLED_BASELINE
Mayiladuthurai,38,Rural,17,Female,1,5,4,Regular wage/salary earning,Literate,Secondary,Not in labour force,Not in labour force,0.0,17506.0,Other Backward Class,RESAMPLED_BASELINE
Dindigul,11,Rural,42,Female,2,2,4,Self-employed in non-agriculture,Literate,Middle,Employed,Employed,0.0,15614.0,Scheduled Caste,RESAMPLED_BASELINE
Unknown,37,Rural,45,Female,2,2,4,Self-employed in non-agriculture,Illiterate,Not literate,Employed,Employed,0.0,14430.0,Scheduled Caste,RESAMPLED_BASELINE
Erode,09,Rural,49,Female,3,1,1,Regular wage/salary earning,Literate,Secondary,Employed,Employed,10500.0,8030.0,Other Backward Class,RESAMPLED_BASELINE
Thanjavur,19,Rural,11,Female,1,5,5,Self-employed in agriculture,Literate,Primary,Not in labour force,Not in labour force,0.0,23389.0,Other Backward Class,RESAMPLED_BASELINE
Perambalur,14,Rural,26,Male,1,5,6,Self-employed in agriculture,Literate,Primary,Employed,Employed,15000.0,14418.0,Other Backward Class,RESAMPLED_BASELINE
Mayiladuthurai,38,Rural,76,Female,3,7,5,Self-employed in agriculture,Literate,Primary,Employed,Employed,0.0,25775.0,Other Backward Class,RESAMPLED_BASELINE
Salem,07,Rural,1,Male,1,5,6,Casual labour in non-agriculture,Illiterate,Not literate,Not in labour force,Not in labour force,0.0,9942.0,Other Backward Class,RESAMPLED_BASELINE
Ariyalur,15,Rural,7,Male,1,6,6,Self-employed in agriculture,Literate,Below Primary,Not in labour force,Not in labour force,0.0,13910.0,Other Backward Class,RESAMPLED_BASELINE
Kancheepuram,03,Rural,13,Female,1,5,3,Regular wage/salary earning,Literate,Primary,Not in labour force,Not in labour force,0.0,7487.0,Other Backward Class,RESAMPLED_BASELINE
Thiruvarur,18,Rural,85,Female,3,7,3,Casual labour in agriculture,Illiterate,Not literate,Not in labour force,Not in labour force,0.0,10405.0,Scheduled Caste,RESAMPLED_BASELINE
Perambalur,14,Rural,45,Female,2,1,3,Self-employed in agriculture,Literate,Secondary,Employed,Employed,0.0,11397.0,Other Backward Class,RESAMPLED_BASELINE
Dharmapuri,29,Rural,52,Male,2,2,4,Regular wage/salary earning,Literate,Primary,Employed,Employed,0.0,9660.0,Other Backward Class,RESAMPLED_BASELINE
Tenkasi,33,Rural,45,Male,2,3,5,Regular wage/salary earning,Literate,Diploma/Certificate,Employed,Employed,40000.0,15537.0,Other Backward Class,RESAMPLED_BASELINE
Thiruvarur,18,Rural,18,Male,1,5,4,Others,Literate,Higher Secondary,Not in labour force,Not in labour force,0.0,15038.0,Other Backward Class,RESAMPLED_BASELINE
Vellore,04,Rural,30,Female,2,1,3,Regular wage/salary earning,Literate,Higher Secondary,Employed,Employed,8000.0,7494.0,Scheduled Caste,RESAMPLED_BASELINE
Thiruvarur,18,Rural,20,Male,1,5,3,Self-employed in agriculture,Literate,Middle,Not in labour force,Not in labour force,0.0,12487.0,Other Backward Class,RESAMPLED_BASELINE
Dharmapuri,29,Rural,0,Female,1,6,7,Regular wage/salary earning,Illiterate,Not literate,Not in labour force,Not in labour force,0.0,16501.0,Other Backward Class,RESAMPLED_BASELINE
Unknown,37,Rural,44,Male,2,1,2,Regular wage/salary earning,Literate,Primary,Employed,Employed,12000.0,8932.0,Other Backward Class,RESAMPLED_BASELINE
Thanjavur,19,Rural,9,Female,1,5,7,Self-employed in non-agriculture,Literate,Below Primary,Not in labour force,Not in labour force,0.0,18595.0,Scheduled Caste,RESAMPLED_BASELINE
Vellore,04,Rural,29,Male,1,1,1,Regular wage/salary earning,Literate,Diploma/Certificate,Employed,Employed,20000.0,4019.0,Other Backward Class,RESAMPLED_BASELINE
Vellore,04,Rural,42,Male,2,1,4,Casual labour in non-agriculture,Literate,Secondary,Employed,Employed,0.0,11471.0,Other Backward Class,RESAMPLED_BASELINE
Dharmapuri,29,Rural,46,Female,2,2,5,Casual labour in non-agriculture,Literate,Middle,Employed,Employed,0.0,12038.0,Other Backward Class,RESAMPLED_BASELINE
Thiruvallur,01,Rural,62,Male,2,1,2,Self-employed in agriculture,Illiterate,Not literate,Employed,Employed,0.0,9783.0,Scheduled Caste,RESAMPLED_BASELINE
Namakkal,08,Rural,12,Male,1,5,5,Regular wage/salary earning,Literate,Primary,Not in labour force,Not in labour force,0.0,17229.0,Other Backward Class,RESAMPLED_BASELINE
Pudukkottai,20,Rural,51,Female,2,2,2,Casual labour in agriculture,Literate,Primary,Employed,Employed,0.0,4997.0,Other Backward Class,RESAMPLED_BASELINE
Perambalur,14,Rural,9,Female,1,5,4,Self-employed in non-agriculture,Literate,Below Primary,Not in labour force,Not in labour force,0.0,9592.0,Other Backward Class,RESAMPLED_BASELINE
Ramanathapuram,25,Rural,45,Male,2,3,4,Self-employed in agriculture,Literate,Middle,Employed,Employed,0.0,9750.0,Other Backward Class,RESAMPLED_BASELINE
Tiruppur,32,Rural,13,Female,1,6,4,Regular wage/salary earning,Literate,Middle,Not in labour force,Not in labour force,0.0,6758.0,Scheduled Caste,RESAMPLED_BASELINE
Ranipet,35,Rural,45,Male,2,1,3,Self-employed in agriculture,Literate,Primary,Employed,Employed,0.0,5528.0,Other Backward Class,RESAMPLED_BASELINE
Ariyalur,15,Rural,4,Female,1,5,4,Casual labour in agriculture,Illiterate,Not literate,Not in labour force,Not in labour force,0.0,9037.0,Scheduled Caste,RESAMPLED_BASELINE
Kancheepuram,03,Rural,58,Male,2,1,5,Self-employed in non-agriculture,Literate,Primary,Employed,Employed,0.0,39367.0,Scheduled Caste,RESAMPLED_BASELINE
Tiruchirappalli,13,Rural,40,Female,2,2,4,Regular wage/salary earning,Literate,Higher Secondary,Not in labour force,Not in labour force,0.0,14087.0,Other Backward Class,RESAMPLED_BASELINE
Dindigul,11,Rural,38,Male,2,1,4,Self-employed in non-agriculture,Literate,Primary,Employed,Employed,0.0,15614.0,Scheduled Caste,RESAMPLED_BASELINE
Pudukkottai,20,Rural,45,Female,2,2,4,Self-employed in non-agriculture,Literate,Middle,Employed,Employed,0.0,9668.0,Other Backward Class,RESAMPLED_BASELINE
Tiruvannamalai,05,Rural,0,Female,1,5,5,Casual labour in agriculture,Illiterate,Not literate,Not in labour force,Not in labour force,0.0,6755.0,Scheduled Caste,RESAMPLED_BASELINE
Tiruchirappalli,13,Rural,32,Male,2,1,3,Casual labour in non-agriculture,Literate,Middle,Employed,Employed,0.0,10365.0,Other Backward Class,RESAMPLED_BASELINE
Tiruvannamalai,05,Rural,22,Female,2,8,3,Casual labour in agriculture,Literate,Middle,Not in labour force,Not in labour force,0.0,6282.0,Other Backward Class,RESAMPLED_BASELINE
Tiruvannamalai,05,Rural,19,Male,1,5,3,Self-employed in non-agriculture,Literate,Higher Secondary,Not in labour force,Not in labour force,0.0,10807.0,Other Backward Class,RESAMPLED_BASELINE
Kallakurichi,34,Rural,22,Male,1,5,3,Self-employed in agriculture,Literate,Diploma/Certificate,Unemployed,Unemployed,0.0,9358.0,Scheduled Caste,RESAMPLED_BASELINE
Dharmapuri,29,Rural,8,Male,1,5,4,Casual labour in non-agriculture,Literate,Below Primary,Not in labour force,Not in labour force,0.0,8135.0,Scheduled Caste,RESAMPLED_BASELINE
Tiruppur,32,Rural,40,Female,3,3,4,Regular wage/salary earning,Literate,Below Primary,Employed,Employed,0.0,6758.0,Scheduled Caste,RESAMPLED_BASELINE
Thiruvallur,01,Rural,17,Female,1,5,5,Self-employed in agriculture,Literate,Secondary,Not in labour force,Not in labour force,0.0,11625.0,Other Backward Class,RESAMPLED_BASELINE
Madurai,22,Rural,51,Female,2,2,4,Self-employed in agriculture,Illiterate,Not literate,Employed,Employed,0.0,12812.0,Other Backward Class,RESAMPLED_BASELINE
Krishnagiri,30,Rural,1,Male,1,5,7,Self-employed in agriculture,Illiterate,Not literate,Not in labour force,Not in labour force,0.0,16613.0,Other Backward Class,RESAMPLED_BASELINE
Dharmapuri,29,Rural,27,Male,1,5,5,Regular wage/salary earning,Literate,Diploma/Certificate,Employed,Employed,43600.0,14844.0,Other Backward Class,RESAMPLED_BASELINE
Sivaganga,21,Rural,40,Male,2,1,7,Casual labour in non-agriculture,Literate,Middle,Employed,Employed,0.0,10013.0,Other Backward Class,RESAMPLED_BASELINE
Dindigul,11,Rural,55,Female,2,2,6,Regular wage/salary earning,Illiterate,Not literate,Not in labour force,Not in labour force,0.0,11609.0,Other Backward Class,RESAMPLED_BASELINE
Namakkal,08,Rural,18,Male,1,5,4,Casual labour in agriculture,Literate,Higher Secondary,Not in labour force,Not in labour force,0.0,7972.0,Scheduled Caste,RESAMPLED_BASELINE
Ramanathapuram,25,Rural,45,Male,2,1,4,Self-employed in non-agriculture,Literate,Primary,Employed,Employed,0.0,12717.0,Other Backward Class,RESAMPLED_BASELINE
Tiruvannamalai,05,Rural,57,Male,2,1,4,Self-employed in agriculture,Literate,Middle,Employed,Employed,0.0,12711.0,Other Backward Class,RESAMPLED_BASELINE
Coimbatore,31,Rural,17,Female,1,5,4,Casual labour in non-agriculture,Literate,Higher Secondary,Not in labour force,Not in labour force,0.0,14559.0,Scheduled Caste,RESAMPLED_BASELINE
Dindigul,11,Rural,9,Female,1,5,4,Self-employed in agriculture,Literate,Below Primary,Not in labour force,Not in labour force,0.0,16287.0,Scheduled Caste,RESAMPLED_BASELINE
Krishnagiri,30,Rural,49,Female,3,1,1,Regular wage/salary earning,Literate,Primary,Employed,Employed,7600.0,3728.0,Other Backward Class,RESAMPLED_BASELINE
Ramanathapuram,25,Rural,19,Male,1,5,4,Self-employed in non-agriculture,Literate,Higher Secondary,Not in labour force,Not in labour force,0.0,11592.0,Scheduled Caste,RESAMPLED_BASELINE
Kallakurichi,34,Rural,24,Male,2,1,3,Self-employed in non-agriculture,Literate,Primary,Employed,Employed,0.0,9725.0,Other Backward Class,RESAMPLED_BASELINE
Virudhunagar,24,Rural,32,Female,2,1,3,Casual labour in non-agriculture,Literate,Secondary,Employed,Employed,0.0,8574.0,Scheduled Caste,RESAMPLED_BASELINE
Tirunelveli,27,Rural,37,Male,2,1,5,Casual labour in non-agriculture,Literate,Middle,Employed,Employed,0.0,14027.0,Other Backward Class,RESAMPLED_BASELINE
Tiruvannamalai,05,Rural,12,Male,1,5,5,Regular wage/salary earning,Literate,Primary,Not in labour force,Not in labour force,0.0,10828.0,Scheduled Caste,RESAMPLED_BASELINE
Thiruvallur,01,Rural,55,Male,2,1,3,Casual labour in non-agriculture,Illiterate,Not literate,Employed,Employed,0.0,8038.0,Scheduled Tribe,RESAMPLED_BASELINE
Madurai,22,Rural,52,Female,2,2,3,Regular wage/salary earning,Literate,Middle,Not in labour force,Not in labour force,0.0,8180.0,Other Backward Class,RESAMPLED_BASELINE
Thanjavur,19,Rural,47,Female,3,1,3,Casual labour in agriculture,Literate,Middle,Unemployed,Unemployed,0.0,8770.0,Other Backward Class,RESAMPLED_BASELINE
Thiruvarur,18,Rural,24,Male,1,5,5,Self-employed in agriculture,Literate,Higher Secondary,Employed,Employed,0.0,15933.0,Scheduled Caste,RESAMPLED_BASELINE
Dindigul,11,Rural,10,Male,1,6,5,Casual labour in agriculture,Literate,Primary,Not in labour force,Not in labour force,0.0,12219.0,Scheduled Caste,RESAMPLED_BASELINE
Erode,09,Rural,11,Male,1,5,4,Regular wage/salary earning,Literate,Primary,Not in labour force,Not in labour force,0.0,15755.0,Other Backward Class,RESAMPLED_BASELINE
Vellore,04,Rural,25,Male,2,3,5,Regular wage/salary earning,Literate,Diploma/Certificate,Employed,Employed,10000.0,9644.0,Scheduled Caste,RESAMPLED_BASELINE
Ariyalur,15,Rural,20,Female,1,5,5,Casual labour in agriculture,Literate,Diploma/Certificate,Not in labour force,Not in labour force,0.0,11733.0,Scheduled Caste,RESAMPLED_BASELINE
Thiruvarur,18,Rural,58,Female,2,2,2,Casual labour in agriculture,Illiterate,Not literate,Employed,Employed,0.0,4197.0,Scheduled Caste,RESAMPLED_BASELINE
Viluppuram,06,Rural,58,Male,2,1,2,Casual labour in agriculture,Illiterate,Not literate,Employed,Employed,0.0,6725.0,Scheduled Caste,RESAMPLED_BASELINE
Viluppuram,06,Rural,90,Male,2,1,3,Regular wage/salary earning,Illiterate,Not literate,Not in labour force,Not in labour force,0.0,9033.0,Scheduled Caste,RESAMPLED_BASELINE
Unknown,37,Rural,8,Male,1,5,5,Self-employed in agriculture,Literate,Below Primary,Not in labour force,Not in labour force,0.0,6813.0,Other Backward Class,RESAMPLED_BASELINE
Tiruchirappalli,13,Rural,43,Male,1,1,3,Regular wage/salary earning,Literate,Diploma/Certificate,Employed,Employed,80000.0,17660.0,Other Backward Class,RESAMPLED_BASELINE
Kancheepuram,03,Rural,14,Female,1,5,4,Regular wage/salary earning,Literate,Middle,Not in labour force,Not in labour force,0.0,28563.0,Others,RESAMPLED_BASELINE
Kallakurichi,34,Rural,74,Male,2,1,7,Casual labour in agriculture,Illiterate,Not literate,Not in labour force,Not in labour force,0.0,10888.0,Scheduled Tribe,RESAMPLED_BASELINE
Kallakurichi,34,Rural,69,Male,2,1,4,Casual labour in agriculture,Illiterate,Not literate,Not in labour force,Not in labour force,0.0,6258.0,Scheduled Tribe,RESAMPLED_BASELINE
Mayiladuthurai,38,Rural,42,Male,2,1,3,Self-employed in agriculture,Literate,Secondary,Employed,Employed,0.0,17167.0,Other Backward Class,RESAMPLED_BASELINE
Sivaganga,21,Rural,71,Male,2,1,2,Others,Illiterate,Not literate,Not in labour force,Not in labour force,0.0,7228.0,Other Backward Class,RESAMPLED_BASELINE
Salem,07,Rural,33,Male,2,1,4,Regular wage/salary earning,Literate,Diploma/Certificate,Employed,Employed,20000.0,13792.0,Scheduled Caste,RESAMPLED_BASELINE
Vellore,04,Rural,59,Female,2,2,2,Regular wage/salary earning,Literate,Diploma/Certificate,Employed,Employed,85000.0,10657.0,Other Backward Class,RESAMPLED_BASELINE
Thiruvarur,18,Rural,16,Male,1,5,3,Others,Literate,Secondary,Not in labour force,Not in labour force,0.0,23237.0,Other Backward Class,RESAMPLED_BASELINE
Theni,23,Rural,70,Female,2,2,2,Others,Illiterate,Not literate,Not in labour force,Not in labour force,0.0,8685.0,Other Backward Class,RESAMPLED_BASELINE
Dindigul,11,Rural,50,Female,2,2,3,Self-employed in agriculture,Literate,Below Primary,Not in labour force,Not in labour force,0.0,12587.0,Scheduled Caste,RESAMPLED_BASELINE
Tenkasi,33,Rural,5,Male,1,5,5,Casual labour in non-agriculture,Illiterate,Not literate,Not in labour force,Not in labour force,0.0,14448.0,Scheduled Caste,RESAMPLED_BASELINE
Thoothukudi,26,Rural,52,Female,2,2,9,Self-employed in non-agriculture,Illiterate,Not literate,Not in labour force,Not in labour force,0.0,21540.0,Other Backward Class,RESAMPLED_BASELINE
The Nilgiris,10,Rural,11,Female,1,6,6,Casual labour in agriculture,Literate,Primary,Not in labour force,Not in labour force,0.0,16843.0,Scheduled Tribe,RESAMPLED_BASELINE
Mayiladuthurai,38,Rural,39,Female,2,1,4,Others,Literate,Below Primary,Not in labour force,Not in labour force,0.0,20100.0,Other Backward Class,RESAMPLED_BASELINE
Ariyalur,15,Rural,25,Male,1,5,5,Casual labour in agriculture,Literate,Secondary,Employed,Employed,0.0,11733.0,Scheduled Caste,RESAMPLED_BASELINE
Viluppuram,06,Rural,9,Male,1,6,7,Casual labour in non-agriculture,Literate,Below Primary,Not in labour force,Not in labour force,0.0,9800.0,Scheduled Caste,RESAMPLED_BASELINE
Ranipet,35,Rural,55,Female,2,2,2,Self-employed in agriculture,Illiterate,Not literate,Employed,Employed,0.0,4422.0,Other Backward Class,RESAMPLED_BASELINE
Cuddalore,16,Rural,37,Male,1,5,6,Casual labour in non-agriculture,Literate,Middle,Employed,Employed,0.0,8458.0,Other Backward Class,RESAMPLED_BASELINE
Tirunelveli,27,Rural,32,Male,2,3,5,Casual labour in non-agriculture,Literate,Primary,Employed,Employed,0.0,15397.0,Other Backward Class,RESAMPLED_BASELINE
Krishnagiri,30,Rural,59,Female,2,2,3,Casual labour in non-agriculture,Literate,Below Primary,Employed,Employed,0.0,5955.0,Other Backward Class,RESAMPLED_BASELINE
Kancheepuram,03,Rural,48,Female,2,2,5,Self-employed in non-agriculture,Literate,Primary,Not in labour force,Not in labour force,0.0,39367.0,Scheduled Caste,RESAMPLED_BASELINE
Tiruppur,32,Rural,58,Female,2,7,6,Casual labour in agriculture,Illiterate,Not literate,Not in labour force,Not in labour force,0.0,9727.0,Scheduled Caste,RESAMPLED_BASELINE
Tiruvannamalai,05,Rural,5,Female,1,5,5,Casual labour in non-agriculture,Literate,Below Primary,Not in labour force,Not in labour force,0.0,8005.0,Scheduled Caste,RESAMPLED_BASELINE
Cuddalore,16,Rural,75,Male,2,1,3,Self-employed in agriculture,Illiterate,Not literate,Not in labour force,Not in labour force,0.0,8692.0,Other Backward Class,RESAMPLED_BASELINE
Kancheepuram,03,Rural,8,Female,1,6,5,Self-employed in non-agriculture,Literate,Below Primary,Not in labour force,Not in labour force,0.0,10620.0,Other Backward Class,RESAMPLED_BASELINE
Tiruvannamalai,05,Rural,13,Male,1,5,6,Casual labour in agriculture,Literate,Middle,Not in labour force,Not in labour force,0.0,9458.0,Other Backward Class,RESAMPLED_BASELINE
Salem,07,Rural,60,Male,2,1,5,Casual labour in agriculture,Illiterate,Not literate,Employed,Employed,0.0,11633.0,Scheduled Caste,RESAMPLED_BASELINE
Salem,07,Rural,42,Female,2,2,3,Regular wage/salary earning,Literate,Secondary,Not in labour force,Not in labour force,0.0,8717.0,Other Backward Class,RESAMPLED_BASELINE
Ramanathapuram,25,Rural,27,Female,2,2,4,Casual labour in non-agriculture,Literate,Middle,Not in labour force,Not in labour force,0.0,9375.0,Other Backward Class,RESAMPLED_BASELINE
Salem,07,Rural,17,Male,1,5,8,Self-employed in non-agriculture,Literate,Higher Secondary,Not in labour force,Not in labour force,0.0,18563.0,Other Backward Class,RESAMPLED_BASELINE
Salem,07,Rural,32,Male,2,8,8,Self-employed in non-agriculture,Literate,Secondary,Employed,Employed,15000.0,17738.0,Other Backward Class,RESAMPLED_BASELINE
Vellore,04,Rural,38,Male,2,3,6,Self-employed in non-agriculture,Literate,Middle,Employed,Employed,0.0,10172.0,Other Backward Class,RESAMPLED_BASELINE
Kallakurichi,34,Rural,32,Male,2,1,5,Self-employed in non-agriculture,Literate,Middle,Employed,Employed,0.0,8375.0,Scheduled Caste,RESAMPLED_BASELINE
Sivaganga,21,Rural,48,Female,3,1,4,Regular wage/salary earning,Literate,Below Primary,Employed,Employed,0.0,9446.0,Other Backward Class,RESAMPLED_BASELINE
Kancheepuram,03,Rural,55,Male,2,1,3,Regular wage/salary earning,Illiterate,Not literate,Employed,Employed,0.0,23567.0,Others,RESAMPLED_BASELINE
Ramanathapuram,25,Rural,12,Female,1,5,4,Regular wage/salary earning,Literate,Primary,Not in labour force,Not in labour force,0.0,16458.0,Scheduled Caste,RESAMPLED_BASELINE
Sivaganga,21,Rural,10,Male,1,6,6,Casual labour in non-agriculture,Literate,Primary,Not in labour force,Not in labour force,0.0,9275.0,Other Backward Class,RESAMPLED_BASELINE
Thiruvallur,01,Rural,17,Female,1,5,5,Self-employed in agriculture,Literate,Secondary,Not in labour force,Not in labour force,0.0,11625.0,Other Backward Class,RESAMPLED_BASELINE
Dharmapuri,29,Rural,3,Male,1,5,4,Regular wage/salary earning,Illiterate,Not literate,Not in labour force,Not in labour force,0.0,11155.0,Other Backward Class,RESAMPLED_BASELINE
Kancheepuram,03,Rural,40,Male,2,2,3,Regular wage/salary earning,Literate,Secondary,Employed,Employed,25000.0,7487.0,Other Backward Class,RESAMPLED_BASELINE
Kancheepuram,03,Rural,58,Male,2,1,5,Self-employed in non-agriculture,Literate,Primary,Employed,Employed,0.0,39367.0,Scheduled Caste,RESAMPLED_BASELINE
Dharmapuri,29,Rural,70,Male,2,1,2,Self-employed in agriculture,Literate,Primary,Employed,Employed,0.0,7194.0,Other Backward Class,RESAMPLED_BASELINE
Krishnagiri,30,Rural,5,Female,1,5,7,Self-employed in agriculture,Illiterate,Not literate,Not in labour force,Not in labour force,0.0,16613.0,Other Backward Class,RESAMPLED_BASELINE
Salem,07,Rural,48,Male,2,1,6,Regular wage/salary earning,Illiterate,Not literate,Employed,Employed,18000.0,17333.0,Other Backward Class,RESAMPLED_BASELINE
Cuddalore,16,Rural,42,Female,2,2,4,Casual labour in non-agriculture,Literate,Primary,Employed,Employed,0.0,9467.0,Other Backward Class,RESAMPLED_BASELINE
Ariyalur,15,Rural,52,Male,2,1,3,Regular wage/salary earning,Literate,Middle,Employed,Employed,0.0,15742.0,Other Backward Class,RESAMPLED_BASELINE
Dindigul,11,Rural,28,Female,2,2,4,Casual labour in non-agriculture,Literate,Diploma/Certificate,Unemployed,Unemployed,0.0,12160.0,Scheduled Caste,RESAMPLED_BASELINE
Ranipet,35,Rural,46,Female,3,1,2,Self-employed in agriculture,Literate,Below Primary,Employed,Employed,0.0,4715.0,Other Backward Class,RESAMPLED_BASELINE
Tiruvannamalai,05,Rural,58,Female,2,2,2,Self-employed in agriculture,Literate,Primary,Not in labour force,Not in labour force,0.0,6203.0,Other Backward Class,RESAMPLED_BASELINE
Vellore,04,Rural,8,Female,1,5,3,Regular wage/salary earning,Literate,Below Primary,Not in labour force,Not in labour force,0.0,7494.0,Scheduled Caste,RESAMPLED_BASELINE
Erode,09,Rural,30,Female,2,2,4,Casual labour in non-agriculture,Illiterate,Not literate,Employed,Employed,0.0,11177.0,Other Backward Class,RESAMPLED_BASELINE
Sivaganga,21,Rural,40,Female,2,4,6,Self-employed in agriculture,Literate,Middle,Not in labour force,Not in labour force,0.0,21180.0,Other Backward Class,RESAMPLED_BASELINE
Ariyalur,15,Rural,65,Female,2,2,2,Others,Illiterate,Not literate,Not in labour force,Not in labour force,0.0,3958.0,Other Backward Class,RESAMPLED_BASELINE
Ramanathapuram,25,Rural,32,Male,2,3,5,Self-employed in agriculture,Literate,Higher Secondary,Employed,Employed,0.0,10421.0,Other Backward Class,RESAMPLED_BASELINE
Kancheepuram,03,Rural,30,Female,2,4,6,Regular wage/salary earning,Literate,Higher Secondary,Not in labour force,Not in labour force,0.0,14729.0,Scheduled Caste,RESAMPLED_BASELINE
Sivaganga,21,Rural,10,Male,1,6,6,Casual labour in non-agriculture,Literate,Primary,Not in labour force,Not in labour force,0.0,9275.0,Other Backward Class,RESAMPLED_BASELINE
Krishnagiri,30,Rural,33,Male,2,3,5,Regular wage/salary earning,Literate,Diploma/Certificate,Employed,Employed,24800.0,12369.0,Other Backward Class,RESAMPLED_BASELINE
Viluppuram,06,Rural,51,Male,2,1,2,Casual labour in non-agriculture,Literate,Primary,Employed,Employed,0.0,10167.0,Scheduled Caste,RESAMPLED_BASELINE
Namakkal,08,Rural,73,Male,2,1,2,Regular wage/salary earning,Literate,Middle,Employed,Employed,10500.0,6208.0,Other Backward Class,RESAMPLED_BASELINE
Namakkal,08,Rural,52,Female,2,2,2,Regular wage/salary earning,Literate,Primary,Not in labour force,Not in labour force,0.0,10288.0,Other Backward Class,RESAMPLED_BASELINE
Ranipet,35,Rural,15,Male,1,5,4,Casual labour in non-agriculture,Literate,Secondary,Not in labour force,Not in labour force,0.0,6592.0,Other Backward Class,RESAMPLED_BASELINE
Dindigul,11,Rural,24,Female,2,4,6,Casual labour in non-agriculture,Literate,Middle,Not in labour force,Not in labour force,0.0,13358.0,Scheduled Caste,RESAMPLED_BASELINE
Sivaganga,21,Rural,65,Female,3,7,4,Regular wage/salary earning,Illiterate,Not literate,Employed,Employed,0.0,11933.0,Other Backward Class,RESAMPLED_BASELINE
Karur,12,Rural,4,Female,1,6,6,Self-employed in non-agriculture,Illiterate,Not literate,Not in labour force,Not in labour force,0.0,19321.0,Other Backward Class,RESAMPLED_BASELINE
Dharmapuri,29,Rural,48,Female,2,2,5,Regular wage/salary earning,Literate,Middle,Employed,Employed,15300.0,14844.0,Other Backward Class,RESAMPLED_BASELINE
Pudukkottai,20,Rural,12,Male,1,5,5,Self-employed in non-agriculture,Literate,Primary,Not in labour force,Not in labour force,0.0,8543.0,Other Backward Class,RESAMPLED_BASELINE
Viluppuram,06,Rural,45,Male,2,3,6,Self-employed in agriculture,Literate,Diploma/Certificate,Employed,Employed,0.0,15350.0,Other Backward Class,RESAMPLED_BASELINE
Virudhunagar,24,Rural,61,Female,3,1,1,Others,Illiterate,Not literate,Not in labour force,Not in labour force,0.0,5165.0,Other Backward Class,RESAMPLED_BASELINE
Dindigul,11,Rural,6,Male,1,5,4,Self-employed in non-agriculture,Literate,Below Primary,Not in labour force,Not in labour force,0.0,19388.0,Others,RESAMPLED_BASELINE
Kancheepuram,03,Rural,18,Male,1,5,4,Regular wage/salary earning,Literate,Higher Secondary,Not in labour force,Not in labour force,0.0,12578.0,Scheduled Caste,RESAMPLED_BASELINE
Cuddalore,16,Rural,61,Female,3,7,5,Regular wage/salary earning,Illiterate,Not literate,Employed,Employed,0.0,12700.0,Other Backward Class,RESAMPLED_BASELINE
Ariyalur,15,Rural,68,Male,2,1,4,Self-employed in agriculture,Literate,Below Primary,Employed,Employed,0.0,10638.0,Other Backward Class,RESAMPLED_BASELINE
Thoothukudi,26,Rural,5,Female,1,5,5,Casual labour in non-agriculture,Literate,Below Primary,Not in labour force,Not in labour force,0.0,10473.0,Scheduled Caste,RESAMPLED_BASELINE
Dharmapuri,29,Rural,20,Female,1,5,5,Self-employed in agriculture,Literate,Higher Secondary,Not in labour force,Not in labour force,0.0,12009.0,Other Backward Class,RESAMPLED_BASELINE
Kallakurichi,34,Rural,32,Male,2,3,6,Casual labour in non-agriculture,Literate,Diploma/Certificate,Employed,Employed,0.0,12817.0,Other Backward Class,RESAMPLED_BASELINE
Tiruchirappalli,13,Rural,14,Male,1,6,5,Self-employed in non-agriculture,Literate,Middle,Not in labour force,Not in labour force,0.0,9767.0,Other Backward Class,RESAMPLED_BASELINE
Dindigul,11,Rural,28,Male,2,1,3,Self-employed in non-agriculture,Literate,Higher Secondary,Employed,Employed,0.0,6408.0,Other Backward Class,RESAMPLED_BASELINE
Vellore,04,Rural,78,Male,2,1,2,Others,Literate,Primary,Not in labour force,Not in labour force,0.0,4120.0,Other Backward Class,RESAMPLED_BASELINE
Kancheepuram,03,Rural,43,Male,2,1,4,Regular wage/salary earning,Literate,Middle,Employed,Employed,16000.0,13342.0,Others,RESAMPLED_BASELINE
Namakkal,08,Rural,9,Female,1,5,5,Regular wage/salary earning,Literate,Below Primary,Not in labour force,Not in labour force,0.0,17229.0,Other Backward Class,RESAMPLED_BASELINE
Dindigul,11,Rural,35,Male,2,1,4,Casual labour in non-agriculture,Literate,Middle,Employed,Employed,0.0,12160.0,Scheduled Caste,RESAMPLED_BASELINE
Kallakurichi,34,Rural,67,Female,2,2,2,Casual labour in non-agriculture,Literate,Below Primary,Not in labour force,Not in labour force,0.0,5667.0,Other Backward Class,RESAMPLED_BASELINE
Tirunelveli,27,Rural,29,Female,2,4,9,Self-employed in agriculture,Literate,Middle,Employed,Employed,0.0,21242.0,Other Backward Class,RESAMPLED_BASELINE
Thiruvallur,01,Rural,70,Female,3,1,2,Others,Illiterate,Not literate,Not in labour force,Not in labour force,0.0,5250.0,Other Backward Class,RESAMPLED_BASELINE
Karur,12,Rural,64,Female,3,1,1,Casual labour in agriculture,Illiterate,Not literate,Employed,Employed,0.0,3622.0,Other Backward Class,RESAMPLED_BASELINE
Sivaganga,21,Rural,3,Female,1,5,4,Self-employed in non-agriculture,Illiterate,Not literate,Not in labour force,Not in labour force,0.0,8725.0,Other Backward Class,RESAMPLED_BASELINE
Thiruvarur,18,Rural,2,Female,1,6,5,Regular wage/salary earning,Illiterate,Not literate,Not in labour force,Not in labour force,0.0,17192.0,Other Backward Class,RESAMPLED_BASELINE
Salem,07,Rural,70,Female,3,1,1,Others,Illiterate,Not literate,Not in labour force,Not in labour force,0.0,3283.0,Other Backward Class,RESAMPLED_BASELINE
Thoothukudi,26,Rural,73,Male,2,1,2,Others,Literate,Primary,Not in labour force,Not in labour force,0.0,6917.0,Other Backward Class,RESAMPLED_BASELINE
Pudukkottai,20,Rural,50,Male,2,1,5,Casual labour in non-agriculture,Illiterate,Not literate,Employed,Employed,0.0,10325.0,Scheduled Caste,RESAMPLED_BASELINE
Dharmapuri,29,Rural,72,Female,3,1,1,Others,Illiterate,Not literate,Not in labour force,Not in labour force,0.0,4004.0,Other Backward Class,RESAMPLED_BASELINE
Erode,09,Rural,52,Male,2,1,4,Regular wage/salary earning,Illiterate,Not literate,Employed,Employed,0.0,15000.0,Other Backward Class,RESAMPLED_BASELINE
Thiruvarur,18,Rural,70,Female,3,7,5,Regular wage/salary earning,Illiterate,Not literate,Not in labour force,Not in labour force,0.0,22543.0,Scheduled Caste,RESAMPLED_BASELINE
Kallakurichi,34,Rural,42,Female,2,2,4,Casual labour in non-agriculture,Literate,Primary,Employed,Employed,0.0,8067.0,Scheduled Caste,RESAMPLED_BASELINE
Kallakurichi,34,Rural,56,Female,2,2,2,Casual labour in agriculture,Illiterate,Not literate,Employed,Employed,0.0,8067.0,Scheduled Caste,RESAMPLED_BASELINE
Vellore,04,Rural,65,Male,2,1,6,Self-employed in non-agriculture,Literate,Middle,Not in labour force,Not in labour force,0.0,10172.0,Other Backward Class,RESAMPLED_BASELINE
Madurai,22,Rural,13,Female,1,5,4,Regular wage/salary earning,Literate,Middle,Not in labour force,Not in labour force,0.0,13751.0,Other Backward Class,RESAMPLED_BASELINE
Dharmapuri,29,Rural,36,Female,2,2,4,Regular wage/salary earning,Literate,Diploma/Certificate,Not in labour force,Not in labour force,0.0,13301.0,Other Backward Class,RESAMPLED_BASELINE
Sivaganga,21,Rural,3,Female,1,5,4,Self-employed in non-agriculture,Illiterate,Not literate,Not in labour force,Not in labour force,0.0,8725.0,Other Backward Class,RESAMPLED_BASELINE
Tenkasi,33,Rural,60,Male,2,1,3,Regular wage/salary earning,Illiterate,Not literate,Not in labour force,Not in labour force,0.0,9232.0,Scheduled Caste,RESAMPLED_BASELINE
Virudhunagar,24,Rural,72,Male,2,1,2,Casual labour in non-agriculture,Illiterate,Not literate,Employed,Employed,0.0,5503.0,Other Backward Class,RESAMPLED_BASELINE
Kancheepuram,03,Rural,13,Female,1,5,3,Regular wage/salary earning,Literate,Primary,Not in labour force,Not in labour force,0.0,7487.0,Other Backward Class,RESAMPLED_BASELINE
Tirupathur,36,Rural,38,Male,2,1,5,Self-employed in non-agriculture,Literate,Below Primary,Employed,Employed,0.0,10778.0,Other Backward Class,RESAMPLED_BASELINE
Thoothukudi,26,Rural,4,Female,1,5,3,Regular wage/salary earning,Illiterate,Not literate,Not in labour force,Not in labour force,0.0,14468.0,Other Backward Class,RESAMPLED_BASELINE
Viluppuram,06,Rural,19,Male,1,6,6,Casual labour in non-agriculture,Literate,Higher Secondary,Not in labour force,Not in labour force,0.0,12933.0,Other Backward Class,RESAMPLED_BASELINE
Tiruvannamalai,05,Rural,5,Female,1,5,5,Casual labour in non-agriculture,Literate,Below Primary,Not in labour force,Not in labour force,0.0,8005.0,Scheduled Caste,RESAMPLED_BASELINE
Ariyalur,15,Rural,2,Female,1,6,6,Self-employed in agriculture,Illiterate,Not literate,Not in labour force,Not in labour force,0.0,13910.0,Other Backward Class,RESAMPLED_BASELINE
Dharmapuri,29,Rural,24,Female,2,4,7,Regular wage/salary earning,Literate,Diploma/Certificate,Employed,Employed,0.0,16501.0,Other Backward Class,RESAMPLED_BASELINE
Cuddalore,16,Rural,18,Male,1,5,5,Casual labour in non-agriculture,Literate,Diploma/Certificate,Unemployed,Unemployed,0.0,12467.0,Other Backward Class,RESAMPLED_BASELINE
Thanjavur,19,Rural,57,Male,2,1,3,Self-employed in agriculture,Literate,Below Primary,Employed,Employed,0.0,14967.0,Other Backward Class,RESAMPLED_BASELINE
Cuddalore,16,Rural,6,Female,1,5,4,Self-employed in agriculture,Literate,Below Primary,Not in labour force,Not in labour force,0.0,15142.0,Other Backward Class,RESAMPLED_BASELINE
Dharmapuri,29,Rural,47,Female,3,1,3,Regular wage/salary earning,Literate,Middle,Employed,Employed,0.0,10508.0,Other Backward Class,RESAMPLED_BASELINE
Thanjavur,19,Rural,70,Male,2,1,2,Self-employed in non-agriculture,Literate,Secondary,Employed,Employed,0.0,8307.0,Scheduled Caste,RESAMPLED_BASELINE
Tiruvannamalai,05,Rural,10,Male,1,5,4,Self-employed in agriculture,Literate,Primary,Not in labour force,Not in labour force,0.0,15180.0,Other Backward Class,RESAMPLED_BASELINE
Dharmapuri,29,Rural,53,Male,2,1,7,Regular wage/salary earning,Literate,Primary,Employed,Employed,0.0,16501.0,Other Backward Class,RESAMPLED_BASELINE
Pudukkottai,20,Rural,25,Female,2,2,4,Casual labour in non-agriculture,Literate,Secondary,Not in labour force,Not in labour force,0.0,9329.0,Other Backward Class,RESAMPLED_BASELINE
Coimbatore,31,Rural,58,Male,2,1,3,Casual labour in non-agriculture,Illiterate,Not literate,Employed,Employed,0.0,8278.0,Scheduled Caste,RESAMPLED_BASELINE
Dharmapuri,29,Rural,44,Female,2,2,5,Self-employed in agriculture,Literate,Middle,Employed,Employed,0.0,12009.0,Other Backward Class,RESAMPLED_BASELINE
Thoothukudi,26,Rural,48,Female,2,2,4,Casual labour in agriculture,Literate,Primary,Employed,Employed,0.0,12200.0,Scheduled Caste,RESAMPLED_BASELINE
Thoothukudi,26,Rural,34,Male,2,1,3,Self-employed in non-agriculture,Literate,Diploma/Certificate,Employed,Employed,0.0,16042.0,Other Backward Class,RESAMPLED_BASELINE
Krishnagiri,30,Rural,34,Male,2,3,9,Casual labour in non-agriculture,Literate,Middle,Employed,Employed,0.0,19635.0,Other Backward Class,RESAMPLED_BASELINE
Coimbatore,31,Rural,46,Female,2,2,4,Regular wage/salary earning,Literate,Middle,Not in labour force,Not in labour force,0.0,14477.0,Other Backward Class,RESAMPLED_BASELINE
Dindigul,11,Rural,1,Female,1,6,6,Regular wage/salary earning,Illiterate,Not literate,Not in labour force,Not in labour force,0.0,11609.0,Other Backward Class,RESAMPLED_BASELINE
Tenkasi,33,Rural,11,Male,1,5,5,Casual labour in non-agriculture,Literate,Primary,Not in labour force,Not in labour force,0.0,14448.0,Scheduled Caste,RESAMPLED_BASELINE
Ariyalur,15,Rural,74,Female,3,1,3,Regular wage/salary earning,Literate,Middle,Not in labour force,Not in labour force,0.0,6225.0,Other Backward Class,RESAMPLED_BASELINE
Thoothukudi,26,Rural,48,Male,2,1,3,Casual labour in agriculture,Literate,Middle,Employed,Employed,0.0,12480.0,Scheduled Caste,RESAMPLED_BASELINE
Salem,07,Rural,16,Female,1,5,3,Casual labour in non-agriculture,Literate,Secondary,Not in labour force,Not in labour force,0.0,10529.0,Other Backward Class,RESAMPLED_BASELINE
Dharmapuri,29,Rural,44,Female,2,2,5,Self-employed in agriculture,Literate,Middle,Employed,Employed,0.0,12009.0,Other Backward Class,RESAMPLED_BASELINE
Theni,23,Rural,12,Male,1,5,5,Casual labour in non-agriculture,Literate,Primary,Not in labour force,Not in labour force,0.0,10843.0,Other Backward Class,RESAMPLED_BASELINE
Thiruvarur,18,Rural,80,Female,2,2,2,Self-employed in agriculture,Illiterate,Not literate,Not in labour force,Not in labour force,0.0,7710.0,Other Backward Class,RESAMPLED_BASELINE
Tiruvannamalai,05,Rural,75,Female,3,8,5,Casual labour in non-agriculture,Illiterate,Not literate,Not in labour force,Not in labour force,0.0,8005.0,Scheduled Caste,RESAMPLED_BASELINE
Dindigul,11,Rural,9,Female,1,5,5,Casual labour in non-agriculture,Literate,Below Primary,Not in labour force,Not in labour force,0.0,16097.0,Scheduled Caste,RESAMPLED_BASELINE
Pudukkottai,20,Rural,3,Male,1,5,5,Regular wage/salary earning,Illiterate,Not literate,Not in labour force,Not in labour force,0.0,10138.0,Other Backward Class,RESAMPLED_BASELINE
Theni,23,Rural,29,Male,2,3,6,Regular wage/salary earning,Literate,Diploma/Certificate,Employed,Employed,17000.0,15369.0,Scheduled Caste,RESAMPLED_BASELINE
Salem,07,Rural,31,Female,2,2,4,Regular wage/salary earning,Literate,Diploma/Certificate,Employed,Employed,18000.0,13792.0,Scheduled Caste,RESAMPLED_BASELINE
Erode,09,Rural,44,Female,4,1,2,Regular wage/salary earning,Literate,Below Primary,Employed,Employed,7500.0,8260.0,Other Backward Class,RESAMPLED_BASELINE
Ariyalur,15,Rural,58,Male,2,1,4,Self-employed in agriculture,Literate,Primary,Employed,Employed,0.0,13838.0,Other Backward Class,RESAMPLED_BASELINE
Tenkasi,33,Rural,32,Male,1,5,2,Casual labour in non-agriculture,Literate,Secondary,Employed,Employed,0.0,5350.0,Scheduled Caste,RESAMPLED_BASELINE
Thiruvarur,18,Rural,13,Female,1,5,5,Regular wage/salary earning,Literate,Middle,Not in labour force,Not in labour force,0.0,29475.0,Other Backward Class,RESAMPLED_BASELINE
Tenkasi,33,Rural,12,Female,1,5,4,Self-employed in non-agriculture,Literate,Primary,Not in labour force,Not in labour force,0.0,17835.0,Other Backward Class,RESAMPLED_BASELINE
Vellore,04,Rural,6,Male,1,6,5,Self-employed in non-agriculture,Literate,Below Primary,Not in labour force,Not in labour force,0.0,10641.0,Other Backward Class,RESAMPLED_BASELINE
Krishnagiri,30,Rural,43,Female,2,2,3,Casual labour in non-agriculture,Literate,Primary,Employed,Employed,0.0,11579.0,Scheduled Caste,RESAMPLED_BASELINE
Dindigul,11,Rural,52,Female,2,2,5,Casual labour in agriculture,Literate,Middle,Not in labour force,Not in labour force,0.0,10139.0,Scheduled Caste,RESAMPLED_BASELINE
Dindigul,11,Rural,10,Male,1,5,4,Self-employed in non-agriculture,Literate,Primary,Not in labour force,Not in labour force,0.0,15614.0,Scheduled Caste,RESAMPLED_BASELINE
Erode,09,Rural,6,Male,1,5,4,Regular wage/salary earning,Literate,Below Primary,Not in labour force,Not in labour force,0.0,15755.0,Other Backward Class,RESAMPLED_BASELINE
Tenkasi,33,Rural,24,Female,1,5,4,Regular wage/salary earning,Literate,Diploma/Certificate,Employed,Employed,15000.0,13443.0,Scheduled Caste,RESAMPLED_BASELINE
Krishnagiri,30,Rural,7,Female,1,5,3,Regular wage/salary earning,Literate,Below Primary,Not in labour force,Not in labour force,0.0,11676.0,Other Backward Class,RESAMPLED_BASELINE
Thiruvallur,01,Rural,50,Female,3,1,4,Regular wage/salary earning,Literate,Middle,Employed,Employed,9000.0,12783.0,Scheduled Caste,RESAMPLED_BASELINE
Thiruvarur,18,Rural,17,Male,1,5,4,Self-employed in agriculture,Literate,Secondary,Unemployed,Unemployed,0.0,13192.0,Other Backward Class,RESAMPLED_BASELINE
Dharmapuri,29,Rural,10,Female,1,5,4,Regular wage/salary earning,Literate,Primary,Not in labour force,Not in labour force,0.0,13301.0,Other Backward Class,RESAMPLED_BASELINE
Erode,09,Rural,46,Female,2,2,3,Self-employed in agriculture,Literate,Middle,Employed,Employed,0.0,14675.0,Other Backward Class,RESAMPLED_BASELINE
Tiruvannamalai,05,Rural,35,Female,2,2,6,Casual labour in agriculture,Literate,Higher Secondary,Employed,Employed,0.0,9458.0,Other Backward Class,RESAMPLED_BASELINE
Salem,07,Rural,6,Male,1,5,4,Regular wage/salary earning,Literate,Below Primary,Not in labour force,Not in labour force,0.0,8800.0,Other Backward Class,RESAMPLED_BASELINE
Mayiladuthurai,38,Rural,19,Male,1,5,4,Others,Literate,Higher Secondary,Not in labour force,Not in labour force,0.0,21002.0,Other Backward Class,RESAMPLED_BASELINE
Thanjavur,19,Rural,21,Male,1,6,4,Casual labour in non-agriculture,Literate,Secondary,Employed,Employed,0.0,11477.0,Other Backward Class,RESAMPLED_BASELINE
Krishnagiri,30,Rural,1,Male,1,5,7,Self-employed in agriculture,Illiterate,Not literate,Not in labour force,Not in labour force,0.0,16613.0,Other Backward Class,RESAMPLED_BASELINE
The Nilgiris,10,Rural,34,Male,2,1,3,Casual labour in non-agriculture,Literate,Diploma/Certificate,Employed,Employed,0.0,11250.0,Scheduled Caste,RESAMPLED_BASELINE
Vellore,04,Rural,9,Male,1,6,6,Self-employed in non-agriculture,Literate,Below Primary,Not in labour force,Not in labour force,0.0,10172.0,Other Backward Class,RESAMPLED_BASELINE
Thiruvarur,18,Rural,70,Female,3,7,5,Regular wage/salary earning,Illiterate,Not literate,Not in labour force,Not in labour force,0.0,22543.0,Scheduled Caste,RESAMPLED_BASELINE
Cuddalore,16,Rural,45,Female,2,2,3,Casual labour in non-agriculture,Literate,Primary,Employed,Employed,0.0,6983.0,Scheduled Caste,RESAMPLED_BASELINE
Viluppuram,06,Rural,43,Female,2,2,2,Casual labour in non-agriculture,Literate,Middle,Employed,Employed,0.0,10167.0,Scheduled Caste,RESAMPLED_BASELINE
Coimbatore,31,Rural,5,Male,1,5,4,Regular wage/salary earning,Literate,Below Primary,Not in labour force,Not in labour force,0.0,14477.0,Other Backward Class,RESAMPLED_BASELINE
Thiruvarur,18,Rural,16,Female,1,5,3,Regular wage/salary earning,Literate,Secondary,Not in labour force,Not in labour force,0.0,18465.0,Other Backward Class,RESAMPLED_BASELINE
Dharmapuri,29,Rural,51,Female,2,2,2,Self-employed in agriculture,Illiterate,Not literate,Employed,Employed,0.0,6095.0,Other Backward Class,RESAMPLED_BASELINE
Krishnagiri,30,Rural,59,Male,2,2,2,Casual labour in agriculture,Illiterate,Not literate,Employed,Employed,0.0,4053.0,Other Backward Class,RESAMPLED_BASELINE
Ariyalur,15,Rural,31,Female,2,1,3,Casual labour in non-agriculture,Literate,Diploma/Certificate,Not in labour force,Not in labour force,0.0,5950.0,Scheduled Caste,RESAMPLED_BASELINE
Thanjavur,19,Rural,68,Male,2,1,2,Regular wage/salary earning,Literate,Diploma/Certificate,Employed,Employed,10560.0,8220.0,Other Backward Class,RESAMPLED_BASELINE
Namakkal,08,Rural,4,Female,1,5,4,Regular wage/salary earning,Illiterate,Not literate,Not in labour force,Not in labour force,0.0,11546.0,Other Backward Class,RESAMPLED_BASELINE
The Nilgiris,10,Rural,42,Female,2,2,6,Regular wage/salary earning,Literate,Primary,Employed,Employed,16000.0,19417.0,Other Backward Class,RESAMPLED_BASELINE
Madurai,22,Rural,56,Male,2,1,2,Casual labour in non-agriculture,Literate,Primary,Employed,Employed,0.0,5786.0,Scheduled Caste,RESAMPLED_BASELINE
Krishnagiri,30,Rural,37,Male,2,1,7,Casual labour in non-agriculture,Literate,Middle,Employed,Employed,0.0,14286.0,Other Backward Class,RESAMPLED_BASELINE
Unknown,37,Rural,44,Female,2,2,3,Regular wage/salary earning,Literate,Secondary,Employed,Employed,0.0,18725.0,Other Backward Class,RESAMPLED_BASELINE
Kancheepuram,03,Rural,54,Female,2,2,8,Regular wage/salary earning,Illiterate,Not literate,Not in labour force,Not in labour force,0.0,35417.0,Scheduled Caste,RESAMPLED_BASELINE
Dharmapuri,29,Rural,40,Male,2,1,5,Regular wage/salary earning,Literate,Middle,Employed,Employed,17300.0,11436.0,Scheduled Caste,RESAMPLED_BASELINE
Sivaganga,21,Rural,35,Female,3,4,3,Self-employed in agriculture,Literate,Higher Secondary,Employed,Employed,0.0,7516.0,Other Backward Class,RESAMPLED_BASELINE
Cuddalore,16,Rural,47,Male,2,1,5,Casual labour in non-agriculture,Illiterate,Not literate,Employed,Employed,0.0,13983.0,Other Backward Class,RESAMPLED_BASELINE
Cuddalore,16,Rural,0,Male,1,5,3,Casual labour in agriculture,Illiterate,Not literate,Not in labour force,Not in labour force,0.0,7100.0,Scheduled Caste,RESAMPLED_BASELINE
Tiruvannamalai,05,Rural,31,Female,2,2,4,Casual labour in non-agriculture,Literate,Secondary,Employed,Employed,0.0,9131.0,Scheduled Caste,RESAMPLED_BASELINE
Thanjavur,19,Rural,57,Female,2,2,3,Regular wage/salary earning,Illiterate,Not literate,Not in labour force,Not in labour force,0.0,16830.0,Scheduled Caste,RESAMPLED_BASELINE
Kallakurichi,34,Rural,58,Male,2,1,2,Self-employed in agriculture,Literate,Primary,Employed,Employed,0.0,7933.0,Other Backward Class,RESAMPLED_BASELINE
Unknown,37,Rural,38,Female,2,2,4,Regular wage/salary earning,Literate,Primary,Employed,Employed,5000.0,8077.0,Other Backward Class,RESAMPLED_BASELINE
Tenkasi,33,Rural,10,Female,1,5,4,Regular wage/salary earning,Literate,Below Primary,Not in labour force,Not in labour force,0.0,22075.0,Other Backward Class,RESAMPLED_BASELINE
Ramanathapuram,25,Rural,1,Male,1,6,5,Self-employed in agriculture,Illiterate,Not literate,Not in labour force,Not in labour force,0.0,10421.0,Other Backward Class,RESAMPLED_BASELINE
Sivaganga,21,Rural,19,Female,1,5,4,Self-employed in agriculture,Literate,Higher Secondary,Not in labour force,Not in labour force,0.0,12429.0,Other Backward Class,RESAMPLED_BASELINE
Dindigul,11,Rural,28,Female,2,4,4,Regular wage/salary earning,Literate,Higher Secondary,Not in labour force,Not in labour force,0.0,8749.0,Other Backward Class,RESAMPLED_BASELINE
Tirunelveli,27,Rural,55,Female,2,2,2,Casual labour in non-agriculture,Illiterate,Not literate,Not in labour force,Not in labour force,0.0,6917.0,Other Backward Class,RESAMPLED_BASELINE
Thiruvarur,18,Rural,60,Female,3,3,2,Others,Literate,Middle,Not in labour force,Not in labour force,0.0,8347.0,Other Backward Class,RESAMPLED_BASELINE
Karur,12,Rural,13,Male,1,5,4,Self-employed in non-agriculture,Literate,Primary,Not in labour force,Not in labour force,0.0,13425.0,Other Backward Class,RESAMPLED_BASELINE
Namakkal,08,Rural,56,Female,3,1,5,Regular wage/salary earning,Literate,Primary,Employed,Employed,0.0,14767.0,Other Backward Class,RESAMPLED_BASELINE
Tiruchirappalli,13,Rural,16,Male,1,5,3,Regular wage/salary earning,Literate,Middle,Not in labour force,Not in labour force,0.0,9345.0,Other Backward Class,RESAMPLED_BASELINE
Mayiladuthurai,38,Rural,21,Male,1,5,4,Regular wage/salary earning,Literate,Higher Secondary,Not in labour force,Not in labour force,0.0,18837.0,Scheduled Caste,RESAMPLED_BASELINE
Tenkasi,33,Rural,7,Male,1,5,5,Casual labour in non-agriculture,Literate,Below Primary,Not in labour force,Not in labour force,0.0,14448.0,Scheduled Caste,RESAMPLED_BASELINE
Thoothukudi,26,Rural,28,Female,2,3,4,Casual labour in non-agriculture,Literate,Secondary,Not in labour force,Not in labour force,0.0,13210.0,Other Backward Class,RESAMPLED_BASELINE
Tenkasi,33,Rural,38,Female,2,2,4,Regular wage/salary earning,Literate,Middle,Not in labour force,Not in labour force,0.0,8700.0,Scheduled Caste,RESAMPLED_BASELINE
Dindigul,11,Rural,9,Male,1,5,5,Regular wage/salary earning,Literate,Below Primary,Not in labour force,Not in labour force,0.0,10897.0,Other Backward Class,RESAMPLED_BASELINE
Kancheepuram,03,Rural,20,Female,1,5,4,Self-employed in non-agriculture,Literate,Higher Secondary,Not in labour force,Not in labour force,0.0,16470.0,Scheduled Caste,RESAMPLED_BASELINE
Thoothukudi,26,Rural,75,Female,3,1,1,Others,Illiterate,Not literate,Not in labour force,Not in labour force,0.0,3130.0,Other Backward Class,RESAMPLED_BASELINE
Viluppuram,06,Rural,9,Male,1,5,4,Self-employed in agriculture,Literate,Below Primary,Not in labour force,Not in labour force,0.0,10083.0,Scheduled Caste,RESAMPLED_BASELINE
Tenkasi,33,Rural,12,Male,1,5,4,Regular wage/salary earning,Literate,Primary,Not in labour force,Not in labour force,0.0,10042.0,Scheduled Caste,RESAMPLED_BASELINE
Cuddalore,16,Rural,21,Female,1,6,5,Self-employed in agriculture,Literate,Diploma/Certificate,Unemployed,Unemployed,0.0,12083.0,Other Backward Class,RESAMPLED_BASELINE
Mayiladuthurai,38,Rural,56,Female,2,2,3,Others,Illiterate,Not literate,Not in labour force,Not in labour force,0.0,11426.0,Other Backward Class,RESAMPLED_BASELINE
Tirunelveli,27,Rural,3,Female,1,5,4,Regular wage/salary earning,Illiterate,Not literate,Not in labour force,Not in labour force,0.0,18967.0,Other Backward Class,RESAMPLED_BASELINE
Tiruvannamalai,05,Rural,60,Male,2,1,2,Self-employed in agriculture,Literate,Primary,Employed,Employed,0.0,4517.0,Other Backward Class,RESAMPLED_BASELINE
Thiruvallur,01,Rural,35,Female,2,2,2,Casual labour in non-agriculture,Literate,Middle,Employed,Employed,0.0,14077.0,Other Backward Class,RESAMPLED_BASELINE
Pudukkottai,20,Rural,39,Male,2,1,4,Self-employed in agriculture,Literate,Middle,Employed,Employed,0.0,7665.0,Other Backward Class,RESAMPLED_BASELINE
Tirunelveli,27,Rural,3,Female,1,5,4,Regular wage/salary earning,Illiterate,Not literate,Not in labour force,Not in labour force,0.0,18967.0,Other Backward Class,RESAMPLED_BASELINE
Krishnagiri,30,Rural,71,Female,3,7,4,Regular wage/salary earning,Illiterate,Not literate,Not in labour force,Not in labour force,0.0,10024.0,Other Backward Class,RESAMPLED_BASELINE
Namakkal,08,Rural,60,Male,2,1,2,Self-employed in non-agriculture,Literate,Below Primary,Employed,Employed,0.0,11229.0,Other Backward Class,RESAMPLED_BASELINE
Salem,07,Rural,32,Male,1,5,4,Regular wage/salary earning,Literate,Middle,Employed,Employed,12000.0,11767.0,Scheduled Caste,RESAMPLED_BASELINE
Madurai,22,Rural,7,Female,1,5,5,Self-employed in agriculture,Literate,Below Primary,Not in labour force,Not in labour force,0.0,19830.0,Other Backward Class,RESAMPLED_BASELINE
Salem,07,Rural,0,Male,1,6,6,Regular wage/salary earning,Illiterate,Not literate,Not in labour force,Not in labour force,0.0,17333.0,Other Backward Class,RESAMPLED_BASELINE
Krishnagiri,30,Rural,27,Male,2,3,8,Regular wage/salary earning,Literate,Diploma/Certificate,Employed,Employed,0.0,17230.0,Other Backward Class,RESAMPLED_BASELINE
Pudukkottai,20,Rural,56,Female,2,2,8,Regular wage/salary earning,Literate,Below Primary,Not in labour force,Not in labour force,0.0,12223.0,Other Backward Class,RESAMPLED_BASELINE
Krishnagiri,30,Rural,59,Female,2,7,7,Self-employed in agriculture,Illiterate,Not literate,Employed,Employed,0.0,16613.0,Other Backward Class,RESAMPLED_BASELINE
Theni,23,Rural,12,Male,1,5,5,Casual labour in non-agriculture,Literate,Primary,Not in labour force,Not in labour force,0.0,10843.0,Other Backward Class,RESAMPLED_BASELINE
Tenkasi,33,Rural,38,Male,2,2,5,Casual labour in non-agriculture,Literate,Primary,Employed,Employed,0.0,16970.0,Scheduled Caste,RESAMPLED_BASELINE
Ranipet,35,Rural,51,Female,2,2,5,Regular wage/salary earning,Illiterate,Not literate,Employed,Employed,0.0,11170.0,Other Backward Class,RESAMPLED_BASELINE
Vellore,04,Rural,62,Female,3,1,4,Casual labour in non-agriculture,Illiterate,Not literate,Not in labour force,Not in labour force,0.0,8703.0,Other Backward Class,RESAMPLED_BASELINE
Madurai,22,Rural,51,Female,2,2,4,Self-employed in agriculture,Illiterate,Not literate,Employed,Employed,0.0,12812.0,Other Backward Class,RESAMPLED_BASELINE
Kancheepuram,03,Rural,23,Female,2,4,5,Self-employed in non-agriculture,Literate,Higher Secondary,Not in labour force,Not in labour force,0.0,39367.0,Scheduled Caste,RESAMPLED_BASELINE
Sivaganga,21,Rural,5,Male,1,6,4,Casual labour in non-agriculture,Illiterate,Not literate,Not in labour force,Not in labour force,0.0,10828.0,Scheduled Caste,RESAMPLED_BASELINE
Sivaganga,21,Rural,25,Male,2,1,2,Self-employed in non-agriculture,Literate,Middle,Employed,Employed,0.0,10517.0,Other Backward Class,RESAMPLED_BASELINE
Kancheepuram,03,Rural,30,Male,1,5,8,Regular wage/salary earning,Literate,Diploma/Certificate,Employed,Employed,22000.0,35417.0,Scheduled Caste,RESAMPLED_BASELINE
Thoothukudi,26,Rural,17,Female,1,5,3,Casual labour in agriculture,Literate,Higher Secondary,Unemployed,Unemployed,0.0,12480.0,Scheduled Caste,RESAMPLED_BASELINE
Pudukkottai,20,Rural,71,Female,3,1,4,Regular wage/salary earning,Illiterate,Not literate,Not in labour force,Not in labour force,0.0,13006.0,Other Backward Class,RESAMPLED_BASELINE
Dharmapuri,29,Rural,47,Female,3,1,3,Regular wage/salary earning,Literate,Middle,Employed,Employed,0.0,10508.0,Other Backward Class,RESAMPLED_BASELINE
Mayiladuthurai,38,Rural,17,Female,1,5,4,Regular wage/salary earning,Literate,Higher Secondary,Not in labour force,Not in labour force,0.0,18837.0,Scheduled Caste,RESAMPLED_BASELINE
Dindigul,11,Rural,55,Male,2,1,8,Self-employed in agriculture,Literate,Higher Secondary,Employed,Employed,0.0,25227.0,Other Backward Class,RESAMPLED_BASELINE
Sivaganga,21,Rural,19,Female,1,5,4,Self-employed in agriculture,Literate,Higher Secondary,Not in labour force,Not in labour force,0.0,12429.0,Other Backward Class,RESAMPLED_BASELINE
Tiruvannamalai,05,Rural,15,Female,1,5,6,Casual labour in agriculture,Literate,Secondary,Not in labour force,Not in labour force,0.0,9458.0,Other Backward Class,RESAMPLED_BASELINE
Salem,07,Rural,40,Female,2,2,3,Regular wage/salary earning,Literate,Primary,Not in labour force,Not in labour force,0.0,13208.0,Other Backward Class,RESAMPLED_BASELINE
Kancheepuram,03,Rural,23,Male,1,5,5,Regular wage/salary earning,Literate,Diploma/Certificate,Employed,Employed,20000.0,22458.0,Scheduled Caste,RESAMPLED_BASELINE
Thiruvarur,18,Rural,36,Female,2,4,12,Regular wage/salary earning,Literate,Middle,Not in labour force,Not in labour force,0.0,58995.0,Scheduled Caste,RESAMPLED_BASELINE
Tiruchirappalli,13,Rural,42,Female,2,2,3,Regular wage/salary earning,Literate,Higher Secondary,Employed,Employed,0.0,9345.0,Other Backward Class,RESAMPLED_BASELINE
Thanjavur,19,Rural,55,Female,3,1,3,Regular wage/salary earning,Literate,Primary,Not in labour force,Not in labour force,0.0,16333.0,Other Backward Class,RESAMPLED_BASELINE
Thiruvallur,01,Rural,32,Male,2,1,2,Self-employed in non-agriculture,Literate,Middle,Employed,Employed,0.0,11250.0,Other Backward Class,RESAMPLED_BASELINE
Tirupathur,36,Rural,70,Female,3,7,4,Regular wage/salary earning,Literate,Middle,Not in labour force,Not in labour force,0.0,8558.0,Scheduled Caste,RESAMPLED_BASELINE
Dharmapuri,29,Rural,20,Female,1,5,5,Self-employed in agriculture,Literate,Higher Secondary,Not in labour force,Not in labour force,0.0,12009.0,Other Backward Class,RESAMPLED_BASELINE
Madurai,22,Rural,44,Male,2,1,4,Regular wage/salary earning,Literate,Secondary,Employed,Employed,12500.0,8579.0,Other Backward Class,RESAMPLED_BASELINE
Thoothukudi,26,Rural,43,Female,2,2,5,Casual labour in non-agriculture,Literate,Middle,Employed,Employed,0.0,9033.0,Scheduled Caste,RESAMPLED_BASELINE
Krishnagiri,30,Rural,59,Male,2,2,2,Casual labour in agriculture,Illiterate,Not literate,Employed,Employed,0.0,4053.0,Other Backward Class,RESAMPLED_BASELINE
Thanjavur,19,Rural,20,Male,1,8,4,Self-employed in agriculture,Literate,Higher Secondary,Not in labour force,Not in labour force,0.0,10336.0,Other Backward Class,RESAMPLED_BASELINE
Theni,23,Rural,12,Male,1,5,5,Casual labour in non-agriculture,Literate,Primary,Not in labour force,Not in labour force,0.0,10843.0,Other Backward Class,RESAMPLED_BASELINE
Vellore,04,Rural,80,Female,3,1,3,Regular wage/salary earning,Illiterate,Not literate,Not in labour force,Not in labour force,0.0,9382.0,Other Backward Class,RESAMPLED_BASELINE
Pudukkottai,20,Rural,45,Female,2,2,4,Self-employed in non-agriculture,Literate,Middle,Employed,Employed,0.0,9668.0,Other Backward Class,RESAMPLED_BASELINE
Thiruvarur,18,Rural,59,Male,2,1,2,Regular wage/salary earning,Literate,Secondary,Employed,Employed,30000.0,13315.0,Other Backward Class,RESAMPLED_BASELINE
Thanjavur,19,Rural,43,Male,2,1,5,Self-employed in non-agriculture,Literate,Diploma/Certificate,Employed,Employed,0.0,12558.0,Other Backward Class,RESAMPLED_BASELINE
Salem,07,Rural,1,Male,1,5,6,Casual labour in non-agriculture,Illiterate,Not literate,Not in labour force,Not in labour force,0.0,9942.0,Other Backward Class,RESAMPLED_BASELINE
Dharmapuri,29,Rural,48,Male,2,1,6,Self-employed in agriculture,Literate,Middle,Employed,Employed,0.0,19268.0,Other Backward Class,RESAMPLED_BASELINE
Viluppuram,06,Rural,2,Male,1,6,5,Self-employed in agriculture,Illiterate,Not literate,Not in labour force,Not in labour force,0.0,12483.0,Scheduled Caste,RESAMPLED_BASELINE
Vellore,04,Rural,70,Female,3,1,1,Regular wage/salary earning,Illiterate,Not literate,Employed,Employed,2500.0,2220.0,Other Backward Class,RESAMPLED_BASELINE
Thiruvarur,18,Rural,2,Female,1,5,5,Others,Illiterate,Not literate,Not in labour force,Not in labour force,0.0,27190.0,Scheduled Caste,RESAMPLED_BASELINE
Thiruvarur,18,Rural,58,Male,3,1,2,Casual labour in non-agriculture,Illiterate,Not literate,Employed,Employed,0.0,9746.0,Other Backward Class,RESAMPLED_BASELINE
Krishnagiri,30,Rural,24,Female,2,4,6,Regular wage/salary earning,Literate,Diploma/Certificate,Not in labour force,Not in labour force,0.0,13530.0,Other Backward Class,RESAMPLED_BASELINE
Perambalur,14,Rural,59,Female,2,2,6,Self-employed in agriculture,Illiterate,Not literate,Employed,Employed,0.0,14418.0,Other Backward Class,RESAMPLED_BASELINE
Dharmapuri,29,Rural,8,Male,1,5,3,Self-employed in agriculture,Literate,Below Primary,Not in labour force,Not in labour force,0.0,7328.0,Other Backward Class,RESAMPLED_BASELINE
Theni,23,Rural,2,Female,1,5,3,Casual labour in non-agriculture,Illiterate,Not literate,Not in labour force,Not in labour force,0.0,9627.0,Other Backward Class,RESAMPLED_BASELINE
Thoothukudi,26,Rural,13,Female,1,6,7,Casual labour in non-agriculture,Literate,Middle,Not in labour force,Not in labour force,0.0,9945.0,Other Backward Class,RESAMPLED_BASELINE
Karur,12,Rural,13,Male,1,5,4,Self-employed in non-agriculture,Literate,Primary,Not in labour force,Not in labour force,0.0,13425.0,Other Backward Class,RESAMPLED_BASELINE
Namakkal,08,Rural,27,Male,1,5,4,Regular wage/salary earning,Literate,Diploma/Certificate,Employed,Employed,25000.0,10667.0,Other Backward Class,RESAMPLED_BASELINE
Cuddalore,16,Rural,3,Male,1,5,4,Regular wage/salary earning,Illiterate,Not literate,Not in labour force,Not in labour force,0.0,9642.0,Other Backward Class,RESAMPLED_BASELINE
Thoothukudi,26,Rural,58,Male,2,1,3,Regular wage/salary earning,Literate,Primary,Employed,Employed,0.0,9363.0,Scheduled Caste,RESAMPLED_BASELINE
Tiruvannamalai,05,Rural,22,Male,1,6,2,Casual labour in non-agriculture,Literate,Diploma/Certificate,Unemployed,Unemployed,0.0,3653.0,Other Backward Class,RESAMPLED_BASELINE
Perambalur,14,Rural,25,Female,2,4,5,Casual labour in non-agriculture,Literate,Diploma/Certificate,Not in labour force,Not in labour force,0.0,15583.0,Other Backward Class,RESAMPLED_BASELINE
Thoothukudi,26,Rural,38,Male,2,1,5,Regular wage/salary earning,Literate,Middle,Employed,Employed,16500.0,12248.0,Other Backward Class,RESAMPLED_BASELINE
Thanjavur,19,Rural,37,Male,1,5,3,Self-employed in agriculture,Literate,Diploma/Certificate,Employed,Employed,0.0,13967.0,Other Backward Class,RESAMPLED_BASELINE
Ariyalur,15,Rural,33,Male,2,3,6,Self-employed in agriculture,Literate,Higher Secondary,Employed,Employed,0.0,13910.0,Other Backward Class,RESAMPLED_BASELINE
Madurai,22,Rural,56,Male,2,1,7,Self-employed in agriculture,Literate,Higher Secondary,Employed,Employed,0.0,16838.0,Other Backward Class,RESAMPLED_BASELINE
Sivaganga,21,Rural,34,Female,2,2,2,Self-employed in agriculture,Literate,Diploma/Certificate,Employed,Employed,0.0,7354.0,Scheduled Caste,RESAMPLED_BASELINE
Viluppuram,06,Rural,7,Female,1,5,6,Regular wage/salary earning,Literate,Below Primary,Not in labour force,Not in labour force,0.0,16725.0,Scheduled Caste,RESAMPLED_BASELINE
Ranipet,35,Rural,9,Male,1,5,4,Casual labour in non-agriculture,Literate,Below Primary,Not in labour force,Not in labour force,0.0,8961.0,Other Backward Class,RESAMPLED_BASELINE
Thanjavur,19,Rural,59,Female,2,2,6,Self-employed in agriculture,Illiterate,Not literate,Employed,Employed,0.0,15998.0,Other Backward Class,RESAMPLED_BASELINE
Kallakurichi,34,Rural,19,Female,1,5,4,Self-employed in agriculture,Literate,Higher Secondary,Not in labour force,Not in labour force,0.0,8317.0,Scheduled Caste,RESAMPLED_BASELINE
Tiruchirappalli,13,Rural,14,Female,1,5,4,Casual labour in non-agriculture,Literate,Middle,Not in labour force,Not in labour force,0.0,11718.0,Other Backward Class,RESAMPLED_BASELINE
Madurai,22,Rural,49,Female,2,2,3,Casual labour in agriculture,Illiterate,Not literate,Employed,Employed,0.0,8001.0,Other Backward Class,RESAMPLED_BASELINE
Tirupathur,36,Rural,57,Male,2,1,5,Regular wage/salary earning,Illiterate,Not literate,Employed,Employed,0.0,9878.0,Other Backward Class,RESAMPLED_BASELINE
Ariyalur,15,Rural,75,Female,3,1,5,Regular wage/salary earning,Illiterate,Not literate,Employed,Employed,0.0,16272.0,Other Backward Class,RESAMPLED_BASELINE
Ranipet,35,Rural,52,Female,2,2,3,Regular wage/salary earning,Literate,Primary,Employed,Employed,13000.0,5435.0,Other Backward Class,RESAMPLED_BASELINE
Salem,07,Rural,10,Female,1,5,4,Regular wage/salary earning,Literate,Below Primary,Not in labour force,Not in labour force,0.0,10500.0,Scheduled Caste,RESAMPLED_BASELINE
Krishnagiri,30,Rural,59,Female,2,7,7,Self-employed in agriculture,Illiterate,Not literate,Employed,Employed,0.0,16613.0,Other Backward Class,RESAMPLED_BASELINE
Madurai,22,Rural,32,Male,2,3,3,Regular wage/salary earning,Literate,Diploma/Certificate,Employed,Employed,15000.0,10570.0,Scheduled Caste,RESAMPLED_BASELINE
Salem,07,Rural,18,Male,1,5,4,Casual labour in non-agriculture,Literate,Higher Secondary,Not in labour force,Not in labour force,0.0,12750.0,Scheduled Caste,RESAMPLED_BASELINE
Kancheepuram,03,Rural,58,Male,2,1,5,Self-employed in non-agriculture,Literate,Primary,Employed,Employed,0.0,39367.0,Scheduled Caste,RESAMPLED_BASELINE
Namakkal,08,Rural,62,Female,2,1,1,Self-employed in agriculture,Illiterate,Not literate,Employed,Employed,0.0,3133.0,Other Backward Class,RESAMPLED_BASELINE
Karur,12,Rural,6,Female,1,6,6,Self-employed in non-agriculture,Literate,Below Primary,Not in labour force,Not in labour force,0.0,19321.0,Other Backward Class,RESAMPLED_BASELINE
Krishnagiri,30,Rural,23,Male,1,5,3,Casual labour in non-agriculture,Literate,Diploma/Certificate,Employed,Employed,16400.0,11579.0,Scheduled Caste,RESAMPLED_BASELINE
Cuddalore,16,Rural,1,Male,1,5,4,Regular wage/salary earning,Illiterate,Not literate,Not in labour force,Not in labour force,0.0,9900.0,Scheduled Caste,RESAMPLED_BASELINE
Viluppuram,06,Rural,58,Female,3,7,6,Regular wage/salary earning,Literate,Middle,Employed,Employed,42300.0,16725.0,Scheduled Caste,RESAMPLED_BASELINE
Salem,07,Rural,10,Female,1,5,4,Regular wage/salary earning,Literate,Primary,Not in labour force,Not in labour force,0.0,13792.0,Scheduled Caste,RESAMPLED_BASELINE
Karur,12,Rural,45,Male,2,1,3,Casual labour in agriculture,Literate,Secondary,Employed,Employed,0.0,10140.0,Other Backward Class,RESAMPLED_BASELINE
Madurai,22,Rural,36,Male,2,1,5,Regular wage/salary earning,Literate,Middle,Employed,Employed,20000.0,14836.0,Scheduled Caste,RESAMPLED_BASELINE
Salem,07,Rural,14,Female,1,6,4,Casual labour in non-agriculture,Literate,Middle,Not in labour force,Not in labour force,0.0,8358.0,Scheduled Caste,RESAMPLED_BASELINE
Thanjavur,19,Rural,39,Male,2,3,4,Self-employed in non-agriculture,Literate,Middle,Employed,Employed,0.0,17242.0,Other Backward Class,RESAMPLED_BASELINE
Cuddalore,16,Rural,41,Male,4,3,3,Self-employed in agriculture,Literate,Middle,Employed,Employed,0.0,8692.0,Other Backward Class,RESAMPLED_BASELINE
Cuddalore,16,Rural,21,Female,1,5,5,Casual labour in non-agriculture,Literate,Diploma/Certificate,Unemployed,Unemployed,0.0,11033.0,Scheduled Caste,RESAMPLED_BASELINE
Tenkasi,33,Rural,22,Male,1,5,4,Regular wage/salary earning,Literate,Diploma/Certificate,Unemployed,Unemployed,0.0,13443.0,Scheduled Caste,RESAMPLED_BASELINE
Viluppuram,06,Rural,37,Female,2,2,3,Casual labour in non-agriculture,Literate,Primary,Employed,Employed,0.0,9625.0,Scheduled Caste,RESAMPLED_BASELINE
Krishnagiri,30,Rural,55,Male,2,1,8,Regular wage/salary earning,Illiterate,Not literate,Employed,Employed,0.0,17230.0,Other Backward Class,RESAMPLED_BASELINE
Mayiladuthurai,38,Rural,45,Male,2,1,4,Self-employed in non-agriculture,Literate,Diploma/Certificate,Employed,Employed,0.0,12973.0,Other Backward Class,RESAMPLED_BASELINE
Cuddalore,16,Rural,14,Male,1,5,3,Regular wage/salary earning,Literate,Middle,Not in labour force,Not in labour force,0.0,9150.0,Other Backward Class,RESAMPLED_BASELINE
Coimbatore,31,Rural,18,Female,1,5,4,Regular wage/salary earning,Literate,Higher Secondary,Not in labour force,Not in labour force,0.0,18887.0,Scheduled Caste,RESAMPLED_BASELINE
Thiruvallur,01,Rural,26,Female,1,5,6,Casual labour in non-agriculture,Literate,Diploma/Certificate,Not in labour force,Not in labour force,0.0,15823.0,Scheduled Caste,RESAMPLED_BASELINE
Tenkasi,33,Rural,53,Male,2,1,4,Self-employed in agriculture,Literate,Middle,Employed,Employed,0.0,7620.0,Scheduled Caste,RESAMPLED_BASELINE
Cuddalore,16,Rural,43,Female,2,4,3,Casual labour in non-agriculture,Literate,Middle,Not in labour force,Not in labour force,0.0,7467.0,Other Backward Class,RESAMPLED_BASELINE
Ranipet,35,Rural,24,Female,1,5,2,Regular wage/salary earning,Literate,Higher Secondary,Employed,Employed,10000.0,4271.0,Scheduled Caste,RESAMPLED_BASELINE
Erode,09,Rural,36,Male,2,1,4,Regular wage/salary earning,Literate,Diploma/Certificate,Employed,Employed,22600.0,15755.0,Other Backward Class,RESAMPLED_BASELINE
Tenkasi,33,Rural,45,Male,2,3,5,Regular wage/salary earning,Literate,Diploma/Certificate,Employed,Employed,40000.0,15537.0,Other Backward Class,RESAMPLED_BASELINE
Kancheepuram,03,Rural,17,Male,1,5,4,Regular wage/salary earning,Literate,Secondary,Not in labour force,Not in labour force,0.0,12578.0,Scheduled Caste,RESAMPLED_BASELINE
Cuddalore,16,Rural,14,Male,1,5,4,Regular wage/salary earning,Literate,Middle,Not in labour force,Not in labour force,0.0,15083.0,Other Backward Class,RESAMPLED_BASELINE
Cuddalore,16,Rural,68,Male,2,2,2,Casual labour in agriculture,Illiterate,Not literate,Not in labour force,Not in labour force,0.0,3483.0,Scheduled Caste,RESAMPLED_BASELINE
Krishnagiri,30,Rural,54,Male,2,1,4,Regular wage/salary earning,Illiterate,Not literate,Employed,Employed,0.0,11784.0,Scheduled Caste,RESAMPLED_BASELINE
Tiruppur,32,Rural,25,Male,1,5,3,Casual labour in agriculture,Literate,Secondary,Employed,Employed,0.0,11873.0,Scheduled Caste,RESAMPLED_BASELINE
Sivaganga,21,Rural,38,Male,2,1,2,Self-employed in agriculture,Literate,Higher Secondary,Employed,Employed,0.0,7354.0,Scheduled Caste,RESAMPLED_BASELINE
Kallakurichi,34,Rural,22,Male,1,5,4,Self-employed in agriculture,Literate,Diploma/Certificate,Unemployed,Unemployed,0.0,8317.0,Scheduled Caste,RESAMPLED_BASELINE
Pudukkottai,20,Rural,29,Male,2,3,4,Regular wage/salary earning,Literate,Secondary,Employed,Employed,11500.0,8481.0,Other Backward Class,RESAMPLED_BASELINE
The Nilgiris,10,Rural,61,Female,2,7,3,Casual labour in non-agriculture,Illiterate,Not literate,Employed,Employed,0.0,11250.0,Scheduled Caste,RESAMPLED_BASELINE
Theni,23,Rural,70,Female,2,2,2,Others,Illiterate,Not literate,Not in labour force,Not in labour force,0.0,8685.0,Other Backward Class,RESAMPLED_BASELINE
Pudukkottai,20,Rural,55,Male,2,1,3,Casual labour in agriculture,Literate,Below Primary,Employed,Employed,0.0,8432.0,Other Backward Class,RESAMPLED_BASELINE
Tiruvannamalai,05,Rural,41,Female,2,2,3,Regular wage/salary earning,Literate,Higher Secondary,Employed,Employed,10000.0,16292.0,Other Backward Class,RESAMPLED_BASELINE
Madurai,22,Rural,26,Female,2,4,3,Regular wage/salary earning,Literate,Middle,Not in labour force,Not in labour force,0.0,10570.0,Scheduled Caste,RESAMPLED_BASELINE
Tirunelveli,27,Rural,27,Male,1,6,2,Regular wage/salary earning,Literate,Diploma/Certificate,Employed,Employed,18500.0,9283.0,Other Backward Class,RESAMPLED_BASELINE
Dharmapuri,29,Rural,20,Female,1,5,5,Self-employed in agriculture,Literate,Higher Secondary,Not in labour force,Not in labour force,0.0,12009.0,Other Backward Class,RESAMPLED_BASELINE
Tiruchirappalli,13,Rural,39,Female,2,2,4,Casual labour in agriculture,Literate,Middle,Employed,Employed,0.0,13205.0,Scheduled Caste,RESAMPLED_BASELINE
Viluppuram,06,Rural,1,Female,1,5,6,Regular wage/salary earning,Illiterate,Not literate,Not in labour force,Not in labour force,0.0,16725.0,Scheduled Caste,RESAMPLED_BASELINE
Thiruvarur,18,Rural,0,Male,1,6,12,Regular wage/salary earning,Illiterate,Not literate,Not in labour force,Not in labour force,0.0,58995.0,Scheduled Caste,RESAMPLED_BASELINE
Thoothukudi,26,Rural,7,Male,1,5,5,Regular wage/salary earning,Literate,Below Primary,Not in labour force,Not in labour force,0.0,12248.0,Other Backward Class,RESAMPLED_BASELINE
Tiruvannamalai,05,Rural,46,Male,2,1,4,Regular wage/salary earning,Literate,Diploma/Certificate,Employed,Employed,10000.0,12461.0,Scheduled Caste,RESAMPLED_BASELINE
Vellore,04,Rural,19,Male,1,5,4,Self-employed in non-agriculture,Literate,Higher Secondary,Not in labour force,Not in labour force,0.0,10339.0,Other Backward Class,RESAMPLED_BASELINE
Kancheepuram,03,Rural,8,Female,1,6,5,Self-employed in non-agriculture,Literate,Below Primary,Not in labour force,Not in labour force,0.0,10620.0,Other Backward Class,RESAMPLED_BASELINE
Tiruchirappalli,13,Rural,70,Female,3,7,6,Regular wage/salary earning,Illiterate,Not literate,Not in labour force,Not in labour force,0.0,7571.0,Other Backward Class,RESAMPLED_BASELINE
Namakkal,08,Rural,4,Female,1,5,4,Regular wage/salary earning,Illiterate,Not literate,Not in labour force,Not in labour force,0.0,11546.0,Other Backward Class,RESAMPLED_BASELINE
Vellore,04,Rural,48,Female,3,1,2,Casual labour in non-agriculture,Literate,Secondary,Not in labour force,Not in labour force,0.0,4660.0,Other Backward Class,RESAMPLED_BASELINE
Cuddalore,16,Rural,18,Male,1,5,5,Casual labour in non-agriculture,Literate,Diploma/Certificate,Unemployed,Unemployed,0.0,12467.0,Other Backward Class,RESAMPLED_BASELINE
Erode,09,Rural,20,Male,1,5,4,Regular wage/salary earning,Literate,Secondary,Employed,Employed,17500.0,15000.0,Other Backward Class,RESAMPLED_BASELINE
Thiruvallur,01,Rural,62,Female,2,1,2,Casual labour in non-agriculture,Illiterate,Not literate,Not in labour force,Not in labour force,0.0,6403.0,Scheduled Caste,RESAMPLED_BASELINE
Salem,07,Rural,23,Female,1,5,8,Self-employed in non-agriculture,Literate,Middle,Employed,Employed,0.0,17738.0,Other Backward Class,RESAMPLED_BASELINE
Salem,07,Rural,27,Male,2,1,4,Regular wage/salary earning,Literate,Primary,Employed,Employed,18000.0,8800.0,Other Backward Class,RESAMPLED_BASELINE
Thoothukudi,26,Rural,17,Male,1,6,7,Casual labour in non-agriculture,Literate,Secondary,Not in labour force,Not in labour force,0.0,9945.0,Other Backward Class,RESAMPLED_BASELINE
Tenkasi,33,Rural,44,Male,2,1,4,Regular wage/salary earning,Literate,Secondary,Employed,Employed,12000.0,8700.0,Scheduled Caste,RESAMPLED_BASELINE
The Nilgiris,10,Rural,55,Female,3,1,5,Casual labour in agriculture,Illiterate,Not literate,Not in labour force,Not in labour force,0.0,16267.0,Other Backward Class,RESAMPLED_BASELINE
Krishnagiri,30,Rural,5,Female,1,5,4,Regular wage/salary earning,Literate,Below Primary,Not in labour force,Not in labour force,0.0,10692.0,Other Backward Class,RESAMPLED_BASELINE
Thiruvallur,01,Rural,32,Male,2,1,2,Self-employed in non-agriculture,Literate,Middle,Employed,Employed,0.0,11250.0,Other Backward Class,RESAMPLED_BASELINE
Tiruvannamalai,05,Rural,80,Male,2,1,2,Others,Literate,Below Primary,Not in labour force,Not in labour force,0.0,3480.0,Other Backward Class,RESAMPLED_BASELINE
Thiruvallur,01,Rural,35,Male,1,5,3,Casual labour in agriculture,Literate,Primary,Not in labour force,Not in labour force,0.0,14112.0,Scheduled Caste,RESAMPLED_BASELINE
Tenkasi,33,Rural,76,Female,2,2,5,Regular wage/salary earning,Literate,Secondary,Not in labour force,Not in labour force,0.0,15537.0,Other Backward Class,RESAMPLED_BASELINE
Dindigul,11,Rural,34,Female,2,2,4,Self-employed in agriculture,Illiterate,Not literate,Employed,Employed,0.0,16287.0,Scheduled Caste,RESAMPLED_BASELINE
Namakkal,08,Rural,50,Male,2,1,4,Regular wage/salary earning,Literate,Primary,Employed,Employed,14000.0,10667.0,Other Backward Class,RESAMPLED_BASELINE
Thiruvallur,01,Rural,27,Male,2,3,7,Self-employed in non-agriculture,Literate,Higher Secondary,Employed,Employed,0.0,26048.0,Other Backward Class,RESAMPLED_BASELINE
Sivaganga,21,Rural,18,Male,1,6,6,Others,Literate,Higher Secondary,Not in labour force,Not in labour force,0.0,19033.0,Other Backward Class,RESAMPLED_BASELINE
Coimbatore,31,Rural,37,Female,2,1,4,Casual labour in non-agriculture,Literate,Secondary,Employed,Employed,0.0,14559.0,Scheduled Caste,RESAMPLED_BASELINE
Coimbatore,31,Rural,47,Male,2,1,3,Self-employed in agriculture,Literate,Secondary,Employed,Employed,0.0,14683.0,Other Backward Class,RESAMPLED_BASELINE
Viluppuram,06,Rural,71,Female,3,1,1,Casual labour in non-agriculture,Illiterate,Not literate,Not in labour force,Not in labour force,0.0,3042.0,Other Backward Class,RESAMPLED_BASELINE
Unknown,37,Rural,53,Male,2,1,2,Self-employed in non-agriculture,Literate,Secondary,Employed,Employed,0.0,12425.0,Other Backward Class,RESAMPLED_BASELINE
Ranipet,35,Rural,35,Male,2,3,5,Regular wage/salary earning,Literate,Middle,Employed,Employed,5000.0,9347.0,Other Backward Class,RESAMPLED_BASELINE
Coimbatore,31,Rural,50,Female,2,2,4,Regular wage/salary earning,Illiterate,Not literate,Employed,Employed,0.0,16212.0,Other Backward Class,RESAMPLED_BASELINE
Thoothukudi,26,Rural,23,Female,2,1,2,Others,Literate,Higher Secondary,Not in labour force,Not in labour force,0.0,10943.0,Other Backward Class,RESAMPLED_BASELINE
Thiruvarur,18,Rural,28,Male,2,1,2,Others,Literate,Diploma/Certificate,Not in labour force,Not in labour force,0.0,9972.0,Other Backward Class,RESAMPLED_BASELINE
Sivaganga,21,Rural,38,Male,2,3,6,Casual labour in non-agriculture,Literate,Higher Secondary,Employed,Employed,0.0,9275.0,Other Backward Class,RESAMPLED_BASELINE
Thoothukudi,26,Rural,50,Male,2,1,2,Casual labour in agriculture,Illiterate,Not literate,Employed,Employed,0.0,8005.0,Other Backward Class,RESAMPLED_BASELINE
The Nilgiris,10,Rural,51,Female,2,2,2,Casual labour in agriculture,Literate,Primary,Employed,Employed,0.0,10625.0,Other Backward Class,RESAMPLED_BASELINE
Pudukkottai,20,Rural,34,Female,2,2,4,Self-employed in agriculture,Literate,Middle,Employed,Employed,0.0,7665.0,Other Backward Class,RESAMPLED_BASELINE
Ranipet,35,Rural,9,Male,1,5,4,Casual labour in non-agriculture,Literate,Below Primary,Not in labour force,Not in labour force,0.0,8961.0,Other Backward Class,RESAMPLED_BASELINE
Vellore,04,Rural,37,Male,1,5,5,Regular wage/salary earning,Literate,Middle,Employed,Employed,10500.0,10405.0,Scheduled Caste,RESAMPLED_BASELINE
Erode,09,Rural,34,Male,2,1,3,Casual labour in non-agriculture,Literate,Below Primary,Employed,Employed,0.0,11400.0,Other Backward Class,RESAMPLED_BASELINE
Cuddalore,16,Rural,30,Female,2,2,4,Self-employed in non-agriculture,Literate,Diploma/Certificate,Not in labour force,Not in labour force,0.0,10575.0,Scheduled Caste,RESAMPLED_BASELINE
Tiruvannamalai,05,Rural,25,Male,1,5,4,Regular wage/salary earning,Literate,Secondary,Employed,Employed,10000.0,8243.0,Scheduled Caste,RESAMPLED_BASELINE
Dharmapuri,29,Rural,53,Male,2,1,7,Regular wage/salary earning,Literate,Primary,Employed,Employed,0.0,16501.0,Other Backward Class,RESAMPLED_BASELINE
Madurai,22,Rural,56,Male,2,1,2,Casual labour in non-agriculture,Literate,Primary,Employed,Employed,0.0,5786.0,Scheduled Caste,RESAMPLED_BASELINE
Thoothukudi,26,Rural,28,Female,2,3,4,Casual labour in non-agriculture,Literate,Secondary,Not in labour force,Not in labour force,0.0,13210.0,Other Backward Class,RESAMPLED_BASELINE
Tirunelveli,27,Rural,27,Male,1,6,2,Regular wage/salary earning,Literate,Diploma/Certificate,Employed,Employed,18500.0,9283.0,Other Backward Class,RESAMPLED_BASELINE
Mayiladuthurai,38,Rural,86,Female,3,1,2,Self-employed in non-agriculture,Illiterate,Not literate,Not in labour force,Not in labour force,0.0,9550.0,Other Backward Class,RESAMPLED_BASELINE
Salem,07,Rural,14,Female,1,5,8,Self-employed in non-agriculture,Literate,Middle,Not in labour force,Not in labour force,0.0,18563.0,Other Backward Class,RESAMPLED_BASELINE
Virudhunagar,24,Rural,39,Male,2,1,4,Self-employed in non-agriculture,Literate,Middle,Employed,Employed,0.0,11800.0,Other Backward Class,RESAMPLED_BASELINE
Mayiladuthurai,38,Rural,37,Male,2,1,4,Casual labour in non-agriculture,Literate,Middle,Employed,Employed,0.0,13644.0,Other Backward Class,RESAMPLED_BASELINE
Erode,09,Rural,6,Male,1,5,4,Regular wage/salary earning,Literate,Below Primary,Not in labour force,Not in labour force,0.0,15755.0,Other Backward Class,RESAMPLED_BASELINE
The Nilgiris,10,Rural,34,Male,2,3,5,Casual labour in agriculture,Literate,Primary,Employed,Employed,0.0,16267.0,Other Backward Class,RESAMPLED_BASELINE
Theni,23,Rural,34,Male,3,1,3,Casual labour in non-agriculture,Literate,Middle,Employed,Employed,0.0,8303.0,Scheduled Caste,RESAMPLED_BASELINE
Dindigul,11,Rural,64,Female,4,1,4,Regular wage/salary earning,Literate,Below Primary,Employed,Employed,0.0,12698.0,Scheduled Caste,RESAMPLED_BASELINE
Salem,07,Rural,70,Female,3,7,4,Regular wage/salary earning,Illiterate,Not literate,Not in labour force,Not in labour force,0.0,14567.0,Other Backward Class,RESAMPLED_BASELINE
Virudhunagar,24,Rural,41,Male,2,1,4,Self-employed in non-agriculture,Literate,Middle,Employed,Employed,0.0,16083.0,Other Backward Class,RESAMPLED_BASELINE
Tiruvannamalai,05,Rural,6,Female,1,5,4,Casual labour in non-agriculture,Literate,Below Primary,Not in labour force,Not in labour force,0.0,9131.0,Scheduled Caste,RESAMPLED_BASELINE
Salem,07,Rural,45,Female,2,2,6,Regular wage/salary earning,Illiterate,Not literate,Not in labour force,Not in labour force,0.0,17333.0,Other Backward Class,RESAMPLED_BASELINE
Tiruchirappalli,13,Rural,16,Male,1,5,3,Regular wage/salary earning,Literate,Middle,Not in labour force,Not in labour force,0.0,9345.0,Other Backward Class,RESAMPLED_BASELINE
Krishnagiri,30,Rural,48,Female,2,2,4,Regular wage/salary earning,Literate,Primary,Not in labour force,Not in labour force,0.0,11086.0,Scheduled Caste,RESAMPLED_BASELINE
Erode,09,Rural,28,Female,2,2,3,Casual labour in non-agriculture,Literate,Primary,Not in labour force,Not in labour force,0.0,11400.0,Other Backward Class,RESAMPLED_BASELINE
Tenkasi,33,Rural,43,Female,2,4,5,Regular wage/salary earning,Literate,Secondary,Not in labour force,Not in labour force,0.0,15537.0,Other Backward Class,RESAMPLED_BASELINE
Madurai,22,Rural,55,Male,2,1,5,Regular wage/salary earning,Illiterate,Not literate,Employed,Employed,13000.0,16368.0,Other Backward Class,RESAMPLED_BASELINE
Ariyalur,15,Rural,67,Female,2,2,2,Self-employed in agriculture,Literate,Below Primary,Employed,Employed,0.0,6670.0,Other Backward Class,RESAMPLED_BASELINE
Krishnagiri,30,Rural,6,Female,1,5,4,Regular wage/salary earning,Literate,Below Primary,Not in labour force,Not in labour force,0.0,12271.0,Other Backward Class,RESAMPLED_BASELINE
Pudukkottai,20,Rural,70,Male,2,7,5,Regular wage/salary earning,Literate,Primary,Not in labour force,Not in labour force,0.0,8831.0,Other Backward Class,RESAMPLED_BASELINE
Tiruvannamalai,05,Rural,81,Male,2,7,6,Self-employed in non-agriculture,Literate,Below Primary,Not in labour force,Not in labour force,0.0,11622.0,Other Backward Class,RESAMPLED_BASELINE
Sivaganga,21,Rural,2,Male,1,6,4,Casual labour in non-agriculture,Illiterate,Not literate,Not in labour force,Not in labour force,0.0,10828.0,Scheduled Caste,RESAMPLED_BASELINE
Tiruvannamalai,05,Rural,31,Male,2,3,4,Casual labour in non-agriculture,Literate,Higher Secondary,Employed,Employed,0.0,8540.0,Other Backward Class,RESAMPLED_BASELINE
Tenkasi,33,Rural,43,Female,2,4,5,Regular wage/salary earning,Literate,Secondary,Not in labour force,Not in labour force,0.0,15537.0,Other Backward Class,RESAMPLED_BASELINE
Erode,09,Rural,62,Male,3,1,1,Self-employed in non-agriculture,Literate,Secondary,Employed,Employed,0.0,3505.0,Other Backward Class,RESAMPLED_BASELINE
Madurai,22,Rural,40,Female,2,2,5,Self-employed in agriculture,Literate,Diploma/Certificate,Employed,Employed,0.0,19830.0,Other Backward Class,RESAMPLED_BASELINE
Salem,07,Rural,60,Female,3,1,5,Self-employed in non-agriculture,Literate,Middle,Not in labour force,Not in labour force,0.0,11433.0,Other Backward Class,RESAMPLED_BASELINE
Karur,12,Rural,63,Male,3,1,3,Self-employed in agriculture,Literate,Higher Secondary,Employed,Employed,0.0,11850.0,Other Backward Class,RESAMPLED_BASELINE
Viluppuram,06,Rural,65,Female,2,2,3,Casual labour in agriculture,Illiterate,Not literate,Employed,Employed,0.0,10308.0,Other Backward Class,RESAMPLED_BASELINE
Karur,12,Rural,59,Male,2,1,5,Self-employed in non-agriculture,Literate,Middle,Employed,Employed,0.0,16512.0,Other Backward Class,RESAMPLED_BASELINE
Coimbatore,31,Rural,40,Male,2,2,4,Casual labour in non-agriculture,Literate,Higher Secondary,Employed,Employed,0.0,14559.0,Scheduled Caste,RESAMPLED_BASELINE
Namakkal,08,Rural,41,Male,2,1,3,Casual labour in agriculture,Literate,Higher Secondary,Employed,Employed,0.0,11142.0,Other Backward Class,RESAMPLED_BASELINE
Krishnagiri,30,Rural,34,Male,2,1,4,Self-employed in agriculture,Literate,Diploma/Certificate,Employed,Employed,0.0,9883.0,Other Backward Class,RESAMPLED_BASELINE
Pudukkottai,20,Rural,16,Female,1,5,5,Casual labour in non-agriculture,Literate,Secondary,Not in labour force,Not in labour force,0.0,7513.0,Scheduled Caste,RESAMPLED_BASELINE
Dindigul,11,Rural,38,Male,2,1,4,Self-employed in agriculture,Literate,Below Primary,Employed,Employed,0.0,16287.0,Scheduled Caste,RESAMPLED_BASELINE
Thiruvarur,18,Rural,59,Female,2,2,3,Casual labour in agriculture,Illiterate,Not literate,Not in labour force,Not in labour force,0.0,10405.0,Scheduled Caste,RESAMPLED_BASELINE
Tiruchirappalli,13,Rural,43,Male,1,1,3,Regular wage/salary earning,Literate,Diploma/Certificate,Employed,Employed,80000.0,17660.0,Other Backward Class,RESAMPLED_BASELINE
Tiruppur,32,Rural,33,Female,1,5,3,Regular wage/salary earning,Literate,Diploma/Certificate,Employed,Employed,13500.0,7693.0,Scheduled Caste,RESAMPLED_BASELINE
Pudukkottai,20,Rural,46,Male,2,1,1,Regular wage/salary earning,Literate,Secondary,Employed,Employed,15000.0,6907.0,Other Backward Class,RESAMPLED_BASELINE
Tenkasi,33,Rural,33,Female,2,2,4,Self-employed in agriculture,Literate,Middle,Not in labour force,Not in labour force,0.0,7620.0,Scheduled Caste,RESAMPLED_BASELINE
Kallakurichi,34,Rural,36,Female,2,2,3,Self-employed in agriculture,Illiterate,Not literate,Employed,Employed,0.0,11087.0,Other Backward Class,RESAMPLED_BASELINE
Ramanathapuram,25,Rural,11,Male,1,5,5,Self-employed in non-agriculture,Literate,Primary,Not in labour force,Not in labour force,0.0,16268.0,Other Backward Class,RESAMPLED_BASELINE
Krishnagiri,30,Rural,53,Male,2,1,3,Regular wage/salary earning,Illiterate,Not literate,Employed,Employed,0.0,7469.0,Other Backward Class,RESAMPLED_BASELINE
Madurai,22,Rural,42,Female,2,2,4,Regular wage/salary earning,Literate,Primary,Employed,Employed,0.0,12303.0,Other Backward Class,RESAMPLED_BASELINE
Thanjavur,19,Rural,26,Male,2,3,6,Casual labour in non-agriculture,Literate,Primary,Employed,Employed,0.0,13997.0,Other Backward Class,RESAMPLED_BASELINE
Vellore,04,Rural,13,Male,1,8,6,Self-employed in non-agriculture,Literate,Middle,Not in labour force,Not in labour force,0.0,10861.0,Other Backward Class,RESAMPLED_BASELINE
Namakkal,08,Rural,7,Female,1,5,5,Regular wage/salary earning,Literate,Below Primary,Not in labour force,Not in labour force,0.0,12417.0,Other Backward Class,RESAMPLED_BASELINE
Vellore,04,Rural,34,Female,3,1,4,Regular wage/salary earning,Literate,Middle,Employed,Employed,5500.0,8486.0,Other Backward Class,RESAMPLED_BASELINE
Thiruvallur,01,Rural,32,Male,2,1,2,Self-employed in non-agriculture,Literate,Middle,Employed,Employed,0.0,11250.0,Other Backward Class,RESAMPLED_BASELINE
Kallakurichi,34,Rural,39,Female,2,2,4,Casual labour in non-agriculture,Literate,Higher Secondary,Employed,Employed,0.0,8903.0,Other Backward Class,RESAMPLED_BASELINE
Ramanathapuram,25,Rural,40,Female,2,2,5,Self-employed in non-agriculture,Literate,Secondary,Employed,Employed,0.0,16268.0,Other Backward Class,RESAMPLED_BASELINE
Pudukkottai,20,Rural,40,Male,2,4,3,Regular wage/salary earning,Literate,Middle,Employed,Employed,10500.0,6276.0,Scheduled Caste,RESAMPLED_BASELINE
Tenkasi,33,Rural,11,Male,1,5,5,Casual labour in non-agriculture,Literate,Primary,Not in labour force,Not in labour force,0.0,14448.0,Scheduled Caste,RESAMPLED_BASELINE
Salem,07,Rural,31,Female,2,2,4,Regular wage/salary earning,Literate,Diploma/Certificate,Employed,Employed,18000.0,13792.0,Scheduled Caste,RESAMPLED_BASELINE
Erode,09,Rural,24,Female,1,5,3,Regular wage/salary earning,Literate,Diploma/Certificate,Employed,Employed,9000.0,14085.0,Other Backward Class,RESAMPLED_BASELINE
Tenkasi,33,Rural,12,Male,1,5,4,Regular wage/salary earning,Literate,Primary,Not in labour force,Not in labour force,0.0,22075.0,Other Backward Class,RESAMPLED_BASELINE
Erode,09,Rural,26,Female,2,2,3,Casual labour in non-agriculture,Literate,Diploma/Certificate,Employed,Employed,0.0,14568.0,Other Backward Class,RESAMPLED_BASELINE
Kallakurichi,34,Rural,21,Female,1,5,3,Regular wage/salary earning,Literate,Middle,Not in labour force,Not in labour force,0.0,4155.0,Scheduled Tribe,RESAMPLED_BASELINE
Tiruchirappalli,13,Rural,44,Female,1,8,2,Self-employed in non-agriculture,Literate,Middle,Not in labour force,Not in labour force,0.0,10230.0,Other Backward Class,RESAMPLED_BASELINE
Thiruvallur,01,Rural,42,Female,2,1,3,Others,Literate,Secondary,Not in labour force,Not in labour force,0.0,8900.0,Other Backward Class,RESAMPLED_BASELINE
Sivaganga,21,Rural,59,Female,2,2,2,Self-employed in non-agriculture,Illiterate,Not literate,Employed,Employed,0.0,5383.0,Other Backward Class,RESAMPLED_BASELINE
Erode,09,Rural,60,Male,2,1,4,Casual labour in agriculture,Illiterate,Not literate,Employed,Employed,0.0,14127.0,Scheduled Caste,RESAMPLED_BASELINE
Vellore,04,Rural,15,Male,1,5,4,Self-employed in agriculture,Literate,Secondary,Not in labour force,Not in labour force,0.0,9019.0,Other Backward Class,RESAMPLED_BASELINE
Cuddalore,16,Rural,52,Female,2,2,2,Casual labour in non-agriculture,Illiterate,Not literate,Employed,Employed,0.0,7625.0,Other Backward Class,RESAMPLED_BASELINE
Cuddalore,16,Rural,51,Female,3,7,4,Self-employed in non-agriculture,Literate,Below Primary,Employed,Employed,0.0,9158.0,Scheduled Caste,RESAMPLED_BASELINE
Viluppuram,06,Rural,43,Male,2,1,5,Regular wage/salary earning,Literate,Diploma/Certificate,Employed,Employed,32500.0,15417.0,Other Backward Class,RESAMPLED_BASELINE
Namakkal,08,Rural,24,Female,1,5,4,Regular wage/salary earning,Literate,Diploma/Certificate,Unemployed,Unemployed,0.0,10667.0,Other Backward Class,RESAMPLED_BASELINE
Unknown,37,Rural,18,Female,1,5,5,Self-employed in agriculture,Literate,Secondary,Not in labour force,Not in labour force,0.0,13783.0,Scheduled Caste,RESAMPLED_BASELINE
Virudhunagar,24,Rural,13,Female,1,5,4,Self-employed in agriculture,Literate,Middle,Not in labour force,Not in labour force,0.0,12663.0,Other Backward Class,RESAMPLED_BASELINE
Erode,09,Rural,34,Male,2,1,4,Self-employed in non-agriculture,Literate,Secondary,Employed,Employed,0.0,13100.0,Other Backward Class,RESAMPLED_BASELINE
Tiruvannamalai,05,Rural,45,Female,2,2,4,Self-employed in agriculture,Illiterate,Not literate,Employed,Employed,0.0,9868.0,Other Backward Class,RESAMPLED_BASELINE
Cuddalore,16,Rural,47,Male,2,1,5,Casual labour in agriculture,Literate,Middle,Not in labour force,Not in labour force,0.0,8392.0,Scheduled Caste,RESAMPLED_BASELINE
Salem,07,Rural,48,Male,2,1,6,Regular wage/salary earning,Illiterate,Not literate,Employed,Employed,18000.0,17333.0,Other Backward Class,RESAMPLED_BASELINE
Salem,07,Rural,29,Male,2,1,5,Regular wage/salary earning,Literate,Middle,Employed,Employed,12000.0,11871.0,Scheduled Caste,RESAMPLED_BASELINE
Thanjavur,19,Rural,50,Female,3,1,3,Regular wage/salary earning,Literate,Higher Secondary,Not in labour force,Not in labour force,0.0,16175.0,Scheduled Caste,RESAMPLED_BASELINE
Dindigul,11,Rural,10,Male,1,5,4,Self-employed in non-agriculture,Literate,Primary,Not in labour force,Not in labour force,0.0,15614.0,Scheduled Caste,RESAMPLED_BASELINE
Krishnagiri,30,Rural,1,Female,1,5,3,Regular wage/salary earning,Illiterate,Not literate,Not in labour force,Not in labour force,0.0,8650.0,Other Backward Class,RESAMPLED_BASELINE
Tiruvannamalai,05,Rural,75,Female,3,7,4,Self-employed in agriculture,Illiterate,Not literate,Not in labour force,Not in labour force,0.0,9491.0,Other Backward Class,RESAMPLED_BASELINE
Kallakurichi,34,Rural,44,Male,2,1,4,Self-employed in agriculture,Literate,Primary,Employed,Employed,0.0,8317.0,Scheduled Caste,RESAMPLED_BASELINE
Dharmapuri,29,Rural,24,Male,1,5,4,Regular wage/salary earning,Literate,Diploma/Certificate,Employed,Employed,19600.0,14797.0,Other Backward Class,RESAMPLED_BASELINE
Ramanathapuram,25,Rural,75,Female,2,2,2,Others,Illiterate,Not literate,Not in labour force,Not in labour force,0.0,8942.0,Other Backward Class,RESAMPLED_BASELINE
Tenkasi,33,Rural,10,Female,1,5,4,Regular wage/salary earning,Literate,Below Primary,Not in labour force,Not in labour force,0.0,22075.0,Other Backward Class,RESAMPLED_BASELINE
Salem,07,Rural,10,Male,1,5,4,Regular wage/salary earning,Literate,Below Primary,Not in labour force,Not in labour force,0.0,13500.0,Other Backward Class,RESAMPLED_BASELINE
Pudukkottai,20,Rural,13,Male,1,5,4,Regular wage/salary earning,Literate,Primary,Not in labour force,Not in labour force,0.0,12533.0,Other Backward Class,RESAMPLED_BASELINE
Erode,09,Rural,49,Male,2,1,5,Regular wage/salary earning,Literate,Diploma/Certificate,Employed,Employed,24600.0,15308.0,Scheduled Caste,RESAMPLED_BASELINE
Thoothukudi,26,Rural,59,Male,2,1,2,Regular wage/salary earning,Literate,Secondary,Employed,Employed,49500.0,12370.0,Other Backward Class,RESAMPLED_BASELINE
Krishnagiri,30,Rural,23,Male,1,5,4,Regular wage/salary earning,Literate,Diploma/Certificate,Employed,Employed,17400.0,11086.0,Scheduled Caste,RESAMPLED_BASELINE
Dindigul,11,Rural,8,Male,1,5,5,Casual labour in agriculture,Literate,Below Primary,Not in labour force,Not in labour force,0.0,10628.0,Scheduled Caste,RESAMPLED_BASELINE
Madurai,22,Rural,36,Male,2,1,5,Regular wage/salary earning,Literate,Middle,Employed,Employed,20000.0,14836.0,Scheduled Caste,RESAMPLED_BASELINE
Coimbatore,31,Rural,7,Male,1,5,4,Self-employed in non-agriculture,Literate,Below Primary,Not in labour force,Not in labour force,0.0,19664.0,Other Backward Class,RESAMPLED_BASELINE
Erode,09,Rural,36,Female,2,2,4,Regular wage/salary earning,Literate,Higher Secondary,Employed,Employed,0.0,15755.0,Other Backward Class,RESAMPLED_BASELINE
Unknown,37,Rural,19,Female,1,5,5,Self-employed in agriculture,Literate,Higher Secondary,Not in labour force,Not in labour force,0.0,12180.0,Other Backward Class,RESAMPLED_BASELINE
Theni,23,Rural,9,Female,1,5,5,Self-employed in non-agriculture,Literate,Below Primary,Not in labour force,Not in labour force,0.0,29983.0,Other Backward Class,RESAMPLED_BASELINE
Ramanathapuram,25,Rural,27,Female,2,2,4,Casual labour in non-agriculture,Literate,Middle,Not in labour force,Not in labour force,0.0,9375.0,Other Backward Class,RESAMPLED_BASELINE
Tiruppur,32,Rural,44,Female,2,2,3,Casual labour in non-agriculture,Literate,Below Primary,Employed,Employed,0.0,9347.0,Scheduled Caste,RESAMPLED_BASELINE
Krishnagiri,30,Rural,13,Female,1,5,5,Regular wage/salary earning,Literate,Middle,Not in labour force,Not in labour force,0.0,12239.0,Other Backward Class,RESAMPLED_BASELINE
Krishnagiri,30,Rural,20,Male,1,5,4,Casual labour in non-agriculture,Literate,Secondary,Employed,Employed,0.0,14542.0,Scheduled Caste,RESAMPLED_BASELINE
Erode,09,Rural,36,Female,1,5,3,Casual labour in agriculture,Literate,Primary,Not in labour force,Not in labour force,0.0,11300.0,Other Backward Class,RESAMPLED_BASELINE
Dharmapuri,29,Rural,24,Male,1,5,4,Regular wage/salary earning,Literate,Diploma/Certificate,Employed,Employed,19600.0,14797.0,Other Backward Class,RESAMPLED_BASELINE
Namakkal,08,Rural,50,Male,2,1,3,Self-employed in agriculture,Illiterate,Not literate,Employed,Employed,0.0,11575.0,Other Backward Class,RESAMPLED_BASELINE
Salem,07,Rural,40,Male,2,3,5,Self-employed in non-agriculture,Literate,Diploma/Certificate,Employed,Employed,0.0,11433.0,Other Backward Class,RESAMPLED_BASELINE
Sivaganga,21,Rural,34,Female,2,4,6,Casual labour in non-agriculture,Literate,Secondary,Employed,Employed,0.0,9275.0,Other Backward Class,RESAMPLED_BASELINE
Theni,23,Rural,14,Male,1,5,5,Casual labour in non-agriculture,Literate,Middle,Not in labour force,Not in labour force,0.0,10843.0,Other Backward Class,RESAMPLED_BASELINE
Cuddalore,16,Rural,23,Male,1,8,4,Self-employed in non-agriculture,Literate,Higher Secondary,Employed,Employed,0.0,9158.0,Scheduled Caste,RESAMPLED_BASELINE
Viluppuram,06,Rural,32,Male,1,5,3,Regular wage/salary earning,Literate,Diploma/Certificate,Employed,Employed,13000.0,9033.0,Scheduled Caste,RESAMPLED_BASELINE
Tiruchirappalli,13,Rural,9,Male,1,5,2,Self-employed in non-agriculture,Literate,Below Primary,Not in labour force,Not in labour force,0.0,10440.0,Other Backward Class,RESAMPLED_BASELINE
Perambalur,14,Rural,20,Female,2,4,8,Self-employed in non-agriculture,Literate,Diploma/Certificate,Not in labour force,Not in labour force,0.0,16833.0,Other Backward Class,RESAMPLED_BASELINE
Cuddalore,16,Rural,2,Male,1,5,4,Self-employed in non-agriculture,Illiterate,Not literate,Not in labour force,Not in labour force,0.0,10575.0,Scheduled Caste,RESAMPLED_BASELINE
Thiruvarur,18,Rural,14,Female,1,6,12,Regular wage/salary earning,Literate,Middle,Not in labour force,Not in labour force,0.0,58995.0,Scheduled Caste,RESAMPLED_BASELINE
Pudukkottai,20,Rural,18,Female,1,5,3,Casual labour in agriculture,Literate,Secondary,Not in labour force,Not in labour force,0.0,8432.0,Other Backward Class,RESAMPLED_BASELINE
Kancheepuram,03,Rural,38,Female,2,2,4,Regular wage/salary earning,Literate,Middle,Not in labour force,Not in labour force,0.0,30860.0,Scheduled Caste,RESAMPLED_BASELINE
Tiruchirappalli,13,Rural,26,Male,1,5,2,Regular wage/salary earning,Literate,Diploma/Certificate,Employed,Employed,15000.0,9722.0,Other Backward Class,RESAMPLED_BASELINE
Thiruvarur,18,Rural,62,Male,2,1,4,Self-employed in non-agriculture,Literate,Below Primary,Employed,Employed,0.0,11404.0,Other Backward Class,RESAMPLED_BASELINE
Coimbatore,31,Rural,46,Female,2,2,4,Regular wage/salary earning,Literate,Middle,Not in labour force,Not in labour force,0.0,14477.0,Other Backward Class,RESAMPLED_BASELINE
Cuddalore,16,Rural,43,Female,2,2,4,Casual labour in non-agriculture,Literate,Primary,Employed,Employed,0.0,10975.0,Scheduled Caste,RESAMPLED_BASELINE
Krishnagiri,30,Rural,33,Male,2,3,5,Regular wage/salary earning,Literate,Diploma/Certificate,Employed,Employed,24800.0,12369.0,Other Backward Class,RESAMPLED_BASELINE
Sivaganga,21,Rural,12,Male,1,5,7,Casual labour in non-agriculture,Literate,Primary,Not in labour force,Not in labour force,0.0,10013.0,Other Backward Class,RESAMPLED_BASELINE
Thiruvarur,18,Rural,62,Male,2,1,4,Self-employed in non-agriculture,Literate,Below Primary,Employed,Employed,0.0,11404.0,Other Backward Class,RESAMPLED_BASELINE
Cuddalore,16,Rural,41,Male,2,1,5,Self-employed in agriculture,Literate,Below Primary,Employed,Employed,0.0,13417.0,Other Backward Class,RESAMPLED_BASELINE
Tirupathur,36,Rural,22,Male,1,5,2,Regular wage/salary earning,Literate,Diploma/Certificate,Employed,Employed,11000.0,7478.0,Other Backward Class,RESAMPLED_BASELINE
Krishnagiri,30,Rural,45,Female,2,2,6,Regular wage/salary earning,Illiterate,Not literate,Employed,Employed,0.0,13530.0,Other Backward Class,RESAMPLED_BASELINE
Mayiladuthurai,38,Rural,44,Female,3,3,2,Regular wage/salary earning,Literate,Middle,Employed,Employed,10000.0,9000.0,Scheduled Caste,RESAMPLED_BASELINE
Mayiladuthurai,38,Rural,17,Female,1,5,4,Regular wage/salary earning,Literate,Higher Secondary,Not in labour force,Not in labour force,0.0,18837.0,Scheduled Caste,RESAMPLED_BASELINE
Cuddalore,16,Rural,16,Female,1,5,3,Self-employed in non-agriculture,Literate,Secondary,Not in labour force,Not in labour force,0.0,9242.0,Other Backward Class,RESAMPLED_BASELINE
Cuddalore,16,Rural,60,Male,2,1,5,Casual labour in non-agriculture,Literate,Middle,Employed,Employed,0.0,12467.0,Other Backward Class,RESAMPLED_BASELINE
Thiruvarur,18,Rural,20,Female,2,4,12,Regular wage/salary earning,Literate,Secondary,Not in labour force,Not in labour force,0.0,58995.0,Scheduled Caste,RESAMPLED_BASELINE
Thanjavur,19,Rural,3,Male,1,5,4,Casual labour in agriculture,Illiterate,Not literate,Not in labour force,Not in labour force,0.0,19238.0,Other Backward Class,RESAMPLED_BASELINE
Vellore,04,Rural,65,Female,3,7,4,Regular wage/salary earning,Literate,Middle,Employed,Employed,0.0,9409.0,Other Backward Class,RESAMPLED_BASELINE
Erode,09,Rural,6,Female,1,5,3,Regular wage/salary earning,Literate,Below Primary,Not in labour force,Not in labour force,0.0,16518.0,Other Backward Class,RESAMPLED_BASELINE
Unknown,37,Rural,18,Female,1,5,5,Self-employed in agriculture,Literate,Secondary,Not in labour force,Not in labour force,0.0,13783.0,Scheduled Caste,RESAMPLED_BASELINE
Thiruvarur,18,Rural,42,Male,2,1,5,Regular wage/salary earning,Literate,Higher Secondary,Employed,Employed,41275.0,29475.0,Other Backward Class,RESAMPLED_BASELINE
Dindigul,11,Rural,45,Male,2,1,4,Regular wage/salary earning,Literate,Secondary,Employed,Employed,9000.0,14292.0,Other Backward Class,RESAMPLED_BASELINE
Tenkasi,33,Rural,35,Male,2,3,8,Regular wage/salary earning,Literate,Diploma/Certificate,Employed,Employed,42580.0,29312.0,Other Backward Class,RESAMPLED_BASELINE
Ramanathapuram,25,Rural,40,Female,3,4,4,Casual labour in agriculture,Illiterate,Not literate,Employed,Employed,0.0,6608.0,Other Backward Class,RESAMPLED_BASELINE
Tiruvannamalai,05,Rural,32,Male,2,1,4,Self-employed in non-agriculture,Literate,Secondary,Employed,Employed,0.0,8766.0,Other Backward Class,RESAMPLED_BASELINE
Vellore,04,Rural,80,Female,3,1,3,Regular wage/salary earning,Illiterate,Not literate,Not in labour force,Not in labour force,0.0,9382.0,Other Backward Class,RESAMPLED_BASELINE
Kallakurichi,34,Rural,24,Male,2,1,3,Self-employed in non-agriculture,Literate,Primary,Employed,Employed,0.0,9725.0,Other Backward Class,RESAMPLED_BASELINE
Cuddalore,16,Rural,12,Male,1,5,5,Regular wage/salary earning,Literate,Primary,Not in labour force,Not in labour force,0.0,12700.0,Other Backward Class,RESAMPLED_BASELINE
Thoothukudi,26,Rural,5,Female,1,5,5,Casual labour in non-agriculture,Literate,Below Primary,Not in labour force,Not in labour force,0.0,10473.0,Scheduled Caste,RESAMPLED_BASELINE
Madurai,22,Rural,55,Male,2,1,5,Regular wage/salary earning,Illiterate,Not literate,Employed,Employed,13000.0,16368.0,Other Backward Class,RESAMPLED_BASELINE
Tenkasi,33,Rural,80,Female,3,1,1,Others,Illiterate,Not literate,Not in labour force,Not in labour force,0.0,2625.0,Scheduled Caste,RESAMPLED_BASELINE
Krishnagiri,30,Rural,53,Male,2,1,3,Regular wage/salary earning,Illiterate,Not literate,Employed,Employed,0.0,7469.0,Other Backward Class,RESAMPLED_BASELINE
Salem,07,Rural,4,Female,1,5,5,Regular wage/salary earning,Illiterate,Not literate,Not in labour force,Not in labour force,0.0,11871.0,Scheduled Caste,RESAMPLED_BASELINE
Salem,07,Rural,0,Male,1,6,6,Regular wage/salary earning,Illiterate,Not literate,Not in labour force,Not in labour force,0.0,17333.0,Other Backward Class,RESAMPLED_BASELINE
Ariyalur,15,Rural,45,Female,2,2,5,Self-employed in agriculture,Literate,Primary,Employed,Employed,0.0,15467.0,Other Backward Class,RESAMPLED_BASELINE
Cuddalore,16,Rural,37,Male,2,1,6,Self-employed in non-agriculture,Literate,Diploma/Certificate,Employed,Employed,0.0,9133.0,Scheduled Caste,RESAMPLED_BASELINE
Pudukkottai,20,Rural,27,Male,1,5,3,Regular wage/salary earning,Literate,Higher Secondary,Employed,Employed,13000.0,8078.0,Other Backward Class,RESAMPLED_BASELINE
Dindigul,11,Rural,34,Female,2,2,4,Self-employed in agriculture,Illiterate,Not literate,Employed,Employed,0.0,16287.0,Scheduled Caste,RESAMPLED_BASELINE
Coimbatore,31,Rural,55,Male,2,1,3,Regular wage/salary earning,Illiterate,Not literate,Employed,Employed,0.0,15043.0,Other Backward Class,RESAMPLED_BASELINE
Kallakurichi,34,Rural,61,Female,3,7,4,Casual labour in agriculture,Illiterate,Not literate,Not in labour force,Not in labour force,0.0,9383.0,Other Backward Class,RESAMPLED_BASELINE
Krishnagiri,30,Rural,50,Male,2,1,3,Casual labour in agriculture,Literate,Primary,Employed,Employed,0.0,5698.0,Other Backward Class,RESAMPLED_BASELINE
Cuddalore,16,Rural,12,Male,1,5,5,Regular wage/salary earning,Literate,Primary,Not in labour force,Not in labour force,0.0,12700.0,Other Backward Class,RESAMPLED_BASELINE
Tiruchirappalli,13,Rural,45,Male,2,1,6,Casual labour in non-agriculture,Literate,Primary,Employed,Employed,0.0,10342.0,Other Backward Class,RESAMPLED_BASELINE
Erode,09,Rural,49,Female,3,1,1,Regular wage/salary earning,Literate,Secondary,Employed,Employed,10500.0,8030.0,Other Backward Class,RESAMPLED_BASELINE
Dharmapuri,29,Rural,70,Male,2,1,2,Self-employed in agriculture,Literate,Primary,Employed,Employed,0.0,7194.0,Other Backward Class,RESAMPLED_BASELINE
Unknown,37,Rural,2,Male,1,6,6,Self-employed in non-agriculture,Illiterate,Not literate,Not in labour force,Not in labour force,0.0,7540.0,Other Backward Class,RESAMPLED_BASELINE
Viluppuram,06,Rural,53,Male,2,1,3,Casual labour in non-agriculture,Literate,Primary,Employed,Employed,0.0,10633.0,Other Backward Class,RESAMPLED_BASELINE
Sivaganga,21,Rural,32,Female,2,2,4,Regular wage/salary earning,Literate,Middle,Employed,Employed,0.0,17480.0,Other Backward Class,RESAMPLED_BASELINE
Tiruvannamalai,05,Rural,45,Female,2,2,3,Regular wage/salary earning,Literate,Below Primary,Employed,Employed,5000.0,6175.0,Scheduled Caste,RESAMPLED_BASELINE
Thiruvarur,18,Rural,3,Male,1,6,4,Self-employed in agriculture,Illiterate,Not literate,Not in labour force,Not in labour force,0.0,12029.0,Other Backward Class,RESAMPLED_BASELINE
Ramanathapuram,25,Rural,55,Male,2,1,5,Self-employed in agriculture,Literate,Below Primary,Employed,Employed,0.0,10421.0,Other Backward Class,RESAMPLED_BASELINE
Namakkal,08,Rural,4,Female,1,5,4,Regular wage/salary earning,Illiterate,Not literate,Not in labour force,Not in labour force,0.0,11546.0,Other Backward Class,RESAMPLED_BASELINE
Ariyalur,15,Rural,75,Male,2,1,2,Others,Illiterate,Not literate,Not in labour force,Not in labour force,0.0,3958.0,Other Backward Class,RESAMPLED_BASELINE
Ramanathapuram,25,Rural,78,Male,2,1,2,Others,Illiterate,Not literate,Not in labour force,Not in labour force,0.0,8942.0,Other Backward Class,RESAMPLED_BASELINE
Karur,12,Rural,18,Male,1,5,3,Casual labour in agriculture,Literate,Higher Secondary,Not in labour force,Not in labour force,0.0,10140.0,Other Backward Class,RESAMPLED_BASELINE
Coimbatore,31,Rural,37,Female,2,1,4,Casual labour in non-agriculture,Literate,Secondary,Employed,Employed,0.0,14559.0,Scheduled Caste,RESAMPLED_BASELINE
Namakkal,08,Rural,27,Female,2,2,5,Self-employed in non-agriculture,Literate,Middle,Not in labour force,Not in labour force,0.0,18167.0,Scheduled Caste,RESAMPLED_BASELINE
Sivaganga,21,Rural,13,Female,1,5,4,Casual labour in non-agriculture,Literate,Middle,Not in labour force,Not in labour force,0.0,7675.0,Scheduled Caste,RESAMPLED_BASELINE
Salem,07,Rural,28,Female,1,5,3,Others,Literate,Diploma/Certificate,Unemployed,Unemployed,0.0,16500.0,Other Backward Class,RESAMPLED_BASELINE
Cuddalore,16,Rural,56,Female,2,2,5,Casual labour in non-agriculture,Illiterate,Not literate,Employed,Employed,0.0,8992.0,Scheduled Caste,RESAMPLED_BASELINE
Ramanathapuram,25,Rural,39,Female,2,2,4,Regular wage/salary earning,Literate,Higher Secondary,Not in labour force,Not in labour force,0.0,16458.0,Scheduled Caste,RESAMPLED_BASELINE
Tirunelveli,27,Rural,65,Male,2,1,2,Casual labour in agriculture,Literate,Middle,Employed,Employed,0.0,9400.0,Other Backward Class,RESAMPLED_BASELINE
Pudukkottai,20,Rural,26,Male,1,5,5,Casual labour in non-agriculture,Literate,Higher Secondary,Employed,Employed,0.0,10325.0,Scheduled Caste,RESAMPLED_BASELINE
Coimbatore,31,Rural,19,Male,1,5,4,Casual labour in non-agriculture,Literate,Higher Secondary,Not in labour force,Not in labour force,0.0,14559.0,Scheduled Caste,RESAMPLED_BASELINE
Cuddalore,16,Rural,46,Male,2,1,4,Casual labour in non-agriculture,Literate,Middle,Employed,Employed,0.0,10975.0,Scheduled Caste,RESAMPLED_BASELINE
Cuddalore,16,Rural,0,Male,1,5,3,Casual labour in agriculture,Illiterate,Not literate,Not in labour force,Not in labour force,0.0,7100.0,Scheduled Caste,RESAMPLED_BASELINE
Namakkal,08,Rural,41,Male,2,1,5,Casual labour in non-agriculture,Illiterate,Not literate,Employed,Employed,0.0,13108.0,Other Backward Class,RESAMPLED_BASELINE
Namakkal,08,Rural,48,Female,2,4,5,Self-employed in non-agriculture,Illiterate,Not literate,Employed,Employed,0.0,10333.0,Other Backward Class,RESAMPLED_BASELINE
Ranipet,35,Rural,62,Female,2,2,3,Self-employed in agriculture,Literate,Below Primary,Employed,Employed,0.0,7768.0,Other Backward Class,RESAMPLED_BASELINE
Virudhunagar,24,Rural,29,Female,2,2,3,Self-employed in non-agriculture,Literate,Secondary,Not in labour force,Not in labour force,0.0,12772.0,Scheduled Caste,RESAMPLED_BASELINE
Tiruvannamalai,05,Rural,9,Female,1,5,4,Casual labour in non-agriculture,Literate,Below Primary,Not in labour force,Not in labour force,0.0,9131.0,Scheduled Caste,RESAMPLED_BASELINE
Dindigul,11,Rural,25,Male,2,3,8,Self-employed in agriculture,Literate,Diploma/Certificate,Employed,Employed,8000.0,25227.0,Other Backward Class,RESAMPLED_BASELINE
Namakkal,08,Rural,0,Male,1,6,5,Regular wage/salary earning,Illiterate,Not literate,Not in labour force,Not in labour force,0.0,14767.0,Other Backward Class,RESAMPLED_BASELINE
Kallakurichi,34,Rural,56,Female,2,2,2,Casual labour in agriculture,Illiterate,Not literate,Employed,Employed,0.0,8067.0,Scheduled Caste,RESAMPLED_BASELINE
Dindigul,11,Rural,50,Female,2,2,4,Casual labour in non-agriculture,Illiterate,Not literate,Not in labour force,Not in labour force,0.0,14679.0,Other Backward Class,RESAMPLED_BASELINE
Cuddalore,16,Rural,14,Male,1,5,5,Casual labour in agriculture,Literate,Middle,Not in labour force,Not in labour force,0.0,8392.0,Scheduled Caste,RESAMPLED_BASELINE
Unknown,37,Rural,85,Female,2,2,5,Self-employed in agriculture,Literate,Primary,Not in labour force,Not in labour force,0.0,13405.0,Other Backward Class,RESAMPLED_BASELINE
Cuddalore,16,Rural,14,Male,1,5,5,Self-employed in agriculture,Literate,Middle,Not in labour force,Not in labour force,0.0,12458.0,Other Backward Class,RESAMPLED_BASELINE
Mayiladuthurai,38,Rural,52,Male,2,1,3,Regular wage/salary earning,Literate,Middle,Employed,Employed,23400.0,13016.0,Other Backward Class,RESAMPLED_BASELINE
Tiruchirappalli,13,Rural,46,Female,1,8,3,Regular wage/salary earning,Literate,Diploma/Certificate,Employed,Employed,60000.0,17660.0,Other Backward Class,RESAMPLED_BASELINE
Pudukkottai,20,Rural,40,Male,2,1,6,Self-employed in agriculture,Literate,Middle,Employed,Employed,0.0,9368.0,Other Backward Class,RESAMPLED_BASELINE
Sivaganga,21,Rural,65,Male,4,7,4,Casual labour in non-agriculture,Illiterate,Not literate,Not in labour force,Not in labour force,0.0,10300.0,Scheduled Caste,RESAMPLED_BASELINE
Krishnagiri,30,Rural,42,Female,2,2,5,Regular wage/salary earning,Literate,Middle,Employed,Employed,18500.0,12239.0,Other Backward Class,RESAMPLED_BASELINE
Mayiladuthurai,38,Rural,56,Female,2,2,3,Others,Illiterate,Not literate,Not in labour force,Not in labour force,0.0,11426.0,Other Backward Class,RESAMPLED_BASELINE
Ranipet,35,Rural,9,Male,1,5,3,Regular wage/salary earning,Literate,Below Primary,Not in labour force,Not in labour force,0.0,4468.0,Other Backward Class,RESAMPLED_BASELINE
Ramanathapuram,25,Rural,13,Male,1,5,4,Self-employed in non-agriculture,Literate,Primary,Not in labour force,Not in labour force,0.0,9692.0,Other Backward Class,RESAMPLED_BASELINE
Tiruchirappalli,13,Rural,47,Female,2,1,1,Others,Literate,Primary,Not in labour force,Not in labour force,0.0,7795.0,Other Backward Class,RESAMPLED_BASELINE
Tirunelveli,27,Rural,39,Female,2,2,5,Regular wage/salary earning,Literate,Higher Secondary,Employed,Employed,28000.0,19433.0,Other Backward Class,RESAMPLED_BASELINE
Krishnagiri,30,Rural,42,Female,2,2,5,Regular wage/salary earning,Literate,Middle,Employed,Employed,18500.0,12239.0,Other Backward Class,RESAMPLED_BASELINE
Thiruvallur,01,Rural,18,Male,1,5,3,Others,Literate,Higher Secondary,Not in labour force,Not in labour force,0.0,8900.0,Other Backward Class,RESAMPLED_BASELINE
Tenkasi,33,Rural,65,Female,3,1,1,Others,Literate,Primary,Not in labour force,Not in labour force,0.0,2133.0,Scheduled Caste,RESAMPLED_BASELINE
Tiruppur,32,Rural,59,Male,2,1,5,Regular wage/salary earning,Literate,Below Primary,Not in labour force,Not in labour force,0.0,8942.0,Scheduled Caste,RESAMPLED_BASELINE
Tiruchirappalli,13,Rural,58,Male,1,1,2,Self-employed in non-agriculture,Literate,Diploma/Certificate,Employed,Employed,0.0,10230.0,Other Backward Class,RESAMPLED_BASELINE
Tenkasi,33,Rural,44,Female,2,1,3,Regular wage/salary earning,Illiterate,Not literate,Not in labour force,Not in labour force,0.0,12952.0,Scheduled Caste,RESAMPLED_BASELINE
Dharmapuri,29,Rural,58,Female,2,2,6,Self-employed in non-agriculture,Illiterate,Not literate,Employed,Employed,0.0,16809.0,Other Backward Class,RESAMPLED_BASELINE
Krishnagiri,30,Rural,69,Male,2,1,4,Self-employed in agriculture,Illiterate,Not literate,Employed,Employed,0.0,8472.0,Other Backward Class,RESAMPLED_BASELINE
Madurai,22,Rural,16,Male,1,5,4,Regular wage/salary earning,Literate,Higher Secondary,Not in labour force,Not in labour force,0.0,12024.0,Scheduled Caste,RESAMPLED_BASELINE
Ramanathapuram,25,Rural,6,Male,1,6,6,Self-employed in non-agriculture,Literate,Below Primary,Not in labour force,Not in labour force,0.0,16158.0,Other Backward Class,RESAMPLED_BASELINE
Cuddalore,16,Rural,75,Female,3,1,5,Self-employed in agriculture,Literate,Primary,Not in labour force,Not in labour force,0.0,12083.0,Other Backward Class,RESAMPLED_BASELINE
Coimbatore,31,Rural,21,Male,1,5,2,Casual labour in non-agriculture,Literate,Secondary,Employed,Employed,0.0,12177.0,Scheduled Caste,RESAMPLED_BASELINE
Dharmapuri,29,Rural,43,Female,2,2,4,Regular wage/salary earning,Literate,Primary,Employed,Employed,0.0,14797.0,Other Backward Class,RESAMPLED_BASELINE
Ariyalur,15,Rural,8,Male,1,5,3,Casual labour in non-agriculture,Literate,Below Primary,Not in labour force,Not in labour force,0.0,5950.0,Scheduled Caste,RESAMPLED_BASELINE
Tirunelveli,27,Rural,27,Male,1,5,5,Self-employed in non-agriculture,Literate,Middle,Employed,Employed,0.0,17175.0,Other Backward Class,RESAMPLED_BASELINE
Ariyalur,15,Rural,20,Female,1,5,5,Casual labour in agriculture,Literate,Diploma/Certificate,Not in labour force,Not in labour force,0.0,11733.0,Scheduled Caste,RESAMPLED_BASELINE
Thoothukudi,26,Rural,20,Male,1,5,3,Self-employed in agriculture,Literate,Secondary,Employed,Employed,0.0,12980.0,Scheduled Caste,RESAMPLED_BASELINE
Madurai,22,Rural,40,Female,2,2,5,Self-employed in agriculture,Literate,Diploma/Certificate,Employed,Employed,0.0,19830.0,Other Backward Class,RESAMPLED_BASELINE
Madurai,22,Rural,64,Male,2,1,2,Casual labour in agriculture,Illiterate,Not literate,Not in labour force,Not in labour force,0.0,4360.0,Scheduled Caste,RESAMPLED_BASELINE
Cuddalore,16,Rural,39,Female,2,2,4,Regular wage/salary earning,Literate,Middle,Not in labour force,Not in labour force,0.0,11417.0,Other Backward Class,RESAMPLED_BASELINE
Dindigul,11,Rural,6,Male,1,5,4,Self-employed in non-agriculture,Literate,Below Primary,Not in labour force,Not in labour force,0.0,19388.0,Others,RESAMPLED_BASELINE
Unknown,37,Rural,60,Female,3,1,1,Others,Illiterate,Not literate,Not in labour force,Not in labour force,0.0,3792.0,Scheduled Caste,RESAMPLED_BASELINE
Tiruppur,32,Rural,104,Female,3,7,4,Self-employed in agriculture,Illiterate,Not literate,Not in labour force,Not in labour force,0.0,11558.0,Other Backward Class,RESAMPLED_BASELINE
Thanjavur,19,Rural,50,Female,3,1,3,Regular wage/salary earning,Literate,Higher Secondary,Not in labour force,Not in labour force,0.0,16175.0,Scheduled Caste,RESAMPLED_BASELINE
Ranipet,35,Rural,9,Male,1,5,4,Casual labour in non-agriculture,Literate,Below Primary,Not in labour force,Not in labour force,0.0,8961.0,Other Backward Class,RESAMPLED_BASELINE
Krishnagiri,30,Rural,34,Female,2,4,4,Regular wage/salary earning,Literate,Higher Secondary,Employed,Employed,0.0,8708.0,Other Backward Class,RESAMPLED_BASELINE
Namakkal,08,Rural,54,Male,2,1,2,Regular wage/salary earning,Literate,Secondary,Employed,Employed,72000.0,12838.0,Other Backward Class,RESAMPLED_BASELINE
Tiruppur,32,Rural,25,Male,1,5,3,Casual labour in agriculture,Literate,Secondary,Employed,Employed,0.0,11873.0,Scheduled Caste,RESAMPLED_BASELINE
Pudukkottai,20,Rural,59,Male,2,1,4,Regular wage/salary earning,Literate,Primary,Employed,Employed,0.0,8481.0,Other Backward Class,RESAMPLED_BASELINE
The Nilgiris,10,Rural,40,Male,2,8,5,Self-employed in agriculture,Literate,Diploma/Certificate,Employed,Employed,0.0,13558.0,Scheduled Caste,RESAMPLED_BASELINE
Dharmapuri,29,Rural,13,Female,1,5,5,Self-employed in agriculture,Literate,Middle,Not in labour force,Not in labour force,0.0,13142.0,Other Backward Class,RESAMPLED_BASELINE
Cuddalore,16,Rural,19,Female,1,6,5,Self-employed in agriculture,Literate,Higher Secondary,Not in labour force,Not in labour force,0.0,12083.0,Other Backward Class,RESAMPLED_BASELINE
Kancheepuram,03,Rural,4,Female,1,6,8,Regular wage/salary earning,Illiterate,Not literate,Not in labour force,Not in labour force,0.0,35417.0,Scheduled Caste,RESAMPLED_BASELINE
Mayiladuthurai,38,Rural,11,Male,1,5,5,Self-employed in agriculture,Literate,Primary,Not in labour force,Not in labour force,0.0,25775.0,Other Backward Class,RESAMPLED_BASELINE
Krishnagiri,30,Rural,26,Male,1,5,4,Regular wage/salary earning,Literate,Secondary,Employed,Employed,0.0,11086.0,Scheduled Caste,RESAMPLED_BASELINE
Mayiladuthurai,38,Rural,48,Male,2,1,1,Regular wage/salary earning,Literate,Higher Secondary,Employed,Employed,42650.0,9722.0,Scheduled Caste,RESAMPLED_BASELINE
Kancheepuram,03,Rural,1,Male,1,6,5,Self-employed in non-agriculture,Illiterate,Not literate,Not in labour force,Not in labour force,0.0,39367.0,Scheduled Caste,RESAMPLED_BASELINE
Erode,09,Rural,28,Female,2,2,3,Casual labour in non-agriculture,Literate,Primary,Not in labour force,Not in labour force,0.0,11400.0,Other Backward Class,RESAMPLED_BASELINE
Salem,07,Rural,60,Male,2,1,4,Regular wage/salary earning,Illiterate,Not literate,Employed,Employed,0.0,11767.0,Scheduled Caste,RESAMPLED_BASELINE
Pudukkottai,20,Rural,64,Female,2,7,5,Regular wage/salary earning,Literate,Secondary,Not in labour force,Not in labour force,0.0,8831.0,Other Backward Class,RESAMPLED_BASELINE
Kallakurichi,34,Rural,25,Female,2,2,4,Self-employed in non-agriculture,Literate,Middle,Not in labour force,Not in labour force,0.0,8733.0,Other Backward Class,RESAMPLED_BASELINE
Tirunelveli,27,Rural,39,Female,2,2,3,Self-employed in agriculture,Literate,Primary,Not in labour force,Not in labour force,0.0,10325.0,Other Backward Class,RESAMPLED_BASELINE
Krishnagiri,30,Rural,61,Female,3,1,1,Casual labour in non-agriculture,Literate,Below Primary,Not in labour force,Not in labour force,0.0,3271.0,Other Backward Class,RESAMPLED_BASELINE
Pudukkottai,20,Rural,0,Male,1,6,5,Regular wage/salary earning,Illiterate,Not literate,Not in labour force,Not in labour force,0.0,12247.0,Scheduled Caste,RESAMPLED_BASELINE
Perambalur,14,Rural,7,Male,1,6,5,Self-employed in agriculture,Literate,Below Primary,Not in labour force,Not in labour force,0.0,11680.0,Other Backward Class,RESAMPLED_BASELINE
Namakkal,08,Rural,10,Female,1,5,6,Self-employed in non-agriculture,Literate,Primary,Not in labour force,Not in labour force,0.0,14988.0,Scheduled Caste,RESAMPLED_BASELINE
Krishnagiri,30,Rural,59,Female,3,7,7,Casual labour in non-agriculture,Illiterate,Not literate,Employed,Employed,0.0,14286.0,Other Backward Class,RESAMPLED_BASELINE
Namakkal,08,Rural,3,Female,1,5,4,Regular wage/salary earning,Illiterate,Not literate,Not in labour force,Not in labour force,0.0,7313.0,Other Backward Class,RESAMPLED_BASELINE
Vellore,04,Rural,57,Male,2,1,5,Regular wage/salary earning,Literate,Below Primary,Employed,Employed,0.0,10940.0,Other Backward Class,RESAMPLED_BASELINE
Ramanathapuram,25,Rural,16,Female,1,5,6,Self-employed in non-agriculture,Literate,Secondary,Not in labour force,Not in labour force,0.0,15753.0,Other Backward Class,RESAMPLED_BASELINE
Erode,09,Rural,12,Female,1,5,4,Casual labour in non-agriculture,Literate,Primary,Not in labour force,Not in labour force,0.0,11177.0,Other Backward Class,RESAMPLED_BASELINE
Tiruchirappalli,13,Rural,20,Male,1,5,3,Casual labour in agriculture,Literate,Higher Secondary,Not in labour force,Not in labour force,0.0,10640.0,Scheduled Caste,RESAMPLED_BASELINE
Salem,07,Rural,70,Female,3,1,1,Others,Illiterate,Not literate,Not in labour force,Not in labour force,0.0,3283.0,Other Backward Class,RESAMPLED_BASELINE
Pudukkottai,20,Rural,21,Male,1,5,5,Casual labour in non-agriculture,Literate,Diploma/Certificate,Employed,Employed,0.0,10325.0,Scheduled Caste,RESAMPLED_BASELINE
Namakkal,08,Rural,50,Male,2,1,4,Regular wage/salary earning,Literate,Primary,Employed,Employed,14000.0,10667.0,Other Backward Class,RESAMPLED_BASELINE
Madurai,22,Rural,31,Female,2,2,5,Regular wage/salary earning,Literate,Middle,Employed,Employed,0.0,14836.0,Scheduled Caste,RESAMPLED_BASELINE
Tirunelveli,27,Rural,44,Male,2,1,4,Casual labour in non-agriculture,Literate,Middle,Employed,Employed,0.0,10437.0,Other Backward Class,RESAMPLED_BASELINE
Ranipet,35,Rural,65,Female,2,2,6,Casual labour in non-agriculture,Illiterate,Not literate,Employed,Employed,0.0,8058.0,Other Backward Class,RESAMPLED_BASELINE
Theni,23,Rural,55,Female,2,2,2,Others,Literate,Primary,Not in labour force,Not in labour force,0.0,5162.0,Other Backward Class,RESAMPLED_BASELINE
Cuddalore,16,Rural,25,Female,1,5,5,Casual labour in non-agriculture,Literate,Higher Secondary,Not in labour force,Not in labour force,0.0,11033.0,Scheduled Caste,RESAMPLED_BASELINE
Krishnagiri,30,Rural,43,Female,2,2,3,Casual labour in non-agriculture,Literate,Primary,Employed,Employed,0.0,11579.0,Scheduled Caste,RESAMPLED_BASELINE
Perambalur,14,Rural,4,Female,1,5,4,Casual labour in non-agriculture,Illiterate,Not literate,Not in labour force,Not in labour force,0.0,15122.0,Other Backward Class,RESAMPLED_BASELINE
Thoothukudi,26,Rural,60,Female,2,2,2,Others,Literate,Primary,Not in labour force,Not in labour force,0.0,9242.0,Scheduled Caste,RESAMPLED_BASELINE
Theni,23,Rural,65,Male,2,1,2,Others,Literate,Below Primary,Not in labour force,Not in labour force,0.0,5162.0,Other Backward Class,RESAMPLED_BASELINE
Sivaganga,21,Rural,61,Female,2,7,7,Casual labour in non-agriculture,Illiterate,Not literate,Employed,Employed,0.0,10013.0,Other Backward Class,RESAMPLED_BASELINE
Mayiladuthurai,38,Rural,65,Male,2,1,3,Casual labour in non-agriculture,Literate,Primary,Employed,Employed,0.0,18110.0,Scheduled Caste,RESAMPLED_BASELINE
Thiruvarur,18,Rural,8,Male,1,5,5,Casual labour in non-agriculture,Literate,Below Primary,Not in labour force,Not in labour force,0.0,16955.0,Scheduled Caste,RESAMPLED_BASELINE
Krishnagiri,30,Rural,48,Male,2,1,3,Casual labour in non-agriculture,Literate,Below Primary,Employed,Employed,0.0,11579.0,Scheduled Caste,RESAMPLED_BASELINE
Unknown,37,Rural,9,Male,1,5,4,Self-employed in agriculture,Literate,Below Primary,Not in labour force,Not in labour force,0.0,11042.0,Scheduled Caste,RESAMPLED_BASELINE
Tiruchirappalli,13,Rural,46,Female,3,1,1,Self-employed in non-agriculture,Literate,Middle,Employed,Employed,0.0,5026.0,Other Backward Class,RESAMPLED_BASELINE
Cuddalore,16,Rural,9,Male,1,6,4,Casual labour in agriculture,Literate,Below Primary,Not in labour force,Not in labour force,0.0,9108.0,Other Backward Class,RESAMPLED_BASELINE
Viluppuram,06,Rural,55,Female,2,2,7,Casual labour in non-agriculture,Illiterate,Not literate,Employed,Employed,0.0,9800.0,Scheduled Caste,RESAMPLED_BASELINE
Cuddalore,16,Rural,68,Male,2,2,2,Casual labour in agriculture,Illiterate,Not literate,Not in labour force,Not in labour force,0.0,3483.0,Scheduled Caste,RESAMPLED_BASELINE
Theni,23,Rural,29,Male,2,3,6,Regular wage/salary earning,Literate,Diploma/Certificate,Employed,Employed,17000.0,15369.0,Scheduled Caste,RESAMPLED_BASELINE
Tiruchirappalli,13,Rural,16,Female,1,5,6,Casual labour in non-agriculture,Literate,Secondary,Not in labour force,Not in labour force,0.0,10342.0,Other Backward Class,RESAMPLED_BASELINE
Krishnagiri,30,Rural,59,Female,3,7,7,Casual labour in non-agriculture,Illiterate,Not literate,Employed,Employed,0.0,14286.0,Other Backward Class,RESAMPLED_BASELINE
Kancheepuram,03,Rural,8,Female,1,5,4,Regular wage/salary earning,Literate,Below Primary,Not in labour force,Not in labour force,0.0,30860.0,Scheduled Caste,RESAMPLED_BASELINE
Kallakurichi,34,Rural,50,Female,2,2,2,Self-employed in non-agriculture,Literate,Middle,Employed,Employed,0.0,7183.0,Other Backward Class,RESAMPLED_BASELINE
Viluppuram,06,Rural,31,Female,2,2,4,Casual labour in non-agriculture,Literate,Secondary,Not in labour force,Not in labour force,0.0,13547.0,Scheduled Caste,RESAMPLED_BASELINE
Kallakurichi,34,Rural,47,Female,2,2,2,Self-employed in agriculture,Illiterate,Not literate,Employed,Employed,0.0,7933.0,Other Backward Class,RESAMPLED_BASELINE
Dharmapuri,29,Rural,35,Female,2,1,4,Regular wage/salary earning,Literate,Secondary,Employed,Employed,7800.0,8974.0,Other Backward Class,RESAMPLED_BASELINE
Kallakurichi,34,Rural,63,Female,2,2,4,Casual labour in agriculture,Illiterate,Not literate,Not in labour force,Not in labour force,0.0,6258.0,Scheduled Tribe,RESAMPLED_BASELINE
Krishnagiri,30,Rural,29,Male,1,5,3,Self-employed in agriculture,Literate,Middle,Employed,Employed,0.0,7348.0,Other Backward Class,RESAMPLED_BASELINE
Tirupathur,36,Rural,32,Female,1,8,4,Regular wage/salary earning,Literate,Primary,Employed,Employed,8000.0,8558.0,Scheduled Caste,RESAMPLED_BASELINE
Viluppuram,06,Rural,1,Female,1,5,6,Regular wage/salary earning,Illiterate,Not literate,Not in labour force,Not in labour force,0.0,16725.0,Scheduled Caste,RESAMPLED_BASELINE
Perambalur,14,Rural,18,Male,1,5,3,Self-employed in agriculture,Literate,Higher Secondary,Not in labour force,Not in labour force,0.0,11397.0,Other Backward Class,RESAMPLED_BASELINE
Kancheepuram,03,Rural,23,Female,2,4,5,Self-employed in non-agriculture,Literate,Higher Secondary,Not in labour force,Not in labour force,0.0,39367.0,Scheduled Caste,RESAMPLED_BASELINE
Sivaganga,21,Rural,71,Male,2,1,6,Self-employed in agriculture,Illiterate,Not literate,Not in labour force,Not in labour force,0.0,21180.0,Other Backward Class,RESAMPLED_BASELINE
Tiruppur,32,Rural,40,Female,3,3,4,Regular wage/salary earning,Literate,Below Primary,Employed,Employed,0.0,6758.0,Scheduled Caste,RESAMPLED_BASELINE
Karur,12,Rural,38,Female,2,2,4,Self-employed in non-agriculture,Literate,Diploma/Certificate,Not in labour force,Not in labour force,0.0,13425.0,Other Backward Class,RESAMPLED_BASELINE
Thoothukudi,26,Rural,11,Male,1,5,4,Casual labour in non-agriculture,Literate,Primary,Not in labour force,Not in labour force,0.0,10648.0,Other Backward Class,RESAMPLED_BASELINE
Tiruvannamalai,05,Rural,8,Female,1,5,5,Casual labour in agriculture,Literate,Below Primary,Not in labour force,Not in labour force,0.0,6755.0,Scheduled Caste,RESAMPLED_BASELINE
Kallakurichi,34,Rural,8,Female,1,5,4,Self-employed in agriculture,Literate,Below Primary,Not in labour force,Not in labour force,0.0,9517.0,Other Backward Class,RESAMPLED_BASELINE
Salem,07,Rural,13,Male,1,5,3,Casual labour in agriculture,Literate,Primary,Not in labour force,Not in labour force,0.0,13183.0,Scheduled Caste,RESAMPLED_BASELINE
Thiruvallur,01,Rural,54,Female,2,2,2,Others,Illiterate,Not literate,Not in labour force,Not in labour force,0.0,5367.0,Other Backward Class,RESAMPLED_BASELINE
Madurai,22,Rural,32,Female,2,4,5,Casual labour in non-agriculture,Illiterate,Not literate,Employed,Employed,0.0,9971.0,Other Backward Class,RESAMPLED_BASELINE
Cuddalore,16,Rural,46,Female,2,2,4,Self-employed in non-agriculture,Literate,Middle,Not in labour force,Not in labour force,0.0,12925.0,Other Backward Class,RESAMPLED_BASELINE
Tirunelveli,27,Rural,75,Male,2,1,6,Regular wage/salary earning,Literate,Primary,Not in labour force,Not in labour force,0.0,10493.0,Scheduled Caste,RESAMPLED_BASELINE
Ariyalur,15,Rural,22,Female,2,4,4,Self-employed in non-agriculture,Literate,Diploma/Certificate,Not in labour force,Not in labour force,0.0,11471.0,Other Backward Class,RESAMPLED_BASELINE
Pudukkottai,20,Rural,6,Female,1,5,3,Regular wage/salary earning,Literate,Below Primary,Not in labour force,Not in labour force,0.0,7389.0,Scheduled Caste,RESAMPLED_BASELINE
Erode,09,Rural,6,Male,1,5,4,Regular wage/salary earning,Literate,Below Primary,Not in labour force,Not in labour force,0.0,15755.0,Other Backward Class,RESAMPLED_BASELINE
Thanjavur,19,Rural,44,Female,2,2,3,Self-employed in agriculture,Literate,Primary,Employed,Employed,0.0,31337.0,Other Backward Class,RESAMPLED_BASELINE
Salem,07,Rural,14,Male,1,5,4,Casual labour in non-agriculture,Literate,Middle,Not in labour force,Not in labour force,0.0,17833.0,Other Backward Class,RESAMPLED_BASELINE
Perambalur,14,Rural,56,Male,2,2,3,Self-employed in agriculture,Literate,Primary,Employed,Employed,0.0,11397.0,Other Backward Class,RESAMPLED_BASELINE
Kancheepuram,03,Rural,70,Female,2,2,2,Others,Illiterate,Not literate,Not in labour force,Not in labour force,0.0,6295.0,Scheduled Caste,RESAMPLED_BASELINE
Theni,23,Rural,4,Male,1,6,6,Regular wage/salary earning,Literate,Below Primary,Not in labour force,Not in labour force,0.0,15369.0,Scheduled Caste,RESAMPLED_BASELINE
Dharmapuri,29,Rural,11,Male,1,5,4,Casual labour in non-agriculture,Literate,Primary,Not in labour force,Not in labour force,0.0,10267.0,Other Backward Class,RESAMPLED_BASELINE
Mayiladuthurai,38,Rural,42,Male,2,1,3,Self-employed in non-agriculture,Literate,Middle,Employed,Employed,0.0,16372.0,Scheduled Caste,RESAMPLED_BASELINE
Perambalur,14,Rural,56,Male,2,2,3,Self-employed in agriculture,Literate,Primary,Employed,Employed,0.0,11397.0,Other Backward Class,RESAMPLED_BASELINE
Ramanathapuram,25,Rural,42,Female,3,1,2,Regular wage/salary earning,Literate,Middle,Employed,Employed,9000.0,7625.0,Other Backward Class,RESAMPLED_BASELINE
Thiruvallur,01,Rural,36,Male,2,3,6,Regular wage/salary earning,Literate,Diploma/Certificate,Employed,Employed,20000.0,20942.0,Other Backward Class,RESAMPLED_BASELINE
Coimbatore,31,Rural,42,Male,2,1,4,Regular wage/salary earning,Literate,Below Primary,Employed,Employed,0.0,21413.0,Other Backward Class,RESAMPLED_BASELINE
Dharmapuri,29,Rural,70,Male,2,1,2,Self-employed in agriculture,Literate,Primary,Employed,Employed,0.0,7194.0,Other Backward Class,RESAMPLED_BASELINE
Ramanathapuram,25,Rural,17,Female,1,5,3,Casual labour in non-agriculture,Literate,Higher Secondary,Not in labour force,Not in labour force,0.0,10250.0,Other Backward Class,RESAMPLED_BASELINE
Cuddalore,16,Rural,42,Female,2,4,5,Self-employed in agriculture,Literate,Middle,Not in labour force,Not in labour force,0.0,12083.0,Other Backward Class,RESAMPLED_BASELINE
Tiruvannamalai,05,Rural,70,Male,2,1,2,Self-employed in agriculture,Literate,Primary,Employed,Employed,0.0,6203.0,Other Backward Class,RESAMPLED_BASELINE
Salem,07,Rural,6,Male,1,5,6,Casual labour in non-agriculture,Literate,Below Primary,Not in labour force,Not in labour force,0.0,9942.0,Other Backward Class,RESAMPLED_BASELINE
Karur,12,Rural,42,Female,3,4,4,Regular wage/salary earning,Literate,Middle,Employed,Employed,0.0,11500.0,Other Backward Class,RESAMPLED_BASELINE
Cuddalore,16,Rural,12,Female,1,5,4,Casual labour in non-agriculture,Literate,Primary,Not in labour force,Not in labour force,0.0,10975.0,Scheduled Caste,RESAMPLED_BASELINE
Thiruvallur,01,Rural,60,Male,3,1,1,Others,Literate,Below Primary,Not in labour force,Not in labour force,0.0,5128.0,Other Backward Class,RESAMPLED_BASELINE
Sivaganga,21,Rural,7,Male,1,5,3,Casual labour in non-agriculture,Literate,Below Primary,Not in labour force,Not in labour force,0.0,10288.0,Scheduled Caste,RESAMPLED_BASELINE
Cuddalore,16,Rural,14,Male,1,5,4,Regular wage/salary earning,Literate,Middle,Not in labour force,Not in labour force,0.0,15083.0,Other Backward Class,RESAMPLED_BASELINE
Cuddalore,16,Rural,12,Male,1,5,5,Regular wage/salary earning,Literate,Primary,Not in labour force,Not in labour force,0.0,12700.0,Other Backward Class,RESAMPLED_BASELINE
Pudukkottai,20,Rural,39,Male,2,1,4,Self-employed in agriculture,Literate,Middle,Employed,Employed,0.0,7665.0,Other Backward Class,RESAMPLED_BASELINE
Theni,23,Rural,70,Female,2,2,2,Others,Illiterate,Not literate,Not in labour force,Not in labour force,0.0,8685.0,Other Backward Class,RESAMPLED_BASELINE
Dindigul,11,Rural,4,Male,1,5,5,Casual labour in agriculture,Illiterate,Not literate,Not in labour force,Not in labour force,0.0,10628.0,Scheduled Caste,RESAMPLED_BASELINE
Sivaganga,21,Rural,58,Female,3,7,5,Self-employed in agriculture,Illiterate,Not literate,Not in labour force,Not in labour force,0.0,7675.0,Other Backward Class,RESAMPLED_BASELINE
Tiruppur,32,Rural,58,Female,2,7,6,Casual labour in agriculture,Illiterate,Not literate,Not in labour force,Not in labour force,0.0,9727.0,Scheduled Caste,RESAMPLED_BASELINE
Ramanathapuram,25,Rural,35,Male,2,1,4,Self-employed in non-agriculture,Literate,Diploma/Certificate,Employed,Employed,0.0,9692.0,Other Backward Class,RESAMPLED_BASELINE
Erode,09,Rural,33,Male,2,2,4,Regular wage/salary earning,Literate,Diploma/Certificate,Employed,Employed,16500.0,13753.0,Scheduled Caste,RESAMPLED_BASELINE
Krishnagiri,30,Rural,27,Male,2,3,6,Regular wage/salary earning,Literate,Higher Secondary,Employed,Employed,13500.0,13530.0,Other Backward Class,RESAMPLED_BASELINE
Vellore,04,Rural,8,Female,1,5,3,Regular wage/salary earning,Literate,Below Primary,Not in labour force,Not in labour force,0.0,7494.0,Scheduled Caste,RESAMPLED_BASELINE
Virudhunagar,24,Rural,23,Female,2,4,5,Self-employed in agriculture,Literate,Diploma/Certificate,Not in labour force,Not in labour force,0.0,11317.0,Other Backward Class,RESAMPLED_BASELINE
Pudukkottai,20,Rural,48,Female,2,2,3,Regular wage/salary earning,Literate,Primary,Not in labour force,Not in labour force,0.0,8597.0,Scheduled Caste,RESAMPLED_BASELINE
Sivaganga,21,Rural,4,Male,1,5,5,Regular wage/salary earning,Illiterate,Not literate,Not in labour force,Not in labour force,0.0,15307.0,Other Backward Class,RESAMPLED_BASELINE
Thanjavur,19,Rural,18,Female,2,8,4,Self-employed in non-agriculture,Literate,Secondary,Not in labour force,Not in labour force,0.0,13742.0,Scheduled Caste,RESAMPLED_BASELINE
Tiruvannamalai,05,Rural,75,Male,2,1,3,Self-employed in non-agriculture,Illiterate,Not literate,Not in labour force,Not in labour force,0.0,3475.0,Other Backward Class,RESAMPLED_BASELINE
Ranipet,35,Rural,52,Male,4,3,2,Casual labour in non-agriculture,Literate,Below Primary,Not in labour force,Not in labour force,0.0,4135.0,Other Backward Class,RESAMPLED_BASELINE
Dharmapuri,29,Rural,24,Male,1,5,3,Regular wage/salary earning,Literate,Diploma/Certificate,Employed,Employed,25500.0,10508.0,Other Backward Class,RESAMPLED_BASELINE
Tiruvannamalai,05,Rural,5,Female,1,5,5,Casual labour in agriculture,Literate,Below Primary,Not in labour force,Not in labour force,0.0,6755.0,Scheduled Caste,RESAMPLED_BASELINE
Tiruchirappalli,13,Rural,13,Female,1,5,4,Casual labour in non-agriculture,Literate,Middle,Not in labour force,Not in labour force,0.0,11317.0,Scheduled Caste,RESAMPLED_BASELINE
Kallakurichi,34,Rural,38,Female,2,2,4,Casual labour in agriculture,Literate,Primary,Employed,Employed,0.0,9383.0,Other Backward Class,RESAMPLED_BASELINE
Erode,09,Rural,10,Male,1,5,4,Casual labour in non-agriculture,Literate,Primary,Not in labour force,Not in labour force,0.0,11177.0,Other Backward Class,RESAMPLED_BASELINE
Krishnagiri,30,Rural,69,Male,2,1,3,Self-employed in agriculture,Illiterate,Not literate,Employed,Employed,0.0,7348.0,Other Backward Class,RESAMPLED_BASELINE
Thanjavur,19,Rural,45,Female,3,8,4,Self-employed in agriculture,Literate,Secondary,Not in labour force,Not in labour force,0.0,10336.0,Other Backward Class,RESAMPLED_BASELINE
Tiruppur,32,Rural,49,Male,2,1,3,Casual labour in agriculture,Literate,Below Primary,Employed,Employed,0.0,11873.0,Scheduled Caste,RESAMPLED_BASELINE
Ranipet,35,Rural,39,Female,2,2,2,Regular wage/salary earning,Literate,Secondary,Employed,Employed,0.0,6623.0,Other Backward Class,RESAMPLED_BASELINE
Tirunelveli,27,Rural,12,Female,1,5,5,Regular wage/salary earning,Literate,Primary,Not in labour force,Not in labour force,0.0,19433.0,Other Backward Class,RESAMPLED_BASELINE
Vellore,04,Rural,16,Female,1,5,4,Regular wage/salary earning,Literate,Secondary,Not in labour force,Not in labour force,0.0,8486.0,Other Backward Class,RESAMPLED_BASELINE
Ariyalur,15,Rural,56,Male,2,1,4,Self-employed in non-agriculture,Literate,Middle,Employed,Employed,0.0,11471.0,Other Backward Class,RESAMPLED_BASELINE
Thanjavur,19,Rural,70,Female,3,7,5,Self-employed in non-agriculture,Illiterate,Not literate,Not in labour force,Not in labour force,0.0,15034.0,Other Backward Class,RESAMPLED_BASELINE
Coimbatore,31,Rural,17,Female,1,5,4,Casual labour in non-agriculture,Literate,Higher Secondary,Not in labour force,Not in labour force,0.0,14559.0,Scheduled Caste,RESAMPLED_BASELINE
Mayiladuthurai,38,Rural,40,Female,2,2,4,Self-employed in non-agriculture,Literate,Middle,Not in labour force,Not in labour force,0.0,12973.0,Other Backward Class,RESAMPLED_BASELINE
Thiruvarur,18,Rural,28,Female,2,4,9,Regular wage/salary earning,Literate,Diploma/Certificate,Not in labour force,Not in labour force,0.0,19645.0,Other Backward Class,RESAMPLED_BASELINE
Tiruvannamalai,05,Rural,61,Male,2,1,4,Self-employed in agriculture,Literate,Primary,Employed,Employed,0.0,7854.0,Other Backward Class,RESAMPLED_BASELINE
Tiruvannamalai,05,Rural,45,Female,2,2,3,Regular wage/salary earning,Literate,Below Primary,Employed,Employed,5000.0,6175.0,Scheduled Caste,RESAMPLED_BASELINE
Cuddalore,16,Rural,2,Female,1,5,4,Regular wage/salary earning,Illiterate,Not literate,Not in labour force,Not in labour force,0.0,9642.0,Other Backward Class,RESAMPLED_BASELINE
Coimbatore,31,Rural,20,Male,1,5,4,Regular wage/salary earning,Literate,Secondary,Employed,Employed,20000.0,21413.0,Other Backward Class,RESAMPLED_BASELINE
Mayiladuthurai,38,Rural,75,Female,3,7,4,Others,Literate,Primary,Not in labour force,Not in labour force,0.0,21002.0,Other Backward Class,RESAMPLED_BASELINE
Tiruvannamalai,05,Rural,47,Female,2,2,2,Regular wage/salary earning,Literate,Below Primary,Employed,Employed,0.0,4838.0,Scheduled Caste,RESAMPLED_BASELINE
Tirupathur,36,Rural,67,Female,2,2,6,Self-employed in non-agriculture,Illiterate,Not literate,Employed,Employed,0.0,11478.0,Other Backward Class,RESAMPLED_BASELINE
Dharmapuri,29,Rural,54,Male,2,1,5,Casual labour in non-agriculture,Literate,Primary,Employed,Employed,6800.0,12038.0,Other Backward Class,RESAMPLED_BASELINE
Virudhunagar,24,Rural,23,Male,1,5,4,Self-employed in non-agriculture,Literate,Secondary,Employed,Employed,0.0,10533.0,Other Backward Class,RESAMPLED_BASELINE
Dindigul,11,Rural,34,Female,2,2,4,Self-employed in agriculture,Illiterate,Not literate,Employed,Employed,0.0,16287.0,Scheduled Caste,RESAMPLED_BASELINE
Dindigul,11,Rural,1,Female,1,6,6,Regular wage/salary earning,Illiterate,Not literate,Not in labour force,Not in labour force,0.0,11609.0,Other Backward Class,RESAMPLED_BASELINE
Tiruchirappalli,13,Rural,46,Female,3,1,1,Self-employed in non-agriculture,Literate,Middle,Employed,Employed,0.0,5026.0,Other Backward Class,RESAMPLED_BASELINE
Kancheepuram,03,Rural,19,Female,1,5,4,Casual labour in non-agriculture,Literate,Higher Secondary,Not in labour force,Not in labour force,0.0,17083.0,Other Backward Class,RESAMPLED_BASELINE
Tenkasi,33,Rural,39,Female,2,1,4,Casual labour in agriculture,Literate,Middle,Not in labour force,Not in labour force,0.0,13280.0,Scheduled Caste,RESAMPLED_BASELINE
Kancheepuram,03,Rural,55,Male,2,1,4,Self-employed in non-agriculture,Illiterate,Not literate,Not in labour force,Not in labour force,0.0,13293.0,Other Backward Class,RESAMPLED_BASELINE
Ariyalur,15,Rural,25,Male,1,5,4,Self-employed in non-agriculture,Literate,Diploma/Certificate,Not in labour force,Not in labour force,0.0,11471.0,Other Backward Class,RESAMPLED_BASELINE
Tiruppur,32,Rural,25,Male,1,5,3,Casual labour in agriculture,Literate,Secondary,Employed,Employed,0.0,11873.0,Scheduled Caste,RESAMPLED_BASELINE
Karur,12,Rural,7,Female,1,5,4,Self-employed in non-agriculture,Literate,Below Primary,Not in labour force,Not in labour force,0.0,13425.0,Other Backward Class,RESAMPLED_BASELINE
Thiruvarur,18,Rural,58,Female,2,2,5,Regular wage/salary earning,Literate,Middle,Employed,Employed,0.0,14575.0,Other Backward Class,RESAMPLED_BASELINE
Mayiladuthurai,38,Rural,48,Female,2,2,3,Self-employed in non-agriculture,Literate,Secondary,Employed,Employed,0.0,9781.0,Scheduled Caste,RESAMPLED_BASELINE
Namakkal,08,Rural,12,Female,1,5,6,Self-employed in non-agriculture,Literate,Primary,Not in labour force,Not in labour force,0.0,14988.0,Scheduled Caste,RESAMPLED_BASELINE
Cuddalore,16,Rural,40,Female,2,2,4,Regular wage/salary earning,Literate,Diploma/Certificate,Not in labour force,Not in labour force,0.0,11175.0,Other Backward Class,RESAMPLED_BASELINE
Ariyalur,15,Rural,25,Male,1,5,5,Casual labour in agriculture,Literate,Secondary,Employed,Employed,0.0,11733.0,Scheduled Caste,RESAMPLED_BASELINE
Unknown,37,Rural,25,Male,2,3,6,Self-employed in non-agriculture,Literate,Diploma/Certificate,Employed,Employed,0.0,7540.0,Other Backward Class,RESAMPLED_BASELINE
Tirupathur,36,Rural,36,Female,2,2,5,Self-employed in non-agriculture,Literate,Secondary,Employed,Employed,0.0,10778.0,Other Backward Class,RESAMPLED_BASELINE
Kallakurichi,34,Rural,28,Male,2,1,4,Self-employed in non-agriculture,Literate,Middle,Employed,Employed,0.0,8733.0,Other Backward Class,RESAMPLED_BASELINE
Tiruppur,32,Rural,45,Female,3,1,3,Regular wage/salary earning,Illiterate,Not literate,Employed,Employed,0.0,5533.0,Other Backward Class,RESAMPLED_BASELINE
Sivaganga,21,Rural,49,Male,2,1,1,Regular wage/salary earning,Literate,Middle,Employed,Employed,12000.0,7917.0,Scheduled Caste,RESAMPLED_BASELINE
Kancheepuram,03,Rural,45,Male,2,1,4,Regular wage/salary earning,Literate,Middle,Employed,Employed,15690.0,12578.0,Scheduled Caste,RESAMPLED_BASELINE
Viluppuram,06,Rural,45,Female,1,5,3,Casual labour in agriculture,Literate,Primary,Not in labour force,Not in labour force,0.0,10308.0,Other Backward Class,RESAMPLED_BASELINE
Ramanathapuram,25,Rural,54,Male,2,1,6,Self-employed in non-agriculture,Literate,Secondary,Employed,Employed,0.0,15753.0,Other Backward Class,RESAMPLED_BASELINE
Salem,07,Rural,44,Male,4,1,1,Self-employed in non-agriculture,Literate,Primary,Employed,Employed,0.0,2717.0,Scheduled Caste,RESAMPLED_BASELINE
Dindigul,11,Rural,38,Male,2,1,4,Self-employed in agriculture,Literate,Below Primary,Employed,Employed,0.0,16287.0,Scheduled Caste,RESAMPLED_BASELINE
Krishnagiri,30,Rural,41,Female,2,2,5,Casual labour in non-agriculture,Literate,Below Primary,Employed,Employed,0.0,7093.0,Other Backward Class,RESAMPLED_BASELINE
Thanjavur,19,Rural,68,Male,2,1,2,Self-employed in agriculture,Literate,Middle,Employed,Employed,0.0,7624.0,Other Backward Class,RESAMPLED_BASELINE
Salem,07,Rural,35,Female,3,1,3,Casual labour in non-agriculture,Illiterate,Not literate,Employed,Employed,0.0,8329.0,Other Backward Class,RESAMPLED_BASELINE
Cuddalore,16,Rural,2,Male,1,5,4,Self-employed in agriculture,Illiterate,Not literate,Not in labour force,Not in labour force,0.0,15142.0,Other Backward Class,RESAMPLED_BASELINE
Dindigul,11,Rural,65,Male,2,1,2,Self-employed in non-agriculture,Literate,Primary,Employed,Employed,0.0,4354.0,Scheduled Caste,RESAMPLED_BASELINE
Pudukkottai,20,Rural,29,Male,2,3,4,Regular wage/salary earning,Literate,Secondary,Employed,Employed,11500.0,8481.0,Other Backward Class,RESAMPLED_BASELINE
Kancheepuram,03,Rural,58,Male,2,1,5,Self-employed in non-agriculture,Literate,Primary,Employed,Employed,0.0,39367.0,Scheduled Caste,RESAMPLED_BASELINE
Krishnagiri,30,Rural,34,Male,2,3,6,Self-employed in agriculture,Literate,Diploma/Certificate,Employed,Employed,0.0,15943.0,Other Backward Class,RESAMPLED_BASELINE
Pudukkottai,20,Rural,55,Male,2,1,3,Casual labour in agriculture,Literate,Below Primary,Employed,Employed,0.0,8432.0,Other Backward Class,RESAMPLED_BASELINE
Sivaganga,21,Rural,61,Female,2,7,7,Casual labour in non-agriculture,Illiterate,Not literate,Employed,Employed,0.0,10013.0,Other Backward Class,RESAMPLED_BASELINE
Theni,23,Rural,12,Male,1,5,6,Regular wage/salary earning,Literate,Primary,Not in labour force,Not in labour force,0.0,14730.0,Other Backward Class,RESAMPLED_BASELINE
Erode,09,Rural,7,Male,1,5,4,Self-employed in non-agriculture,Literate,Below Primary,Not in labour force,Not in labour force,0.0,8353.0,Scheduled Caste,RESAMPLED_BASELINE
Dindigul,11,Rural,64,Male,2,1,3,Others,Illiterate,Not literate,Not in labour force,Not in labour force,0.0,5330.0,Scheduled Caste,RESAMPLED_BASELINE
Namakkal,08,Rural,16,Male,1,5,3,Casual labour in agriculture,Literate,Higher Secondary,Not in labour force,Not in labour force,0.0,11142.0,Other Backward Class,RESAMPLED_BASELINE
Thiruvarur,18,Rural,69,Female,2,7,4,Others,Literate,Below Primary,Not in labour force,Not in labour force,0.0,15038.0,Other Backward Class,RESAMPLED_BASELINE
Kallakurichi,34,Rural,77,Male,2,1,2,Casual labour in non-agriculture,Literate,Middle,Not in labour force,Not in labour force,0.0,5667.0,Other Backward Class,RESAMPLED_BASELINE
Vellore,04,Rural,37,Male,1,8,6,Self-employed in agriculture,Illiterate,Not literate,Not in labour force,Not in labour force,0.0,12988.0,Other Backward Class,RESAMPLED_BASELINE
Madurai,22,Rural,71,Female,2,1,1,Casual labour in agriculture,Illiterate,Not literate,Employed,Employed,0.0,4065.0,Other Backward Class,RESAMPLED_BASELINE
